"left";"tipo_tipologia";"count"
"15816";Residencial_Tipo_0_1002311;3
"13430";Residencial_Tipo_5_1021125;52
"15469";ED_Multifamiliar_Medio_9026505;1
"68745";Institucional_Tipo_3_5021143;2
"68673";Comercial_Intermedio_2_2021532;4
"66383";Institucional_Tipo_1_5014111;16
"15189";Comercial_Intermedio_2_2021532;62
"15469";Residencial_Tipo_4_1021134;1273
"66045";Institucional_Religioso_Tipo_2_6031132;1
"25001";Institucional_Tipo_6_5011111;13
"15299";Residencial_Tipo_5_menos_1011115;197
"15299";Institucional_Tipo_1_5014111;16
"66687";Comercial_Intermedio_1_2021132;41
"66318";Institucional_Tipo_4_5036144;1
"68573";Residencial_Tipo_4_menos_1024114;4
"15798";Residencial_Tipo_3_mas_1011133;137
"23570";Comercial_Intermedio_1_2021132;20
"25183";Residencial_Tipo_6_1031126;6
"23079";Comercial_Intermedio_2_2021532;109
"23570";Institucional_Tipo_5_Prefabricado_5015510;4
"70124";Industrial_Liviana_2_3001121;8
"66383";Institucional_Religioso_Tipo_2_6031132;1
"25001";Comercial_Intermedio_1_2021132;30
"23350";Institucional_Religioso_Tipo_1_6021131;10
"15325";Industrial_Mediana_1_3011132;7
"23079";Institucional_Religioso_Tipo_1_6021131;28
"15759";Comercial_Especializado_4_2036533;1
"25183";Institucional_Salud_3_7031173;2
"13836";Comercial_Especializado_4_2036533;3
"15835";Industrial_Mediana_1_3011132;17
"15761";Residencial_Tipo_2_1004122;318
"68101";Industrial_Pesada_1_3023132;1
"68673";Residencial_Tipo_4_1021134;4
"13836";Comercial_Intermedio_1_2021132;6
"25295";Conservacion_Residencial_Sencilla_Tipo_1_4014011;1
"68861";ED_Multifamiliar_VIS_Hasta_12_Pisos_9016194;12
"15761";Comercial_Intermedio_3_2026532;2
"23079";ED_Servicios_Tipo_1_9026547;8
"15293";Institucional_Religioso_Tipo_1_6021131;1
"66383";Residencial_Tipo_4_menos_1024114;22
"50313";Institucional_Tipo_1_5014111;13
"08832";Residencial_Tipo_2_1004122;1775
"66383";Comercial_Intermedio_1_2021132;13
"15798";Comercial_Especializado_1_2023123;13
"15299";Institucional_Salud_2_7021132;3
"13430";Industrial_Pesada_2_3033443;3
"25772";Institucional_Religioso_Tipo_2_6031132;1
"25183";Residencial_Tipo_3_menos_1004113;1824
"23350";Residencial_Tipo_3_mas_1011133;175
"15761";Residencial_Tipo_1_1014011;781
"68573";Industrial_Liviana_1_3002311;1
"25001";Residencial_Tipo_3_menos_1004113;1645
"15664";Comercial_Intermedio_3_2026532;1
"15842";Residencial_Tipo_1_1014011;1056
"23350";Institucional_Tipo_6_5011111;16
"25772";Institucional_Religioso_Tipo_1_6021131;6
"15761";Residencial_Tipo_3_menos_1004113;145
"25295";Comercial_Intermedio_1_2021132;22
"23350";Residencial_Tipo_4_1021134;48
"15761";Residencial_Tipo_5_menos_1011115;10
"15469";Comercial_Basico_2_2014111;1
"66687";Residencial_Tipo_3_mas_1011133;331
"08832";Comercial_Intermedio_1_2021132;12
"66045";Conservacion_Residencial_Tipo_3_Restaurada_4024023;1
"15759";Comercial_Especializado_1_2023123;1158
"68101";Residencial_Tipo_5_1021125;2
"25183";Comercial_Intermedio_1_2021132;43
"15816";Institucional_Tipo_6_5011111;3
"13836";Residencial_Tipo_5_mas_1031135;53
"68745";Institucional_Tipo_7_5021132;2
"23555";Institucional_Religioso_Tipo_1_6021131;53
"15325";Institucional_Tipo_6_5011111;5
"25295";Institucional_Tipo_2_5011122;12
"15835";ED_Servicios_Tipo_1_9026547;2
"15664";Residencial_Tipo_3_menos_1004113;375
"13430";Comercial_Especializado_2_2036543;76
"25295";ED_Multifamiliar_Vivienda_VIS_Serie_2_Pisos_9011122;629
"15764";Institucional_Tipo_1_5014111;3
"15325";Residencial_Tipo_3_mas_1011133;141
"08832";Comercial_Especializado_1_2023123;11
"15842";Residencial_Tipo_0_1002311;3
"68861";Residencial_Tipo_4_1021134;470
"25772";Residencial_Tipo_4_1021134;573
"66318";Institucional_Salud_2_7021132;5
"23079";Comercial_Intermedio_3_2026532;2
"15686";Comercial_Intermedio_1_2021132;9
"13836";Institucional_Tipo_6_5011111;157
"23570";Institucional_Tipo_6_5011111;9
"15842";Residencial_Tipo_4_menos_1024114;3
"23555";Industrial_Pesada_1_3023132;9
"50313";Residencial_Tipo_4_1021134;4274
"15861";Institucional_Tipo_2_5011122;31
"23570";Comercial_Intermedio_3_2026532;2
"15299";Residencial_Tipo_5_mas_1031135;3
"15469";ED_Multifamiliar_VIS_Hasta_12_Pisos_9016194;205
"23570";Residencial_Tipo_3_mas_1011133;119
"23555";Institucional_Salud_1_7011121;1
"66318";Residencial_Tipo_1_1014011;1533
"66318";Institucional_Tipo_5_Prefabricado_5015510;3
"66045";Comercial_Especializado_1_2023123;77
"15759";ED_Multifamiliar_VIS_Hasta_12_Pisos_9016194;6079
"15879";Residencial_Tipo_2_1004122;412
"68673";Institucional_Tipo_5_Prefabricado_5015510;2
"68101";Residencial_Tipo_1_1014011;1698
"15686";Industrial_Mediana_1_3011132;37
"15842";Comercial_Intermedio_3_2026532;2
"15293";Residencial_Tipo_5_menos_1011115;1
"15189";Industrial_Liviana_2_3001121;2
"13430";Institucional_Salud_1_7011121;9
"15469";Residencial_Tipo_0_1002311;15
"15325";Institucional_Religioso_Tipo_1_6021131;4
"15842";Institucional_Tipo_2_5011122;1
"23079";Institucional_Tipo_5_Prefabricado_5015510;2
"70124";Institucional_Tipo_5_Prefabricado_5015510;2
"15299";Industrial_Liviana_1_3002311;1
"68101";Residencial_Tipo_4_menos_1024114;4
"66687";Comercial_Intermedio_2_2021532;36
"68179";Institucional_Tipo_1_5014111;6
"68179";Residencial_Tipo_2_1004122;556
"23675";Comercial_Especializado_1_2023123;8
"25183";Institucional_Salud_2_7021132;1
"66045";Residencial_Tipo_0_1002311;6
"15835";Comercial_Intermedio_1_2021132;35
"66318";Residencial_Tipo_4_menos_1024114;15
"68861";Comercial_Intermedio_1_2021132;84
"68101";Comercial_Especializado_2_2036543;2
"15299";Institucional_Tipo_8_5036553;1
"15380";Industrial_Liviana_2_3001121;3
"13430";Industrial_Liviana_2_3001121;126
"23079";Residencial_Tipo_1_1014011;1395
"66318";Residencial_Tipo_2_1004122;881
"25295";Industrial_Mediana_1_3011132;234
"63401";Residencial_Tipo_5_1021125;51
"23350";Institucional_Tipo_3_5021143;5
"15759";Comercial_Especializado_2_2036543;979
"25295";ED_Multifamiliar_VIS_Hasta_12_Pisos_9016194;1340
"15861";Comercial_Intermedio_1_2021132;9
"25183";Institucional_Salud_1_7011121;1
"68673";Institucional_Tipo_1_5014111;9
"68573";Institucional_Tipo_3_5021143;1
"66045";Industrial_Liviana_2_3001121;90
"68573";Institucional_Tipo_1_5014111;16
"63401";Residencial_Tipo_6_1031126;2
"23350";Residencial_Tipo_4_menos_1024114;2
"15299";Comercial_Especializado_2_2036543;33
"68179";Residencial_Tipo_1_1014011;456
"15325";Residencial_Tipo_1_1014011;741
"15879";Comercial_Basico_2_2014111;1
"15842";Institucional_Salud_2_7021132;2
"15764";Residencial_Tipo_3_mas_1011133;75
"15189";Comercial_Intermedio_3_2026532;6
"25183";Residencial_Tipo_5_menos_1011115;185
"66687";Industrial_Mediana_1_3011132;50
"23570";Industrial_Liviana_2_3001121;45
"68179";Institucional_Salud_2_7021132;3
"15816";Residencial_Tipo_1_1014011;361
"66687";Comercial_Basico_2_2014111;2
"15804";Institucional_Tipo_2_5011122;12
"15686";Residencial_Tipo_4_menos_1024114;24
"13430";Comercial_Basico_2_2014111;3
"15804";Residencial_Tipo_3_mas_1011133;140
"15469";Residencial_Tipo_4_menos_1024114;144
"68673";Institucional_Tipo_2_5011122;9
"25001";Residencial_Tipo_4_1021134;475
"23675";Residencial_Tipo_3_menos_1004113;583
"23570";Residencial_Tipo_2_1004122;1927
"15861";Residencial_Tipo_5_menos_1011115;22
"15599";Institucional_Tipo_1_5014111;3
"15879";Residencial_Tipo_0_1002311;3
"66687";Residencial_Tipo_4_1021134;369
"15599";Institucional_Tipo_6_5011111;14
"68573";Comercial_Intermedio_1_2021132;20
"15599";Institucional_Tipo_7_5021132;2
"13430";Institucional_Salud_3_7031173;9
"15664";Residencial_Tipo_1_1014011;264
"25001";Institucional_Salud_1_7011121;1
"25001";Comercial_Intermedio_3_2026532;19
"15798";Residencial_Tipo_5_menos_1011115;6
"66318";Institucional_Tipo_1_5014111;11
"15798";Institucional_Religioso_Tipo_1_6021131;1
"50313";Institucional_Tipo_2_5011122;48
"68101";Institucional_Tipo_5_Prefabricado_5015510;12
"13430";ED_Multifamiliar_Vivienda_VIS_Serie_2_Pisos_9011122;21
"63401";Residencial_Tipo_0_1002311;8
"66045";ED_Servicios_Tipo_1_9026547;8
"23350";Comercial_Intermedio_1_2021132;2
"66383";Residencial_Tipo_3_menos_1004113;446
"25295";Institucional_Salud_3_7031173;1
"66383";Industrial_Liviana_2_3001121;13
"68861";ED_Multifamiliar_Vivienda_VIS_Serie_2_Pisos_9011122;1
"68861";Residencial_Tipo_0_1002311;1
"13430";ED_Servicios_Tipo_1_9026547;55
"25772";Institucional_Tipo_7_5021132;2
"15325";Comercial_Intermedio_2_2021532;32
"15759";Comercial_Intermedio_3_2026532;1266
"63401";Comercial_Intermedio_3_2026532;87
"50313";Industrial_Pesada_1_3023132;80
"15764";Institucional_Tipo_3_5021143;3
"25001";Institucional_Religioso_Tipo_2_6031132;3
"15664";Comercial_Intermedio_2_2021532;26
"15835";Residencial_Tipo_5_menos_1011115;14
"23675";Residencial_Tipo_0_1002311;216
"23570";Residencial_Tipo_5_menos_1011115;3
"15759";Industrial_Liviana_2_3001121;339
"15764";Residencial_Tipo_4_menos_1024114;6
"15861";Institucional_Tipo_3_5021143;5
"15861";Comercial_Especializado_1_2023123;36
"15879";Institucional_Religioso_Tipo_1_6021131;2
"70124";Residencial_Tipo_3_mas_1011133;13
"23675";Residencial_Tipo_2_1004122;2192
"15816";Residencial_Tipo_4_1021134;34
"66045";Institucional_Tipo_5_Prefabricado_5015510;2
"66687";Residencial_Tipo_5_menos_1011115;49
"13430";Institucional_Tipo_1_5014111;214
"66383";Institucional_Tipo_6_5011111;16
"68861";Residencial_Tipo_5_1021125;3
"25183";Institucional_Tipo_2_5011122;24
"15759";Residencial_Tipo_2_1004122;4003
"13430";Residencial_Tipo_2_1004122;12388
"25001";Residencial_Tipo_3_mas_1011133;835
"68861";Industrial_Pesada_2_3033443;1
"15469";Industrial_Liviana_1_3002311;3
"25295";Residencial_Tipo_5_mas_1031135;3
"68861";Residencial_Tipo_4_menos_1024114;76
"25183";Residencial_Tipo_5_1021125;60
"15816";Comercial_Intermedio_2_2021532;15
"25772";Comercial_Intermedio_1_2021132;15
"15798";Comercial_Intermedio_2_2021532;30
"23570";Comercial_Basico_2_2014111;2
"15835";Industrial_Pesada_1_3023132;5
"08832";Industrial_Pesada_1_3023132;3
"13836";Institucional_Tipo_3_5021143;61
"15293";Residencial_Tipo_3_mas_1011133;6
"68745";Institucional_Religioso_Tipo_1_6021131;4
"66318";Institucional_Tipo_7_5021132;3
"25772";Institucional_Salud_3_7031173;3
"15380";Institucional_Tipo_3_5021143;2
"15469";ED_Servicios_Tipo_1_9026547;5
"25001";Residencial_Tipo_0_1002311;11
"25183";Residencial_Tipo_3_mas_1011133;615
"66687";Institucional_Tipo_6_5011111;15
"66383";Residencial_Tipo_1_1014011;376
"15861";Residencial_Tipo_1_1014011;650
"25183";Residencial_Tipo_5_mas_1031135;48
"68573";Institucional_Salud_2_7021132;3
"15325";Residencial_Tipo_5_mas_1031135;1
"25183";Residencial_Tipo_1_1014011;667
"15469";Industrial_Pesada_1_3023132;10
"66383";Institucional_Salud_2_7021132;2
"15469";Institucional_Tipo_1_5014111;10
"68861";Institucional_Salud_2_7021132;4
"25295";Residencial_Tipo_5_menos_1011115;40
"25001";Comercial_Intermedio_2_2021532;90
"23079";Industrial_Liviana_2_3001121;54
"50313";ED_Multifamiliar_VIS_Hasta_12_Pisos_9016194;48
"23079";Institucional_Salud_2_7021132;7
"66318";Institucional_Salud_1_7011121;1
"68573";Residencial_Tipo_5_menos_1011115;1
"15299";Residencial_Tipo_2_1004122;1075
"25772";ED_Servicios_Tipo_1_9026547;10
"68861";Comercial_Intermedio_3_2026532;15
"68573";Industrial_Liviana_2_3001121;8
"25001";Comercial_Especializado_2_2036543;2
"66383";Residencial_Tipo_5_mas_1031135;82
"68101";Institucional_Tipo_2_5011122;42
"13836";Residencial_Tipo_4_menos_1024114;913
"15299";Comercial_Intermedio_2_2021532;186
"15293";Residencial_Tipo_3_menos_1004113;67
"15861";Residencial_Tipo_0_1002311;1
"15861";Institucional_Tipo_1_5014111;5
"25772";Institucional_Tipo_3_5021143;15
"15804";Residencial_Tipo_0_1002311;5
"23350";Comercial_Intermedio_2_2021532;139
"68861";Institucional_Tipo_7_5021132;7
"68745";Comercial_Especializado_1_2023123;6
"23570";Residencial_Tipo_1_1014011;2708
"23555";Residencial_Tipo_4_1021134;707
"15599";Comercial_Especializado_2_2036543;6
"66318";Institucional_Religioso_Tipo_1_6021131;5
"23555";Comercial_Intermedio_2_2021532;496
"15325";Comercial_Intermedio_1_2021132;13
"25295";Institucional_Tipo_6_5011111;20
"68861";Residencial_Tipo_1_1014011;1293
"63401";ED_Multifamiliar_VIS_Hasta_12_Pisos_9016194;351
"23079";Residencial_Tipo_5_1021125;3
"15469";Comercial_Intermedio_3_2026532;86
"25772";Residencial_Tipo_3_menos_1004113;1520
"25183";Comercial_Especializado_1_2023123;74
"25772";Residencial_Tipo_2_1004122;1179
"63401";ED_Multifamiliar_Vivienda_VIS_Serie_2_Pisos_9011122;3
"15325";Residencial_Tipo_3_menos_1004113;437
"15764";Industrial_Liviana_1_3002311;1
"25001";Institucional_Religioso_Tipo_1_6021131;9
"15759";Industrial_Mediana_1_3011132;954
"15798";Residencial_Tipo_2_1004122;735
"68101";Industrial_Liviana_1_3002311;1
"15293";Institucional_Tipo_6_5011111;1
"15816";Residencial_Tipo_2_1004122;573
"66318";Comercial_Especializado_2_2036543;2
"15798";Residencial_Tipo_0_1002311;1
"15686";Comercial_Especializado_2_2036543;1
"25295";Residencial_Tipo_4_1021134;696
"15189";Residencial_Tipo_3_menos_1004113;254
"23555";Institucional_Tipo_1_5014111;54
"68179";Residencial_Tipo_5_menos_1011115;1
"15599";Comercial_Intermedio_2_2021532;109
"15380";Institucional_Religioso_Tipo_1_6021131;2
"15599";Comercial_Especializado_1_2023123;49
"68179";Institucional_Tipo_2_5011122;10
"15816";Institucional_Tipo_2_5011122;11
"68745";Institucional_Tipo_6_5011111;9
"23675";Institucional_Tipo_6_5011111;7
"70124";Comercial_Especializado_1_2023123;2
"15664";Institucional_Salud_2_7021132;3
"15189";ED_Servicios_Tipo_1_9026547;1
"66318";Industrial_Liviana_2_3001121;40
"15759";Institucional_Tipo_2_5011122;74
"15469";ED_Multifamiliar_Vivienda_VIS_Serie_2_Pisos_9011122;179
"13430";Residencial_Tipo_5_menos_1011115;336
"15299";Comercial_Intermedio_1_2021132;30
"15469";Comercial_Intermedio_2_2021532;369
"15599";Residencial_Tipo_5_menos_1011115;18
"15293";Institucional_Tipo_1_5014111;8
"15599";Residencial_Tipo_4_menos_1024114;20
"15761";Institucional_Tipo_3_5021143;1
"15686";Institucional_Salud_2_7021132;1
"15764";Institucional_Salud_2_7021132;1
"15299";Comercial_Especializado_3_2033133;1
"68573";Residencial_Tipo_3_menos_1004113;384
"68573";Institucional_Tipo_2_5011122;12
"68573";Institucional_Salud_1_7011121;1
"70124";Residencial_Tipo_3_menos_1004113;95
"15835";Residencial_Tipo_3_mas_1011133;158
"08832";Institucional_Tipo_2_5011122;22
"15189";Residencial_Tipo_1_1014011;323
"15325";Conservacion_Residencial_Sencilla_Tipo_2_4024022;1
"15293";Residencial_Tipo_4_menos_1024114;3
"66383";Residencial_Tipo_2_1004122;426
"15664";Industrial_Mediana_1_3011132;9
"15759";ED_Multifamiliar_Medio_9026505;218
"15816";Institucional_Tipo_1_5014111;6
"66045";Residencial_Tipo_5_menos_1011115;8
"70124";Institucional_Tipo_6_5011111;4
"08832";Residencial_Tipo_5_1021125;36
"15686";Residencial_Tipo_3_mas_1011133;134
"15299";Industrial_Pesada_1_3023132;4
"15325";Residencial_Tipo_4_1021134;87
"68101";Institucional_Tipo_3_5021143;2
"15804";Institucional_Salud_2_7021132;1
"66687";Industrial_Pesada_1_3023132;3
"68101";Institucional_Tipo_1_5014111;24
"15759";Institucional_Tipo_4_5036144;2
"25295";Residencial_Tipo_1_1014011;91
"23675";Comercial_Intermedio_3_2026532;1
"15599";Comercial_Intermedio_1_2021132;31
"15759";Industrial_Pesada_1_3023132;128
"66687";Comercial_Intermedio_3_2026532;7
"25772";Industrial_Pesada_1_3023132;8
"15599";Comercial_Intermedio_3_2026532;50
"15764";Comercial_Especializado_1_2023123;25
"25772";Residencial_Tipo_5_menos_1011115;41
"15380";Residencial_Tipo_3_mas_1011133;65
"25295";Residencial_Tipo_3_mas_1011133;222
"25295";Comercial_Intermedio_3_2026532;99
"15764";Comercial_Intermedio_2_2021532;32
"15761";Industrial_Pesada_1_3023132;1
"15469";Comercial_Especializado_2_2036543;62
"15759";Institucional_Tipo_3_5021143;101
"15761";Residencial_Tipo_5_1021125;2
"63401";Residencial_Tipo_3_mas_1011133;311
"23555";Institucional_Religioso_Tipo_2_6031132;1
"63401";Institucional_Religioso_Tipo_1_6021131;9
"66383";Comercial_Especializado_2_2036543;2
"15804";Residencial_Tipo_4_1021134;76
"13836";Comercial_Especializado_2_2036543;46
"15804";Institucional_Religioso_Tipo_1_6021131;2
"15759";Residencial_Tipo_6_1031126;8
"66045";Residencial_Tipo_3_menos_1004113;874
"15804";Institucional_Tipo_1_5014111;13
"68673";Institucional_Religioso_Tipo_1_6021131;2
"25772";Residencial_Tipo_1_1014011;295
"66383";Industrial_Pesada_1_3023132;3
"66318";ED_Servicios_Tipo_1_9026547;4
"15804";Residencial_Tipo_3_menos_1004113;569
"66383";Residencial_Tipo_0_1002311;1
"23555";Residencial_Tipo_1_1014011;3529
"15835";Institucional_Tipo_2_5011122;13
"66045";Institucional_Salud_2_7021132;3
"25772";Institucional_Tipo_1_5014111;6
"15599";ED_Servicios_Tipo_1_9026547;4
"23555";ED_Servicios_Tipo_1_9026547;40
"25295";ED_Servicios_Tipo_1_9026547;5
"08832";Institucional_Tipo_7_5021132;4
"25001";Residencial_Tipo_4_menos_1024114;61
"23555";Institucional_Tipo_5_Prefabricado_5015510;1
"68745";Residencial_Tipo_4_1021134;109
"15816";Institucional_Tipo_3_5021143;2
"15599";Residencial_Tipo_5_1021125;324
"25295";Comercial_Basico_2_2014111;1
"23555";Residencial_Tipo_5_menos_1011115;43
"23675";Residencial_Tipo_5_menos_1011115;4
"15293";Institucional_Tipo_5_Prefabricado_5015510;4
"15761";Institucional_Tipo_6_5011111;4
"25001";Residencial_Tipo_5_1021125;21
"23350";Residencial_Tipo_2_1004122;1724
"25183";Comercial_Especializado_3_2033133;3
"15380";Institucional_Tipo_5_Prefabricado_5015510;6
"13836";Institucional_Salud_2_7021132;7
"15325";Institucional_Tipo_1_5014111;3
"68179";Residencial_Tipo_4_1021134;8
"25295";Comercial_Intermedio_2_2021532;61
"13836";Residencial_Tipo_5_menos_1011115;869
"15664";Residencial_Tipo_4_menos_1024114;7
"23079";Comercial_Especializado_1_2023123;27
"66687";Residencial_Tipo_0_1002311;27
"15816";Comercial_Especializado_1_2023123;6
"25183";Industrial_Mediana_1_3011132;65
"63401";Conservacion_Construccion_Tipo_4_Restaurada_4034024;1
"15325";Comercial_Intermedio_3_2026532;2
"15816";Residencial_Tipo_3_mas_1011133;76
"15189";Residencial_Tipo_5_menos_1011115;2
"15686";Institucional_Tipo_1_5014111;3
"15759";Institucional_Tipo_6_5011111;559
"25295";Institucional_Religioso_Tipo_1_6021131;5
"68101";Comercial_Especializado_1_2023123;19
"15325";Institucional_Tipo_3_5021143;3
"15879";Residencial_Tipo_1_1014011;774
"15469";Institucional_Tipo_5_Prefabricado_5015510;4
"23555";Industrial_Mediana_1_3011132;85
"63401";Institucional_Tipo_5_Prefabricado_5015510;2
"66383";Institucional_Tipo_3_5021143;3
"15686";Residencial_Tipo_5_mas_1031135;1
"13836";Industrial_Liviana_2_3001121;124
"15761";Comercial_Intermedio_1_2021132;15
"66318";Comercial_Intermedio_1_2021132;22
"23570";Industrial_Mediana_1_3011132;9
"23079";Institucional_Tipo_3_5021143;6
"13430";Residencial_Tipo_6_1031126;3
"15759";Residencial_Tipo_4_1021134;11647
"15299";Comercial_Especializado_1_2023123;94
"15299";Institucional_Salud_3_7031173;3
"68179";Institucional_Salud_1_7011121;3
"15764";Comercial_Intermedio_1_2021132;5
"68745";Residencial_Tipo_1_1014011;546
"23675";Residencial_Tipo_3_mas_1011133;153
"68745";Industrial_Liviana_2_3001121;10
"15759";Residencial_Tipo_3_mas_1011133;6370
"23079";Comercial_Especializado_2_2036543;1
"68179";Residencial_Tipo_3_mas_1011133;38
"66687";Comercial_Especializado_1_2023123;50
"15835";Institucional_Tipo_1_5014111;8
"66045";Institucional_Tipo_1_5014111;10
"68573";Comercial_Basico_2_2014111;3
"15599";Institucional_Religioso_Tipo_2_6031132;1
"15189";Institucional_Tipo_1_5014111;6
"15664";Institucional_Tipo_6_5011111;2
"15761";Institucional_Tipo_2_5011122;6
"15599";Institucional_Religioso_Tipo_1_6021131;5
"68179";Comercial_Especializado_1_2023123;1
"15761";Residencial_Tipo_0_1002311;3
"23570";Institucional_Salud_1_7011121;2
"15299";Institucional_Tipo_2_5011122;15
"15842";Residencial_Tipo_2_1004122;916
"66045";Residencial_Tipo_4_1021134;387
"68573";Residencial_Tipo_1_1014011;482
"68861";Institucional_Tipo_6_5011111;35
"15816";Comercial_Intermedio_1_2021132;5
"15835";Residencial_Tipo_1_1014011;1059
"68745";ED_Servicios_Tipo_1_9026547;8
"15325";Institucional_Salud_2_7021132;2
"68573";ED_Servicios_Tipo_1_9026547;8
"23675";Institucional_Tipo_7_5021132;1
"23350";Residencial_Tipo_3_menos_1004113;815
"25772";Residencial_Tipo_5_mas_1031135;1
"68745";Comercial_Intermedio_2_2021532;46
"66318";Institucional_Tipo_2_5011122;32
"15686";Institucional_Tipo_5_Prefabricado_5015510;3
"15759";Conservacion_Construccion_Tipo_5_Restaurada_Con_Reforzamiento_4031035;1
"63401";Residencial_Tipo_4_1021134;1355
"15798";Institucional_Salud_3_7031173;1
"15842";Comercial_Intermedio_2_2021532;19
"15764";Residencial_Tipo_5_menos_1011115;4
"15804";Residencial_Tipo_5_menos_1011115;10
"15804";Comercial_Especializado_1_2023123;11
"15798";Residencial_Tipo_5_mas_1031135;1
"15816";Residencial_Tipo_5_1021125;1
"66687";Residencial_Tipo_3_menos_1004113;834
"23570";ED_Servicios_Tipo_1_9026547;14
"25183";Institucional_Tipo_6_5011111;18
"15325";Residencial_Tipo_0_1002311;3
"23555";Institucional_Tipo_6_5011111;85
"13430";Institucional_Tipo_6_5011111;185
"15804";Comercial_Intermedio_2_2021532;91
"68573";Residencial_Tipo_0_1002311;18
"23675";Residencial_Tipo_1_1014011;3070
"25772";Comercial_Intermedio_2_2021532;65
"13836";Residencial_Tipo_3_mas_1011133;5061
"68745";Residencial_Tipo_5_menos_1011115;8
"23675";Institucional_Tipo_2_5011122;41
"23079";Residencial_Tipo_3_menos_1004113;686
"13430";Residencial_Tipo_4_1021134;1843
"25001";Industrial_Mediana_1_3011132;43
"08832";Residencial_Tipo_0_1002311;26
"66383";Comercial_Basico_2_2014111;1
"15299";Institucional_Tipo_5_Prefabricado_5015510;11
"13836";Institucional_Tipo_1_5014111;16
"15759";ED_Multifamiliar_Vivienda_VIS_Serie_2_Pisos_9011122;1755
"23675";Institucional_Tipo_1_5014111;81
"15189";Institucional_Tipo_2_5011122;5
"13430";Comercial_Especializado_3_2033133;5
"68745";Residencial_Tipo_0_1002311;10
"13836";Residencial_Tipo_4_1021134;7941
"25001";Comercial_Especializado_3_2033133;1
"66383";Comercial_Intermedio_3_2026532;8
"13836";Institucional_Salud_1_7011121;1
"15842";Institucional_Tipo_6_5011111;1
"15599";Residencial_Tipo_4_1021134;193
"15686";Residencial_Tipo_0_1002311;12
"15759";Institucional_Tipo_5_Prefabricado_5015510;1
"15599";Residencial_Tipo_0_1002311;2
"70124";ED_Servicios_Tipo_1_9026547;11
"50313";Comercial_Especializado_2_2036543;44
"25001";Institucional_Tipo_1_5014111;4
"15189";Comercial_Especializado_1_2023123;7
"68673";Residencial_Tipo_1_1014011;119
"68101";Institucional_Tipo_6_5011111;5
"68861";Institucional_Religioso_Tipo_2_6031132;1
"50313";Institucional_Salud_2_7021132;13
"15686";Comercial_Especializado_1_2023123;50
"13836";ED_Multifamiliar_VIS_Hasta_12_Pisos_9016194;136
"15299";Residencial_Tipo_1_1014011;808
"15686";Residencial_Tipo_3_menos_1004113;304
"15861";ED_Servicios_Tipo_1_9026547;3
"66045";Comercial_Basico_2_2014111;3
"23079";Residencial_Tipo_5_menos_1011115;5
"63401";Residencial_Tipo_3_menos_1004113;6661
"15804";Residencial_Tipo_2_1004122;1642
"66687";Comercial_Especializado_2_2036543;3
"25295";Institucional_Tipo_7_5021132;14
"25772";Institucional_Tipo_6_5011111;30
"15325";Residencial_Tipo_4_menos_1024114;10
"23079";Residencial_Tipo_0_1002311;40
"15804";ED_Servicios_Tipo_1_9026547;5
"66318";Institucional_Tipo_6_5011111;16
"25183";Comercial_Especializado_2_2036543;31
"15469";Institucional_Salud_2_7021132;5
"15469";Residencial_Tipo_1_1014011;925
"68573";Residencial_Tipo_2_1004122;535
"66383";Comercial_Especializado_3_2033133;1
"15299";Residencial_Tipo_3_mas_1011133;765
"66318";Comercial_Intermedio_3_2026532;43
"15380";Residencial_Tipo_5_1021125;1
"13836";Institucional_Tipo_5_Prefabricado_5015510;1
"63401";Institucional_Tipo_2_5011122;7
"66045";Institucional_Tipo_2_5011122;36
"15879";Residencial_Tipo_4_1021134;6
"15686";Residencial_Tipo_1_1014011;413
"50313";Comercial_Intermedio_3_2026532;220
"15469";Institucional_Salud_3_7031173;1
"15761";Comercial_Intermedio_2_2021532;14
"66687";Residencial_Tipo_2_1004122;1328
"63401";Comercial_Especializado_1_2023123;315
"15798";Industrial_Liviana_2_3001121;4
"15804";Institucional_Tipo_5_Prefabricado_5015510;8
"68745";Institucional_Salud_1_7011121;1
"68745";Residencial_Tipo_4_menos_1024114;21
"68573";Institucional_Tipo_6_5011111;7
"70124";Institucional_Tipo_2_5011122;3
"66687";Residencial_Tipo_5_mas_1031135;4
"15664";Residencial_Tipo_5_mas_1031135;1
"15804";Conservacion_Residencial_Sencilla_Tipo_1_4014011;2
"23555";Comercial_Especializado_1_2023123;256
"15759";Comercial_Basico_2_2014111;1
"50313";Industrial_Pesada_2_3033443;11
"66045";Comercial_Intermedio_3_2026532;11
"25183";Institucional_Tipo_7_5021132;7
"66687";Industrial_Liviana_1_3002311;4
"66045";Comercial_Intermedio_1_2021132;24
"13836";Institucional_Salud_3_7031173;5
"66318";Residencial_Tipo_5_menos_1011115;17
"15842";Institucional_Religioso_Tipo_1_6021131;1
"23570";Institucional_Religioso_Tipo_1_6021131;21
"13836";Comercial_Intermedio_2_2021532;549
"63401";Residencial_Tipo_5_menos_1011115;528
"15189";Institucional_Tipo_6_5011111;3
"66045";Industrial_Liviana_1_3002311;17
"15189";Residencial_Tipo_4_1021134;42
"25001";Institucional_Tipo_5_Prefabricado_5015510;2
"25295";Comercial_Especializado_2_2036543;37
"25295";Conservacion_Construccion_Tipo_4_Restaurada_4034024;1
"66687";Industrial_Liviana_2_3001121;154
"15469";Residencial_Tipo_5_menos_1011115;184
"15469";Institucional_Tipo_7_5021132;22
"50313";ED_Multifamiliar_VIP_5_Pisos_9016551;4
"50313";Residencial_Tipo_0_1002311;51
"25001";Residencial_Tipo_2_1004122;1315
"15761";Institucional_Tipo_1_5014111;5
"68861";Institucional_Tipo_2_5011122;40
"15325";Institucional_Tipo_5_Prefabricado_5015510;1
"66318";Residencial_Tipo_4_1021134;342
"15759";Residencial_Tipo_4_menos_1024114;1764
"15861";Industrial_Liviana_1_3002311;2
"15759";Residencial_Tipo_5_mas_1031135;91
"63401";Residencial_Tipo_2_1004122;776
"66045";Institucional_Tipo_7_5021132;5
"25772";Comercial_Intermedio_3_2026532;22
"23350";Comercial_Intermedio_3_2026532;3
"15325";ED_Servicios_Tipo_1_9026547;2
"15686";Residencial_Tipo_4_1021134;137
"15764";Residencial_Tipo_4_1021134;69
"13836";Comercial_Especializado_3_2033133;18
"13836";Residencial_Tipo_3_menos_1004113;8879
"66045";Residencial_Tipo_4_menos_1024114;28
"25183";Institucional_Tipo_8_5036553;1
"25001";Residencial_Tipo_5_menos_1011115;24
"15759";Institucional_Religioso_Tipo_1_6021131;42
"25295";Industrial_Pesada_2_3033443;3
"13836";Residencial_Tipo_5_1021125;646
"15764";Comercial_Intermedio_3_2026532;9
"15759";Institucional_Salud_2_7021132;19
"68179";Residencial_Tipo_0_1002311;1
"66383";Industrial_Mediana_1_3011132;11
"15759";Institucional_Tipo_7_5021132;466
"66045";Residencial_Tipo_2_1004122;1248
"15686";Institucional_Religioso_Tipo_2_6031132;1
"23079";Comercial_Intermedio_1_2021132;4
"15686";Institucional_Religioso_Tipo_1_6021131;6
"23675";Institucional_Salud_2_7021132;5
"66687";Institucional_Tipo_5_Prefabricado_5015510;3
"23570";Residencial_Tipo_0_1002311;128
"15299";Industrial_Liviana_2_3001121;21
"15816";Residencial_Tipo_3_menos_1004113;228
"68861";Industrial_Mediana_1_3011132;155
"08832";Institucional_Tipo_1_5014111;24
"25295";Institucional_Tipo_3_5021143;34
"63401";Institucional_Tipo_7_5021132;24
"66045";Residencial_Tipo_3_mas_1011133;56
"15764";Industrial_Mediana_1_3011132;10
"15861";Comercial_Especializado_2_2036543;4
"23555";Residencial_Tipo_2_1004122;4549
"15759";Institucional_Religioso_Tipo_2_6031132;12
"25001";Industrial_Liviana_2_3001121;21
"66383";Residencial_Tipo_4_1021134;337
"25772";Residencial_Tipo_3_mas_1011133;793
"25772";Industrial_Liviana_2_3001121;42
"15804";Industrial_Liviana_2_3001121;5
"15664";Institucional_Religioso_Tipo_1_6021131;2
"15380";Residencial_Tipo_4_menos_1024114;5
"15469";Industrial_Liviana_2_3001121;63
"15759";Institucional_Tipo_1_5014111;12
"66045";Comercial_Especializado_3_2033133;1
"13430";Institucional_Tipo_7_5021132;56
"15816";Residencial_Tipo_5_menos_1011115;4
"13430";Institucional_Tipo_2_5011122;155
"15879";Residencial_Tipo_3_mas_1011133;38
"08832";Industrial_Liviana_2_3001121;51
"15879";Institucional_Tipo_1_5014111;2
"66045";Institucional_Religioso_Tipo_1_6021131;4
"13430";Comercial_Especializado_1_2023123;324
"15664";Institucional_Salud_1_7011121;1
"13430";Residencial_Tipo_1_1014011;7272
"68101";Institucional_Salud_2_7021132;7
"50313";Residencial_Tipo_2_1004122;3081
"15469";Comercial_Intermedio_1_2021132;12
"63401";Institucional_Tipo_6_5011111;54
"25295";Industrial_Liviana_1_3002311;7
"15189";Residencial_Tipo_2_1004122;843
"15380";Residencial_Tipo_2_1004122;310
"68179";Institucional_Tipo_5_Prefabricado_5015510;5
"23555";Institucional_Tipo_3_5021143;15
"66687";Institucional_Salud_3_7031173;1
"08832";Institucional_Religioso_Tipo_1_6021131;9
"66318";Residencial_Tipo_0_1002311;27
"63401";Institucional_Tipo_3_5021143;11
"25295";Residencial_Tipo_4_menos_1024114;68
"68861";Comercial_Intermedio_2_2021532;168
"50313";Institucional_Tipo_3_5021143;36
"25183";Institucional_Tipo_5_Prefabricado_5015510;6
"15325";Industrial_Liviana_2_3001121;4
"23675";Comercial_Intermedio_2_2021532;71
"15299";Institucional_Salud_1_7011121;1
"15861";Residencial_Tipo_3_mas_1011133;518
"08832";Residencial_Tipo_5_mas_1031135;3
"15469";Institucional_Tipo_6_5011111;34
"15293";Residencial_Tipo_0_1002311;11
"15798";Residencial_Tipo_1_1014011;520
"13430";Comercial_Intermedio_2_2021532;667
"23675";ED_Servicios_Tipo_1_9026547;11
"08832";Institucional_Salud_2_7021132;8
"13836";Comercial_Intermedio_3_2026532;234
"15761";Residencial_Tipo_3_mas_1011133;42
"15879";Institucional_Tipo_2_5011122;4
"23555";Institucional_Tipo_2_5011122;62
"15759";Institucional_Salud_3_7031173;14
"15835";Residencial_Tipo_4_1021134;132
"66383";ED_Servicios_Tipo_1_9026547;1
"15759";Residencial_Tipo_5_1021125;291
"50313";Comercial_Intermedio_2_2021532;1106
"23675";Comercial_Basico_2_2014111;1
"15835";Residencial_Tipo_5_mas_1031135;1
"70124";Institucional_Salud_1_7011121;5
"25183";Institucional_Religioso_Tipo_1_6021131;8
"15759";ED_Servicios_Tipo_1_9026547;49
"66318";Residencial_Tipo_3_mas_1011133;93
"08832";ED_Servicios_Tipo_1_9026547;2
"63401";Comercial_Intermedio_1_2021132;34
"15664";Residencial_Tipo_0_1002311;8
"25183";Comercial_Intermedio_2_2021532;94
"68861";Institucional_Tipo_3_5021143;4
"15804";Institucional_Tipo_6_5011111;6
"15761";Residencial_Tipo_4_menos_1024114;10
"15599";Institucional_Tipo_2_5011122;21
"50313";Comercial_Intermedio_1_2021132;13
"13836";Institucional_Religioso_Tipo_2_6031132;1
"15469";Residencial_Tipo_3_menos_1004113;1626
"15835";Institucional_Tipo_3_5021143;7
"15686";Industrial_Liviana_1_3002311;4
"66318";Comercial_Basico_2_2014111;1
"68673";Industrial_Liviana_2_3001121;4
"15835";Residencial_Tipo_2_1004122;1249
"15686";Residencial_Tipo_5_menos_1011115;13
"15764";Institucional_Tipo_6_5011111;11
"15835";Comercial_Intermedio_2_2021532;91
"15293";Residencial_Tipo_2_1004122;208
"23350";Residencial_Tipo_0_1002311;18
"63401";Comercial_Especializado_3_2033133;2
"15804";Comercial_Intermedio_3_2026532;3
"63401";Industrial_Pesada_2_3033443;17
"08832";Institucional_Tipo_3_5021143;1
"13836";Comercial_Especializado_1_2023123;332
"15761";Comercial_Basico_2_2014111;1
"15835";Institucional_Tipo_6_5011111;7
"70124";Institucional_Salud_2_7021132;6
"68101";Comercial_Intermedio_1_2021132;27
"15842";Residencial_Tipo_3_menos_1004113;269
"15469";Institucional_Religioso_Tipo_2_6031132;3
"15798";Comercial_Intermedio_3_2026532;3
"15759";Comercial_Especializado_3_2033133;4
"15664";Residencial_Tipo_5_menos_1011115;4
"15664";Institucional_Tipo_3_5021143;4
"50313";Residencial_Tipo_4_menos_1024114;449
"15804";Industrial_Mediana_1_3011132;17
"15764";Residencial_Tipo_0_1002311;2
"15664";Comercial_Intermedio_1_2021132;2
"13430";Residencial_Tipo_3_mas_1011133;2251
"13836";Industrial_Pesada_2_3033443;54
"68745";Comercial_Especializado_3_2033133;1
"15761";Institucional_Religioso_Tipo_1_6021131;4
"68861";ED_Servicios_Tipo_1_9026547;22
"68673";ED_Servicios_Tipo_1_9026547;2
"70124";Residencial_Tipo_0_1002311;453
"15798";Institucional_Tipo_2_5011122;13
"66045";Institucional_Tipo_3_5021143;19
"50313";Institucional_Tipo_6_5011111;190
"15380";Institucional_Tipo_6_5011111;3
"15686";ED_Servicios_Tipo_1_9026547;3
"15816";Residencial_Tipo_4_menos_1024114;2
"15798";Industrial_Mediana_1_3011132;4
"25772";Industrial_Pesada_2_3033443;1
"13430";Residencial_Tipo_3_menos_1004113;6712
"68861";Comercial_Especializado_2_2036543;36
"63401";Institucional_Tipo_1_5014111;5
"25772";Institucional_Salud_2_7021132;2
"23079";Residencial_Tipo_4_menos_1024114;9
"68745";Comercial_Intermedio_3_2026532;8
"15189";Industrial_Mediana_1_3011132;1
"68101";Comercial_Especializado_3_2033133;1
"66687";Institucional_Salud_1_7011121;1
"15842";Residencial_Tipo_5_menos_1011115;2
"68673";Residencial_Tipo_3_mas_1011133;6
"66318";Industrial_Mediana_1_3011132;27
"25183";ED_Servicios_Tipo_1_9026547;5
"15325";Comercial_Especializado_2_2036543;2
"15469";Comercial_Especializado_1_2023123;174
"50313";Institucional_Salud_3_7031173;10
"15842";Residencial_Tipo_3_mas_1011133;89
"15189";Institucional_Tipo_3_5021143;1
"23570";Institucional_Tipo_2_5011122;50
"13430";ED_Multifamiliar_VIS_Hasta_12_Pisos_9016194;42
"15686";Industrial_Liviana_2_3001121;88
"63401";Comercial_Especializado_2_2036543;26
"68745";Institucional_Salud_2_7021132;2
"13430";Institucional_Tipo_3_5021143;49
"66318";Industrial_Liviana_1_3002311;5
"15764";Institucional_Religioso_Tipo_1_6021131;9
"25183";Industrial_Liviana_2_3001121;46
"15299";Industrial_Mediana_1_3011132;13
"50313";Residencial_Tipo_1_1014011;911
"15299";Residencial_Tipo_0_1002311;8
"63401";Industrial_Liviana_1_3002311;7
"13836";Residencial_Tipo_6_1031126;3
"23350";Institucional_Tipo_1_5014111;17
"15325";Comercial_Especializado_1_2023123;9
"15761";Industrial_Liviana_2_3001121;2
"68745";Residencial_Tipo_2_1004122;667
"66687";Residencial_Tipo_1_1014011;863
"68101";Comercial_Intermedio_3_2026532;2
"25183";Residencial_Tipo_4_menos_1024114;247
"25183";Institucional_Tipo_1_5014111;13
"68573";Comercial_Intermedio_2_2021532;72
"68745";Industrial_Mediana_1_3011132;5
"15189";Residencial_Tipo_4_menos_1024114;6
"25001";Residencial_Tipo_1_1014011;304
"66318";Institucional_Tipo_3_5021143;13
"66687";Institucional_Tipo_1_5014111;6
"63401";Comercial_Basico_2_2014111;1
"15325";Institucional_Tipo_2_5011122;18
"13836";Residencial_Tipo_0_1002311;88
"15804";Industrial_Pesada_1_3023132;2
"13430";Industrial_Mediana_1_3011132;183
"15599";Residencial_Tipo_1_1014011;828
"15686";Industrial_Pesada_1_3023132;5
"50313";Industrial_Liviana_1_3002311;1
"15325";Residencial_Tipo_2_1004122;826
"66045";Comercial_Especializado_2_2036543;1
"25295";Residencial_Tipo_5_1021125;20
"68861";Comercial_Especializado_3_2033133;1
"08832";Industrial_Liviana_1_3002311;1
"63401";Residencial_Tipo_4_menos_1024114;106
"13836";ED_Multifamiliar_Vivienda_VIS_Serie_2_Pisos_9011122;649
"15816";Institucional_Salud_2_7021132;1
"25772";Comercial_Especializado_2_2036543;3
"68179";Industrial_Liviana_2_3001121;8
"63401";Institucional_Salud_2_7021132;7
"15299";Residencial_Tipo_4_menos_1024114;165
"68179";Institucional_Tipo_6_5011111;4
"23675";Residencial_Tipo_4_menos_1024114;5
"13836";Residencial_Tipo_2_1004122;4940
"08832";Residencial_Tipo_5_menos_1011115;100
"15293";Comercial_Intermedio_2_2021532;1
"15842";Institucional_Tipo_5_Prefabricado_5015510;8
"68101";Institucional_Religioso_Tipo_1_6021131;17
"15599";Institucional_Salud_2_7021132;7
"15380";Residencial_Tipo_4_1021134;47
"68573";Industrial_Pesada_1_3023132;2
"23350";Institucional_Salud_2_7021132;4
"25001";Comercial_Especializado_1_2023123;31
"13430";Industrial_Pesada_1_3023132;34
"15816";Industrial_Mediana_1_3011132;3
"68573";Industrial_Mediana_1_3011132;10
"15299";Comercial_Intermedio_3_2026532;50
"15469";Residencial_Tipo_2_1004122;2258
"50313";Residencial_Tipo_3_mas_1011133;4471
"08832";Residencial_Tipo_3_mas_1011133;198
"15299";Institucional_Tipo_3_5021143;5
"15759";Residencial_Tipo_1_1014011;1904
"15299";ED_Servicios_Tipo_1_9026547;7
"25772";Residencial_Tipo_4_menos_1024114;90
"63401";Comercial_Intermedio_2_2021532;217
"25183";Comercial_Intermedio_3_2026532;70
"15798";Institucional_Tipo_5_Prefabricado_5015510;1
"15835";Industrial_Liviana_2_3001121;6
"66687";ED_Servicios_Tipo_1_9026547;9
"15879";Institucional_Tipo_5_Prefabricado_5015510;7
"66318";Comercial_Especializado_1_2023123;39
"15759";Conservacion_Residencial_Sencilla_Tipo_1_4014011;1
"68861";Residencial_Tipo_3_mas_1011133;903
"15469";Industrial_Mediana_1_3011132;129
"25295";Institucional_Tipo_4_5036144;2
"25295";Residencial_Tipo_3_menos_1004113;1706
"50313";Conservacion_Construccion_Tipo_4_Restaurada_4034024;1
"66383";Residencial_Tipo_5_1021125;6
"23350";ED_Servicios_Tipo_1_9026547;6
"15798";Residencial_Tipo_3_menos_1004113;518
"25772";Institucional_Tipo_2_5011122;25
"15664";Residencial_Tipo_4_1021134;91
"23570";Residencial_Tipo_3_menos_1004113;493
"68673";Institucional_Tipo_6_5011111;5
"23350";Industrial_Liviana_2_3001121;18
"68179";Comercial_Intermedio_2_2021532;18
"13430";Industrial_Liviana_1_3002311;2
"23350";Residencial_Tipo_1_1014011;741
"15835";Institucional_Tipo_5_Prefabricado_5015510;1
"66318";Industrial_Pesada_1_3023132;4
"15380";ED_Servicios_Tipo_1_9026547;2
"15835";Residencial_Tipo_5_1021125;4
"23350";Comercial_Especializado_1_2023123;41
"15798";ED_Servicios_Tipo_1_9026547;1
"68573";Residencial_Tipo_4_1021134;12
"63401";Industrial_Pesada_1_3023132;8
"25772";Industrial_Mediana_1_3011132;67
"15804";Residencial_Tipo_4_menos_1024114;4
"68861";Industrial_Pesada_1_3023132;1
"15380";Industrial_Mediana_1_3011132;3
"66318";Comercial_Intermedio_2_2021532;47
"15469";Institucional_Religioso_Tipo_1_6021131;8
"23675";Institucional_Religioso_Tipo_1_6021131;10
"66687";Institucional_Religioso_Tipo_1_6021131;4
"15861";Industrial_Pesada_1_3023132;8
"25295";Residencial_Tipo_2_1004122;376
"13836";Institucional_Religioso_Tipo_1_6021131;15
"15759";Comercial_Intermedio_1_2021132;254
"23675";Residencial_Tipo_4_1021134;57
"15861";Institucional_Salud_2_7021132;2
"15759";Residencial_Tipo_0_1002311;1
"50313";Institucional_Religioso_Tipo_1_6021131;27
"66383";Institucional_Religioso_Tipo_1_6021131;3
"68745";Residencial_Tipo_3_menos_1004113;296
"15835";Residencial_Tipo_0_1002311;2
"15761";Institucional_Salud_2_7021132;2
"23555";Industrial_Liviana_2_3001121;143
"15798";Comercial_Intermedio_1_2021132;6
"68101";Residencial_Tipo_3_mas_1011133;81
"25295";Industrial_Liviana_2_3001121;76
"15804";Residencial_Tipo_1_1014011;1075
"23079";Institucional_Tipo_1_5014111;83
"25001";Industrial_Pesada_1_3023132;2
"15599";Industrial_Liviana_2_3001121;9
"23555";Institucional_Salud_3_7031173;4
"15761";Institucional_Tipo_5_Prefabricado_5015510;5
"68861";Residencial_Tipo_3_menos_1004113;1400
"68861";Industrial_Liviana_2_3001121;105
"50313";Residencial_Tipo_3_menos_1004113;6306
"68101";Industrial_Mediana_1_3011132;21
"15189";Institucional_Religioso_Tipo_1_6021131;1
"23570";Institucional_Salud_2_7021132;9
"68861";Residencial_Tipo_2_1004122;1454
"15469";Residencial_Tipo_5_1021125;30
"15293";Institucional_Tipo_2_5011122;2
"15842";Comercial_Especializado_1_2023123;5
"15664";Residencial_Tipo_5_1021125;3
"50313";Residencial_Tipo_5_menos_1011115;230
"23675";Residencial_Tipo_5_1021125;1
"15879";ED_Servicios_Tipo_1_9026547;1
"50313";Residencial_Tipo_5_1021125;12
"15380";Institucional_Salud_2_7021132;1
"15842";Residencial_Tipo_4_1021134;38
"15764";Industrial_Pesada_2_3033443;1
"66383";Institucional_Tipo_2_5011122;6
"15686";Institucional_Tipo_6_5011111;6
"13836";Residencial_Tipo_1_1014011;1205
"15798";Institucional_Tipo_3_5021143;6
"13430";Comercial_Intermedio_1_2021132;41
"15764";Comercial_Basico_2_2014111;1
"15299";Residencial_Tipo_3_menos_1004113;1376
"15686";Institucional_Tipo_2_5011122;4
"15664";Institucional_Tipo_1_5014111;1
"15469";ED_Multifamiliar_VIP_5_Pisos_9016551;2
"15835";Comercial_Especializado_2_2036543;2
"15835";Comercial_Especializado_1_2023123;16
"15861";Institucional_Tipo_6_5011111;15
"15664";Comercial_Especializado_1_2023123;6
"68101";Residencial_Tipo_2_1004122;483
"68179";Institucional_Tipo_3_5021143;1
"15189";Residencial_Tipo_3_mas_1011133;121
"66687";Institucional_Tipo_2_5011122;31
"23555";Comercial_Especializado_2_2036543;2
"66045";Industrial_Pesada_1_3023132;3
"23555";Comercial_Intermedio_1_2021132;31
"25183";Institucional_Tipo_4_5036144;2
"15664";Residencial_Tipo_3_mas_1011133;98
"66318";Comercial_Especializado_3_2033133;1
"15380";Institucional_Tipo_2_5011122;5
"15686";Residencial_Tipo_5_1021125;1
"66045";Industrial_Mediana_1_3011132;13
"15293";Institucional_Salud_2_7021132;1
"15299";Institucional_Religioso_Tipo_1_6021131;5
"25001";Institucional_Salud_3_7031173;1
"25183";Industrial_Pesada_1_3023132;19
"68101";ED_Servicios_Tipo_1_9026547;2
"15759";Residencial_Tipo_5_menos_1011115;1471
"15325";Industrial_Pesada_2_3033443;1
"25183";Residencial_Tipo_6_mas_1031146;1
"13430";Residencial_Tipo_5_mas_1031135;10
"68573";Comercial_Especializado_1_2023123;8
"68179";Residencial_Tipo_3_menos_1004113;189
"15686";Residencial_Tipo_2_1004122;563
"15189";Residencial_Tipo_0_1002311;4
"13430";Institucional_Religioso_Tipo_1_6021131;82
"25295";Residencial_Tipo_0_1002311;11
"15861";Institucional_Tipo_5_Prefabricado_5015510;2
"68861";Institucional_Religioso_Tipo_1_6021131;4
"66687";Residencial_Tipo_4_menos_1024114;53
"66318";Residencial_Tipo_3_menos_1004113;893
"15842";Industrial_Liviana_2_3001121;1
"66687";Institucional_Salud_2_7021132;3
"15759";Industrial_Pesada_2_3033443;9
"15861";Residencial_Tipo_3_menos_1004113;1644
"23675";Industrial_Mediana_1_3011132;14
"66318";ED_Multifamiliar_Vivienda_VIS_Serie_2_Pisos_9011122;12
"15664";Institucional_Tipo_2_5011122;10
"23675";Institucional_Salud_1_7011121;1
"08832";Comercial_Especializado_2_2036543;12
"15879";Comercial_Intermedio_2_2021532;1
"50313";Institucional_Religioso_Tipo_2_6031132;13
"23079";Institucional_Tipo_2_5011122;36
"68101";Residencial_Tipo_4_1021134;51
"15189";Institucional_Tipo_5_Prefabricado_5015510;2
"68861";Institucional_Tipo_1_5014111;17
"15686";Comercial_Intermedio_2_2021532;74
"25183";Residencial_Tipo_4_1021134;743
"68573";Residencial_Tipo_3_mas_1011133;32
"15299";Institucional_Tipo_6_5011111;19
"68101";Institucional_Salud_1_7011121;2
"15861";Industrial_Mediana_1_3011132;38
"68745";Institucional_Tipo_5_Prefabricado_5015510;1
"13836";Institucional_Tipo_4_5036144;1
"50313";Comercial_Basico_2_2014111;1
"15759";ED_Multifamiliar_VIP_5_Pisos_9016551;53
"15599";Institucional_Salud_1_7011121;1
"15599";Residencial_Tipo_3_mas_1011133;280
"68861";Institucional_Tipo_5_Prefabricado_5015510;3
"70124";Comercial_Intermedio_2_2021532;36
"68673";Industrial_Pesada_1_3023132;1
"23675";Industrial_Liviana_2_3001121;14
"23555";Residencial_Tipo_0_1002311;40
"25001";ED_Servicios_Tipo_1_9026547;3
"68101";Comercial_Intermedio_2_2021532;69
"66045";Institucional_Tipo_6_5011111;16
"15469";Institucional_Salud_1_7011121;2
"15835";Institucional_Religioso_Tipo_1_6021131;7
"25183";Institucional_Tipo_3_5021143;6
"15804";Comercial_Basico_2_2014111;1
"08832";Comercial_Intermedio_2_2021532;65
"66318";Residencial_Tipo_5_mas_1031135;1
"70124";Residencial_Tipo_2_1004122;1334
"08832";Institucional_Tipo_6_5011111;5
"15764";Residencial_Tipo_3_menos_1004113;537
"15835";Comercial_Intermedio_3_2026532;13
"15798";Institucional_Tipo_1_5014111;3
"15299";Institucional_Tipo_7_5021132;9
"66045";Residencial_Tipo_1_1014011;1306
"23079";Residencial_Tipo_3_mas_1011133;163
"15861";Comercial_Intermedio_3_2026532;8
"68745";Institucional_Tipo_1_5014111;33
"66383";Residencial_Tipo_5_menos_1011115;375
"50313";Comercial_Especializado_3_2033133;7
"15599";Residencial_Tipo_3_menos_1004113;725
"08832";Comercial_Intermedio_3_2026532;3
"15764";Residencial_Tipo_5_1021125;1
"25772";Residencial_Tipo_5_1021125;11
"25772";Comercial_Especializado_1_2023123;47
"13430";Residencial_Tipo_0_1002311;277
"15469";Residencial_Tipo_3_mas_1011133;1074
"25001";Institucional_Salud_2_7021132;9
"15759";Comercial_Intermedio_2_2021532;3937
"68179";Industrial_Mediana_1_3011132;5
"15861";Residencial_Tipo_2_1004122;2025
"68861";Residencial_Tipo_5_menos_1011115;45
"15835";Residencial_Tipo_3_menos_1004113;561
"25295";Comercial_Especializado_1_2023123;108
"50313";ED_Multifamiliar_Vivienda_VIS_Serie_2_Pisos_9011122;6
"23675";Institucional_Tipo_5_Prefabricado_5015510;7
"15764";Institucional_Tipo_2_5011122;9
"15861";Comercial_Intermedio_2_2021532;202
"15599";Industrial_Mediana_1_3011132;22
"23079";Residencial_Tipo_2_1004122;1790
"23079";Residencial_Tipo_4_1021134;55
"15599";Residencial_Tipo_2_1004122;1311
"66687";Institucional_Tipo_7_5021132;2
"15804";Comercial_Intermedio_1_2021132;21
"68745";Comercial_Intermedio_1_2021132;32
"15798";Residencial_Tipo_5_1021125;1
"15861";Residencial_Tipo_4_menos_1024114;17
"13836";Industrial_Pesada_1_3023132;147
"15761";Residencial_Tipo_4_1021134;39
"13430";Residencial_Tipo_4_menos_1024114;200
"63401";Industrial_Mediana_1_3011132;65
"15798";Institucional_Religioso_Tipo_2_6031132;1
"15835";Institucional_Salud_3_7031173;1
"23555";Residencial_Tipo_4_menos_1024114;52
"15798";Residencial_Tipo_4_1021134;88
"15861";Residencial_Tipo_4_1021134;178
"15816";Institucional_Religioso_Tipo_1_6021131;2
"66383";Residencial_Tipo_3_mas_1011133;143
"63401";ED_Servicios_Tipo_1_9026547;15
"08832";Industrial_Mediana_1_3011132;29
"25183";Residencial_Tipo_2_1004122;1628
"15469";Institucional_Tipo_2_5011122;39
"50313";ED_Servicios_Tipo_1_9026547;23
"15599";Institucional_Tipo_3_5021143;6
"23555";Institucional_Salud_2_7021132;11
"68673";Residencial_Tipo_2_1004122;380
"68179";Comercial_Intermedio_1_2021132;2
"23555";Comercial_Especializado_3_2033133;1
"23555";Residencial_Tipo_5_1021125;5
"15380";Comercial_Intermedio_2_2021532;4
"13430";Institucional_Tipo_5_Prefabricado_5015510;15
"15835";Residencial_Tipo_4_menos_1024114;15
"13836";Industrial_Mediana_1_3011132;146
"25183";Institucional_Religioso_Tipo_2_6031132;2
"15325";Residencial_Tipo_5_menos_1011115;3
"15798";Residencial_Tipo_4_menos_1024114;9
"13430";Institucional_Religioso_Tipo_2_6031132;5
"23675";Comercial_Intermedio_1_2021132;16
"15380";Residencial_Tipo_1_1014011;562
"23555";Residencial_Tipo_3_menos_1004113;2935
"68745";Residencial_Tipo_3_mas_1011133;164
"70124";Residencial_Tipo_4_1021134;2
"23079";Institucional_Tipo_6_5011111;14
"08832";Residencial_Tipo_4_menos_1024114;82
"15299";Residencial_Tipo_4_1021134;732
"15189";Comercial_Intermedio_1_2021132;6
"23570";Institucional_Tipo_3_5021143;19
"15861";Industrial_Liviana_2_3001121;55
"15293";Residencial_Tipo_1_1014011;722
"66383";Comercial_Intermedio_2_2021532;44
"68179";Comercial_Intermedio_3_2026532;1
"15469";Institucional_Tipo_3_5021143;14
"15764";Residencial_Tipo_2_1004122;888
"15293";Residencial_Tipo_4_1021134;9
"66383";Comercial_Especializado_1_2023123;26
"23570";Residencial_Tipo_4_menos_1024114;5
"15761";Comercial_Especializado_1_2023123;2
"68673";Institucional_Salud_2_7021132;2
"15861";Institucional_Religioso_Tipo_1_6021131;6
"23350";Residencial_Tipo_5_menos_1011115;5
"15816";Industrial_Liviana_2_3001121;61
"15764";Comercial_Especializado_2_2036543;2
"13430";Institucional_Salud_2_7021132;38
"50313";Institucional_Salud_1_7011121;1
"08832";Residencial_Tipo_1_1014011;298
"23570";Residencial_Tipo_4_1021134;49
"50313";Institucional_Tipo_7_5021132;36
"13836";ED_Servicios_Tipo_1_9026547;28
"50313";Industrial_Liviana_2_3001121;73
"68179";ED_Servicios_Tipo_1_9026547;2
"50313";Industrial_Mediana_1_3011132;344
"15764";Residencial_Tipo_1_1014011;496
"15842";ED_Servicios_Tipo_1_9026547;4
"15879";Residencial_Tipo_3_menos_1004113;30
"68179";Institucional_Religioso_Tipo_1_6021131;1
"66045";Comercial_Intermedio_2_2021532;33
"23570";Comercial_Intermedio_2_2021532;95
"25183";ED_Multifamiliar_VIS_Hasta_12_Pisos_9016194;40
"15664";Industrial_Liviana_2_3001121;10
"15764";Industrial_Liviana_2_3001121;22
"23570";Comercial_Especializado_1_2023123;8
"15380";Residencial_Tipo_3_menos_1004113;163
"66045";Institucional_Salud_1_7011121;1
"15599";Institucional_Tipo_5_Prefabricado_5015510;2
"13430";Comercial_Intermedio_3_2026532;232
"23350";Industrial_Mediana_1_3011132;20
"15879";Institucional_Salud_2_7021132;1
"68101";Industrial_Liviana_2_3001121;17
"50313";Comercial_Especializado_1_2023123;591
"08832";Residencial_Tipo_4_1021134;283
"66687";Institucional_Tipo_3_5021143;13
"25001";Institucional_Tipo_2_5011122;14
"15325";Residencial_Tipo_5_1021125;1
"66687";Residencial_Tipo_5_1021125;17
"13836";Institucional_Tipo_7_5021132;34
"68861";Comercial_Especializado_1_2023123;80
"63401";Residencial_Tipo_5_mas_1031135;52
"15764";ED_Servicios_Tipo_1_9026547;1
"08832";Institucional_Salud_1_7011121;1
"15686";Comercial_Intermedio_3_2026532;9
"08832";Residencial_Tipo_3_menos_1004113;602
"23675";Residencial_Tipo_6_1031126;1
"63401";Industrial_Liviana_2_3001121;138
"68673";Residencial_Tipo_3_menos_1004113;84
"25001";Institucional_Tipo_3_5021143;10
"15380";Institucional_Tipo_1_5014111;3
"68745";Institucional_Tipo_2_5011122;25
"66318";Residencial_Tipo_5_1021125;2
"13836";Institucional_Tipo_2_5011122;95
"23570";Institucional_Tipo_1_5014111;75
"25183";Industrial_Pesada_2_3033443;3
"15599";Industrial_Pesada_1_3023132;1
"70124";Institucional_Religioso_Tipo_1_6021131;8
"15842";Institucional_Tipo_1_5014111;10
"23555";Comercial_Intermedio_3_2026532;45
"15842";Comercial_Intermedio_1_2021132;4
"15861";ED_Multifamiliar_Vivienda_VIS_Serie_2_Pisos_9011122;104
"15798";Institucional_Tipo_6_5011111;3
"23555";Residencial_Tipo_3_mas_1011133;1213
"66383";Institucional_Tipo_7_5021132;1
"25295";Institucional_Tipo_1_5014111;3
"68101";Residencial_Tipo_3_menos_1004113;233
"23350";Institucional_Tipo_2_5011122;31
"23079";Industrial_Mediana_1_3011132;3
"70124";Residencial_Tipo_1_1014011;841
"70124";Institucional_Tipo_1_5014111;96
"15299";Residencial_Tipo_5_1021125;93
"15759";Residencial_Tipo_3_menos_1004113;5591
"25183";Residencial_Tipo_0_1002311;2
"15664";Residencial_Tipo_2_1004122;771
"63401";Residencial_Tipo_1_1014011;697
"15761";Industrial_Mediana_1_3011132;2
"25295";Industrial_Pesada_1_3023132;4
