"objectid";"id_operacion";"id";"no, fmi";"dirección territorial";"municipio";"fecha_envio_juridico";"folio_matriz";"novedadfmi_tipo";"npnmatriz";"novedad_numero_predial";"folio_derivados";"predio tipo";"condicion prop derivado";"área registral m2";"coeficiente";"área coefieciente"
1642673;L6_45;45;45;BOYACÁ;SOGAMOSO;"14/10/2025";"095-158004";;SIN NPN;Cancelacion_por_Desenglobe;;;;;;
1642673;L6_45;35;35;BOYACÁ;SOGAMOSO;"14/10/2025";"095-118250";;"157590102000005020009000000000";Englobe_Nuevo_FMI;"095-158004";Privado_Privado;NPH;918.13;;
1642673;L6_45;34;34;BOYACÁ;SOGAMOSO;"14/10/2025";"095-118249";;"157590102000005020008000000000";Englobe_Nuevo_FMI;"095-158004";Privado_Privado;NPH;918.13;;
1642674;L6_124;124;124;BOYACÁ;RAMIRIQUÍ;"14/10/2025";"090-57373";;"155990000000000200465000000000";Cancelacion;;;;;;
1642675;L6_15;15;15;BOYACÁ;SOGAMOSO;"14/10/2025";"095-141198";;"157590102000002790907900000066";Cancelacion;;;;;;
1642676;L6_125;125;125;BOLÍVAR;TURBACO;"14/10/2025";"060-355362";;"138360002000000021591000000000";Cancelacion_por_Desenglobe;;;;;;
1642677;L6_4;4;4;RISARALDA;APÍA;"14/10/2025";"292-5254";;"660450001000000050610000000000";Englobe_Nuevo_FMI;"292-8464";Privado_Privado;NPH;365936.0;;
1642677;L6_4;3;3;RISARALDA;APÍA;"14/10/2025";"292-5255";;"660450001000000050204000000000";Englobe_Nuevo_FMI;"292-8464";Privado_Privado;NPH;365936.0;;
1642677;L6_4;2;2;RISARALDA;APÍA;"14/10/2025";"292-6391";;"660450001000000050632000000000";Englobe_Nuevo_FMI;"292-8464";Privado_Privado;NPH;365936.0;;
1642678;L6_9;9;9;RISARALDA;APÍA;"14/10/2025";"292-1927";;"660450001000000050377000000000";Englobe_Nuevo_FMI;"292-8515";Privado_Privado;NPH;140000.0;;
1642678;L6_9;8;8;RISARALDA;APÍA;"14/10/2025";"292-2117";;"660450001000000050331000000000";Englobe_Nuevo_FMI;"292-8515";Privado_Privado;NPH;140000.0;;
1642679;L6_1;1;1;RISARALDA;APÍA;"14/10/2025";"0";;SIN NPN;Predio_Nuevo;"292-9073";Publico_Uso_Publico;Bien_Uso_Publico;30.0;;
1642680;L6_587;587;587;ATLÁNTICO;TUBARÁ;"14/10/2025";"040-451487";;"088320004000000010158000000000";Desenglobe_Venta_Parcial;"040-665544";Privado_Privado;NPH;1650.0;;
1642681;L6_588;588;588;ATLÁNTICO;TUBARÁ;"14/10/2025";"040-451487";;"088320004000000010158000000000";Desenglobe_Venta_Parcial;"040-665545";Privado_Privado;NPH;656.0;;
1642682;L6_581;581;581;ATLÁNTICO;TUBARÁ;"14/10/2025";"040-474133";;"088320003000000010075000000000";Desenglobe_Venta_Parcial;"040-657898";Privado_Privado;NPH;6780.4;;
1642683;L6_584;584;584;ATLÁNTICO;TUBARÁ;"14/10/2025";"040-474133";;"088320003000000010075000000000";Desenglobe_Venta_Parcial;"040-657901";Privado_Privado;NPH;954.96;;
1642684;L6_583;583;583;ATLÁNTICO;TUBARÁ;"14/10/2025";"040-474133";;"088320003000000010075000000000";Desenglobe_Venta_Parcial;"040-657903";Privado_Privado;NPH;2148.8;;
1642685;L6_582;582;582;ATLÁNTICO;TUBARÁ;"14/10/2025";"040-474133";;"088320003000000010075000000000";Desenglobe_Venta_Parcial;"040-657900";Privado_Privado;NPH;911.1;;
1642686;L6_586;586;586;ATLÁNTICO;TUBARÁ;"14/10/2025";"040-474133";;"088320003000000010075000000000";Desenglobe_Venta_Parcial;"040-657902";Privado_Privado;NPH;1986.3;;
1642687;L6_585;585;585;ATLÁNTICO;TUBARÁ;"14/10/2025";"040-474133";;"088320003000000010075000000000";Desenglobe_Venta_Parcial;"040-657904";Privado_Privado;NPH;1232.3;;
1642688;L6_595;595;595;ATLÁNTICO;TUBARÁ;"14/10/2025";"040-610851";;"088320003000000013155000000000";Desenglobe_Division_Material;"040-633740";Privado_Privado;NPH;603.25;;
1642689;L6_596;596;596;ATLÁNTICO;TUBARÁ;"14/10/2025";"040-610851";;"088320003000000013155000000000";Desenglobe_Division_Material;"040-633741";Privado_Privado;NPH;603.25;;
1642690;L6_127;135;135;BOLÍVAR;TURBACO;"14/10/2025";"060-355491";;SIN NPN;Cambio_Numero_Predial_NPH_a_PH;"060-355491";Privado_Privado;PH_Matriz;40672.3;;
1642690;L6_127;127;127;BOLÍVAR;TURBACO;"14/10/2025";"060-355362";;"138360002000000021591000000000";Desenglobe_Venta_Parcial;"060-355491";Privado_Privado;NPH;40672.3;;
1642691;L6_134;134;134;BOLÍVAR;TURBACO;"14/10/2025";"060-355362";;"138360002000000021591000000000";Desenglobe_Venta_Parcial;"060-355493";Privado_Privado;NPH;247667.72;;
1642692;L6_133;133;133;BOLÍVAR;TURBACO;"14/10/2025";"060-355362";;"138360002000000021591000000000";Desenglobe_Venta_Parcial;"060-355364";Publico_Uso_Publico;Bien_Uso_Publico;13680.39;;
1642693;L6_126;126;126;BOLÍVAR;TURBACO;"14/10/2025";"060-355362";;"138360002000000021591000000000";Desenglobe_Venta_Parcial;"060-355490";Privado_Privado;NPH;2661.85;;
1642694;L6_131;198;198;BOLÍVAR;TURBACO;"14/10/2025";"060-355492";;SIN NPN;Cambio_Numero_Predial_NPH_a_PH;"060-355492";Privado_Privado;PH_Matriz;138974.53;;
1642694;L6_131;131;131;BOLÍVAR;TURBACO;"14/10/2025";"060-355362";;"138360002000000021591000000000";Desenglobe_Venta_Parcial;"060-355492";Privado_Privado;NPH;138974.53;;
1642695;L6_130;130;130;BOLÍVAR;TURBACO;"14/10/2025";"060-355362";;"138360002000000021591000000000";Desenglobe_Venta_Parcial;"060-355489";Privado_Privado;NPH;7880.91;;
1642696;L6_129;129;129;BOLÍVAR;TURBACO;"14/10/2025";"060-355362";;"138360002000000021591000000000";Desenglobe_Venta_Parcial;"060-355363";Publico_Uso_Publico;Bien_Uso_Publico;14820.05;;
1642697;L6_132;132;132;BOLÍVAR;TURBACO;"14/10/2025";"060-355362";;"138360002000000021591000000000";Desenglobe_Venta_Parcial;"060-355487";Privado_Privado;NPH;28614.36;;
1642698;L6_128;128;128;BOLÍVAR;TURBACO;"14/10/2025";"060-355362";;"138360002000000021591000000000";Desenglobe_Venta_Parcial;"060-355488";Privado_Privado;NPH;23344.89;;
1642699;L6_178;178;178;BOLÍVAR;TURBACO;"14/10/2025";"060-355491";;SIN NPN;Desenglobe_Venta_Parcial;"060-359885";Privado_Privado;PH_Unidad_Predial;549.39;0.015595000000000001;549.39
1642700;L6_177;177;177;BOLÍVAR;TURBACO;"14/10/2025";"060-355491";;SIN NPN;Desenglobe_Venta_Parcial;"060-359884";Privado_Privado;PH_Unidad_Predial;518.97;0.014732;518.97
1642701;L6_176;176;176;BOLÍVAR;TURBACO;"14/10/2025";"060-355491";;SIN NPN;Desenglobe_Venta_Parcial;"060-359883";Privado_Privado;PH_Unidad_Predial;576.85;0.016374;576.85
1642702;L6_175;175;175;BOLÍVAR;TURBACO;"14/10/2025";"060-355491";;SIN NPN;Desenglobe_Venta_Parcial;"060-359882";Privado_Privado;PH_Unidad_Predial;580.93;0.01649;580.93
1642703;L6_174;174;174;BOLÍVAR;TURBACO;"14/10/2025";"060-355491";;SIN NPN;Desenglobe_Venta_Parcial;"060-359881";Privado_Privado;PH_Unidad_Predial;594.71;0.016881;594.71
1642704;L6_173;173;173;BOLÍVAR;TURBACO;"14/10/2025";"060-355491";;SIN NPN;Desenglobe_Venta_Parcial;"060-359880";Privado_Privado;PH_Unidad_Predial;503.36;0.014288;503.36
1642705;L6_172;172;172;BOLÍVAR;TURBACO;"14/10/2025";"060-355491";;SIN NPN;Desenglobe_Venta_Parcial;"060-359879";Privado_Privado;PH_Unidad_Predial;500.19;0.014197999999999999;500.19
1642706;L6_171;171;171;BOLÍVAR;TURBACO;"14/10/2025";"060-355491";;SIN NPN;Desenglobe_Venta_Parcial;"060-359878";Privado_Privado;PH_Unidad_Predial;619.4;0.017582;619.4
1642707;L6_170;170;170;BOLÍVAR;TURBACO;"14/10/2025";"060-355491";;SIN NPN;Desenglobe_Venta_Parcial;"060-359877";Privado_Privado;PH_Unidad_Predial;540.0;0.015328;540.0
1642708;L6_169;169;169;BOLÍVAR;TURBACO;"14/10/2025";"060-355491";;SIN NPN;Desenglobe_Venta_Parcial;"060-359876";Privado_Privado;PH_Unidad_Predial;540.0;0.015328;540.0
1642709;L6_168;168;168;BOLÍVAR;TURBACO;"14/10/2025";"060-355491";;SIN NPN;Desenglobe_Venta_Parcial;"060-359875";Privado_Privado;PH_Unidad_Predial;540.0;0.015328;540.0
1642710;L6_167;167;167;BOLÍVAR;TURBACO;"14/10/2025";"060-355491";;SIN NPN;Desenglobe_Venta_Parcial;"060-359874";Privado_Privado;PH_Unidad_Predial;540.47;0.015342;540.47
1642711;L6_166;166;166;BOLÍVAR;TURBACO;"14/10/2025";"060-355491";;SIN NPN;Desenglobe_Venta_Parcial;"060-359873";Privado_Privado;PH_Unidad_Predial;704.67;0.020003000000000003;704.67
1642712;L6_165;165;165;BOLÍVAR;TURBACO;"14/10/2025";"060-355491";;SIN NPN;Desenglobe_Venta_Parcial;"060-359872";Privado_Privado;PH_Unidad_Predial;587.7;0.016682;587.7
1642713;L6_164;164;164;BOLÍVAR;TURBACO;"14/10/2025";"060-355491";;SIN NPN;Desenglobe_Venta_Parcial;"060-359871";Privado_Privado;PH_Unidad_Predial;522.1;0.014818;522.1
1642714;L6_163;163;163;BOLÍVAR;TURBACO;"14/10/2025";"060-355491";;SIN NPN;Desenglobe_Venta_Parcial;"060-359870";Privado_Privado;PH_Unidad_Predial;551.16;0.015645;551.16
1642715;L6_162;162;162;BOLÍVAR;TURBACO;"14/10/2025";"060-355491";;SIN NPN;Desenglobe_Venta_Parcial;"060-359869";Privado_Privado;PH_Unidad_Predial;618.58;0.017559;618.58
1642716;L6_161;161;161;BOLÍVAR;TURBACO;"14/10/2025";"060-355491";;SIN NPN;Desenglobe_Venta_Parcial;"060-359868";Privado_Privado;PH_Unidad_Predial;569.7;0.016153999999999998;569.7
1642717;L6_160;160;160;BOLÍVAR;TURBACO;"14/10/2025";"060-355491";;SIN NPN;Desenglobe_Venta_Parcial;"060-359867";Privado_Privado;PH_Unidad_Predial;603.11;0.01712;603.11
1642718;L6_159;159;159;BOLÍVAR;TURBACO;"14/10/2025";"060-355491";;SIN NPN;Desenglobe_Venta_Parcial;"060-359866";Privado_Privado;PH_Unidad_Predial;553.96;0.015725;553.96
1642719;L6_158;158;158;BOLÍVAR;TURBACO;"14/10/2025";"060-355491";;SIN NPN;Desenglobe_Venta_Parcial;"060-359865";Privado_Privado;PH_Unidad_Predial;610.55;0.017331;610.55
1642720;L6_157;157;157;BOLÍVAR;TURBACO;"14/10/2025";"060-355491";;SIN NPN;Desenglobe_Venta_Parcial;"060-359864";Privado_Privado;PH_Unidad_Predial;636.38;0.018064;636.38
1642721;L6_156;156;156;BOLÍVAR;TURBACO;"14/10/2025";"060-355491";;SIN NPN;Desenglobe_Venta_Parcial;"060-359863";Privado_Privado;PH_Unidad_Predial;618.9;0.017544999999999998;618.9
1642722;L6_155;155;155;BOLÍVAR;TURBACO;"14/10/2025";"060-355491";;SIN NPN;Desenglobe_Venta_Parcial;"060-359862";Privado_Privado;PH_Unidad_Predial;502.55;0.014265000000000002;502.55
1642723;L6_154;154;154;BOLÍVAR;TURBACO;"14/10/2025";"060-355491";;SIN NPN;Desenglobe_Venta_Parcial;"060-359861";Privado_Privado;PH_Unidad_Predial;538.7;0.015274000000000001;538.7
1642724;L6_153;153;153;BOLÍVAR;TURBACO;"14/10/2025";"060-355491";;SIN NPN;Desenglobe_Venta_Parcial;"060-359860";Privado_Privado;PH_Unidad_Predial;826.71;0.023467;826.71
1642725;L6_152;152;152;BOLÍVAR;TURBACO;"14/10/2025";"060-355491";;SIN NPN;Desenglobe_Venta_Parcial;"060-359859";Privado_Privado;PH_Unidad_Predial;509.82;0.014472;509.82
1642726;L6_151;151;151;BOLÍVAR;TURBACO;"14/10/2025";"060-355491";;SIN NPN;Desenglobe_Venta_Parcial;"060-359858";Privado_Privado;PH_Unidad_Predial;513.33;0.014571;513.33
1642727;L6_150;150;150;BOLÍVAR;TURBACO;"14/10/2025";"060-355491";;SIN NPN;Desenglobe_Venta_Parcial;"060-359857";Privado_Privado;PH_Unidad_Predial;513.23;0.014569;513.23
1642728;L6_149;149;149;BOLÍVAR;TURBACO;"14/10/2025";"060-355491";;SIN NPN;Desenglobe_Venta_Parcial;"060-359856";Privado_Privado;PH_Unidad_Predial;512.14;0.014537;512.14
1642729;L6_148;148;148;BOLÍVAR;TURBACO;"14/10/2025";"060-355491";;SIN NPN;Desenglobe_Venta_Parcial;"060-359855";Privado_Privado;PH_Unidad_Predial;510.82;0.014499999999999999;510.82
1642730;L6_147;147;147;BOLÍVAR;TURBACO;"14/10/2025";"060-355491";;SIN NPN;Desenglobe_Venta_Parcial;"060-359854";Privado_Privado;PH_Unidad_Predial;509.9;0.014474;509.9
1642731;L6_146;146;146;BOLÍVAR;TURBACO;"14/10/2025";"060-355491";;SIN NPN;Desenglobe_Venta_Parcial;"060-359853";Privado_Privado;PH_Unidad_Predial;512.16;0.014538;512.16
1642732;L6_145;145;145;BOLÍVAR;TURBACO;"14/10/2025";"060-355491";;SIN NPN;Desenglobe_Venta_Parcial;"060-359852";Privado_Privado;PH_Unidad_Predial;583.66;0.016568;583.66
1642733;L6_144;144;144;BOLÍVAR;TURBACO;"14/10/2025";"060-355491";;SIN NPN;Desenglobe_Venta_Parcial;"060-359851";Privado_Privado;PH_Unidad_Predial;673.96;0.019131;673.96
1642734;L6_143;143;143;BOLÍVAR;TURBACO;"14/10/2025";"060-355491";;SIN NPN;Desenglobe_Venta_Parcial;"060-359850";Privado_Privado;PH_Unidad_Predial;540.9;0.015354000000000001;540.9
1642735;L6_142;142;142;BOLÍVAR;TURBACO;"14/10/2025";"060-355491";;SIN NPN;Desenglobe_Venta_Parcial;"060-359849";Privado_Privado;PH_Unidad_Predial;529.19;0.015021;529.19
1642736;L6_141;141;141;BOLÍVAR;TURBACO;"14/10/2025";"060-355491";;SIN NPN;Desenglobe_Venta_Parcial;"060-359848";Privado_Privado;PH_Unidad_Predial;512.96;0.014561;512.96
1642737;L6_140;140;140;BOLÍVAR;TURBACO;"14/10/2025";"060-355491";;SIN NPN;Desenglobe_Venta_Parcial;"060-359847";Privado_Privado;PH_Unidad_Predial;523.6;0.014863;523.6
1642738;L6_139;139;139;BOLÍVAR;TURBACO;"14/10/2025";"060-355491";;SIN NPN;Desenglobe_Venta_Parcial;"060-359846";Privado_Privado;PH_Unidad_Predial;518.5;0.014705;518.5
1642739;L6_137;137;137;BOLÍVAR;TURBACO;"14/10/2025";"060-355491";;SIN NPN;Desenglobe_Venta_Parcial;"060-359844";Privado_Privado;PH_Unidad_Predial;526.35;0.014941;526.35
1642740;L6_136;136;136;BOLÍVAR;TURBACO;"14/10/2025";"060-355491";;SIN NPN;Desenglobe_Venta_Parcial;"060-359843";Privado_Privado;PH_Unidad_Predial;981.38;0.027857;981.38
1642741;L6_138;138;138;BOLÍVAR;TURBACO;"14/10/2025";"060-355491";;SIN NPN;Desenglobe_Venta_Parcial;"060-359845";Privado_Privado;PH_Unidad_Predial;509.48;0.014462;509.48
1642742;L6_197;197;197;BOLÍVAR;TURBACO;"14/10/2025";"060-355491";;SIN NPN;Desenglobe_Venta_Parcial;"060-359904";Privado_Privado;PH_Unidad_Predial;518.94;0.01473;518.94
1642743;L6_196;196;196;BOLÍVAR;TURBACO;"14/10/2025";"060-355491";;SIN NPN;Desenglobe_Venta_Parcial;"060-359903";Privado_Privado;PH_Unidad_Predial;510.69;0.014496;510.69
1642744;L6_195;195;195;BOLÍVAR;TURBACO;"14/10/2025";"060-355491";;SIN NPN;Desenglobe_Venta_Parcial;"060-359902";Privado_Privado;PH_Unidad_Predial;501.33;0.014231;501.33
1642745;L6_194;194;194;BOLÍVAR;TURBACO;"14/10/2025";"060-355491";;SIN NPN;Desenglobe_Venta_Parcial;"060-359901";Privado_Privado;PH_Unidad_Predial;500.1;0.014193;500.1
1642746;L6_193;193;193;BOLÍVAR;TURBACO;"14/10/2025";"060-355491";;SIN NPN;Desenglobe_Venta_Parcial;"060-359900";Privado_Privado;PH_Unidad_Predial;500.22;0.014199;500.22
1642747;L6_192;192;192;BOLÍVAR;TURBACO;"14/10/2025";"060-355491";;SIN NPN;Desenglobe_Venta_Parcial;"060-359899";Privado_Privado;PH_Unidad_Predial;658.36;0.018688;658.36
1642748;L6_191;191;191;BOLÍVAR;TURBACO;"14/10/2025";"060-355491";;SIN NPN;Desenglobe_Venta_Parcial;"060-359898";Privado_Privado;PH_Unidad_Predial;640.5;0.018168;640.5
1642749;L6_190;190;190;BOLÍVAR;TURBACO;"14/10/2025";"060-355491";;SIN NPN;Desenglobe_Venta_Parcial;"060-359897";Privado_Privado;PH_Unidad_Predial;509.69;0.014468000000000002;509.69
1642750;L6_189;189;189;BOLÍVAR;TURBACO;"14/10/2025";"060-355491";;SIN NPN;Desenglobe_Venta_Parcial;"060-359896";Privado_Privado;PH_Unidad_Predial;500.46;0.014206000000000002;500.46
1642751;L6_188;188;188;BOLÍVAR;TURBACO;"14/10/2025";"060-355491";;SIN NPN;Desenglobe_Venta_Parcial;"060-359895";Privado_Privado;PH_Unidad_Predial;500.62;0.014211;500.62
1642752;L6_187;187;187;BOLÍVAR;TURBACO;"14/10/2025";"060-355491";;SIN NPN;Desenglobe_Venta_Parcial;"060-359894";Privado_Privado;PH_Unidad_Predial;500.96;0.01422;500.96
1642753;L6_186;186;186;BOLÍVAR;TURBACO;"14/10/2025";"060-355491";;SIN NPN;Desenglobe_Venta_Parcial;"060-359893";Privado_Privado;PH_Unidad_Predial;638.16;0.018115000000000003;638.16
1642754;L6_185;185;185;BOLÍVAR;TURBACO;"14/10/2025";"060-355491";;SIN NPN;Desenglobe_Venta_Parcial;"060-359892";Privado_Privado;PH_Unidad_Predial;641.18;0.0182;641.18
1642755;L6_184;184;184;BOLÍVAR;TURBACO;"14/10/2025";"060-355491";;SIN NPN;Desenglobe_Venta_Parcial;"060-359891";Privado_Privado;PH_Unidad_Predial;572.14;0.016241000000000002;572.14
1642756;L6_183;183;183;BOLÍVAR;TURBACO;"14/10/2025";"060-355491";;SIN NPN;Desenglobe_Venta_Parcial;"060-359890";Privado_Privado;PH_Unidad_Predial;572.94;0.016263;572.94
1642757;L6_182;182;182;BOLÍVAR;TURBACO;"14/10/2025";"060-355491";;SIN NPN;Desenglobe_Venta_Parcial;"060-359889";Privado_Privado;PH_Unidad_Predial;572.28;0.016245;572.28
1642758;L6_181;181;181;BOLÍVAR;TURBACO;"14/10/2025";"060-355491";;SIN NPN;Desenglobe_Venta_Parcial;"060-359888";Privado_Privado;PH_Unidad_Predial;575.64;0.01634;575.64
1642759;L6_180;180;180;BOLÍVAR;TURBACO;"14/10/2025";"060-355491";;SIN NPN;Desenglobe_Venta_Parcial;"060-359887";Privado_Privado;PH_Unidad_Predial;674.56;0.019148000000000002;674.56
1642760;L6_179;179;179;BOLÍVAR;TURBACO;"14/10/2025";"060-355491";;SIN NPN;Desenglobe_Venta_Parcial;"060-359886";Privado_Privado;PH_Unidad_Predial;612.84;0.017396000000000002;612.84
1642761;L6_382;382;382;BOLÍVAR;TURBACO;"14/10/2025";"060-355492";;SIN NPN;Desenglobe_Venta_Parcial;"060-360113";Privado_Privado;PH_Unidad_Predial;510.0;0.004366999999999999;510.0
1642762;L6_199;199;199;BOLÍVAR;TURBACO;"14/10/2025";"060-355492";;SIN NPN;Desenglobe_Venta_Parcial;"060-359930";Privado_Privado;PH_Unidad_Predial;656.15;0.005618;656.15
1642763;L6_200;200;200;BOLÍVAR;TURBACO;"14/10/2025";"060-355492";;SIN NPN;Desenglobe_Venta_Parcial;"060-359931";Privado_Privado;PH_Unidad_Predial;787.89;0.006745999999999999;787.89
1642764;L6_201;201;201;BOLÍVAR;TURBACO;"14/10/2025";"060-355492";;SIN NPN;Desenglobe_Venta_Parcial;"060-359932";Privado_Privado;PH_Unidad_Predial;680.56;0.005827;680.56
1642765;L6_202;202;202;BOLÍVAR;TURBACO;"14/10/2025";"060-355492";;SIN NPN;Desenglobe_Venta_Parcial;"060-359933";Privado_Privado;PH_Unidad_Predial;569.7;0.004873;569.7
1642766;L6_203;203;203;BOLÍVAR;TURBACO;"14/10/2025";"060-355492";;SIN NPN;Desenglobe_Venta_Parcial;"060-359934";Privado_Privado;PH_Unidad_Predial;630.0;0.0053939999999999995;630.0
1642767;L6_204;204;204;BOLÍVAR;TURBACO;"14/10/2025";"060-355492";;SIN NPN;Desenglobe_Venta_Parcial;"060-359935";Privado_Privado;PH_Unidad_Predial;577.75;0.004947;577.75
1642768;L6_205;205;205;BOLÍVAR;TURBACO;"14/10/2025";"060-355492";;SIN NPN;Desenglobe_Venta_Parcial;"060-359936";Privado_Privado;PH_Unidad_Predial;595.22;0.005096000000000001;595.22
1642769;L6_206;206;206;BOLÍVAR;TURBACO;"14/10/2025";"060-355492";;SIN NPN;Desenglobe_Venta_Parcial;"060-359937";Privado_Privado;PH_Unidad_Predial;511.12;0.004376;511.12
1642770;L6_207;207;207;BOLÍVAR;TURBACO;"14/10/2025";"060-355492";;SIN NPN;Desenglobe_Venta_Parcial;"060-359938";Privado_Privado;PH_Unidad_Predial;541.97;0.004641;541.97
1642771;L6_208;208;208;BOLÍVAR;TURBACO;"14/10/2025";"060-355492";;SIN NPN;Desenglobe_Venta_Parcial;"060-359939";Privado_Privado;PH_Unidad_Predial;520.98;0.004461;520.98
1642772;L6_209;209;209;BOLÍVAR;TURBACO;"14/10/2025";"060-355492";;SIN NPN;Desenglobe_Venta_Parcial;"060-359940";Privado_Privado;PH_Unidad_Predial;784.92;0.006721;784.92
1642773;L6_210;210;210;BOLÍVAR;TURBACO;"14/10/2025";"060-355492";;SIN NPN;Desenglobe_Venta_Parcial;"060-359941";Privado_Privado;PH_Unidad_Predial;808.35;0.006921;808.35
1642774;L6_211;211;211;BOLÍVAR;TURBACO;"14/10/2025";"060-355492";;SIN NPN;Desenglobe_Venta_Parcial;"060-359942";Privado_Privado;PH_Unidad_Predial;501.4;0.004293;501.4
1642775;L6_212;212;212;BOLÍVAR;TURBACO;"14/10/2025";"060-355492";;SIN NPN;Desenglobe_Venta_Parcial;"060-359943";Privado_Privado;PH_Unidad_Predial;500.26;0.004283;500.26
1642776;L6_213;213;213;BOLÍVAR;TURBACO;"14/10/2025";"060-355492";;SIN NPN;Desenglobe_Venta_Parcial;"060-359944";Privado_Privado;PH_Unidad_Predial;500.6;0.004282;500.6
1642777;L6_214;214;214;BOLÍVAR;TURBACO;"14/10/2025";"060-355492";;SIN NPN;Desenglobe_Venta_Parcial;"060-359945";Privado_Privado;PH_Unidad_Predial;501.51;0.004294;501.51
1642778;L6_215;215;215;BOLÍVAR;TURBACO;"14/10/2025";"060-355492";;SIN NPN;Desenglobe_Venta_Parcial;"060-359946";Privado_Privado;PH_Unidad_Predial;500.5;0.004285;500.5
1642779;L6_216;216;216;BOLÍVAR;TURBACO;"14/10/2025";"060-355492";;SIN NPN;Desenglobe_Venta_Parcial;"060-359947";Privado_Privado;PH_Unidad_Predial;503.53;0.004311;503.53
1642780;L6_217;217;217;BOLÍVAR;TURBACO;"14/10/2025";"060-355492";;SIN NPN;Desenglobe_Venta_Parcial;"060-359948";Privado_Privado;PH_Unidad_Predial;513.35;0.004395;513.35
1642781;L6_218;218;218;BOLÍVAR;TURBACO;"14/10/2025";"060-355492";;SIN NPN;Desenglobe_Venta_Parcial;"060-359949";Privado_Privado;PH_Unidad_Predial;504.0;0.004315;504.0
1642782;L6_219;219;219;BOLÍVAR;TURBACO;"14/10/2025";"060-355492";;SIN NPN;Desenglobe_Venta_Parcial;"060-359950";Privado_Privado;PH_Unidad_Predial;599.23;0.005131;599.23
1642783;L6_220;220;220;BOLÍVAR;TURBACO;"14/10/2025";"060-355492";;SIN NPN;Desenglobe_Venta_Parcial;"060-359951";Privado_Privado;PH_Unidad_Predial;576.29;0.004934;576.29
1642784;L6_221;221;221;BOLÍVAR;TURBACO;"14/10/2025";"060-355492";;SIN NPN;Desenglobe_Venta_Parcial;"060-359952";Privado_Privado;PH_Unidad_Predial;619.96;0.005308;619.96
1642785;L6_222;222;222;BOLÍVAR;TURBACO;"14/10/2025";"060-355492";;SIN NPN;Desenglobe_Venta_Parcial;"060-359953";Privado_Privado;PH_Unidad_Predial;575.71;0.004929;575.71
1642786;L6_223;223;223;BOLÍVAR;TURBACO;"14/10/2025";"060-355492";;SIN NPN;Desenglobe_Venta_Parcial;"060-359954";Privado_Privado;PH_Unidad_Predial;641.68;0.005494;641.68
1642787;L6_224;224;224;BOLÍVAR;TURBACO;"14/10/2025";"060-355492";;SIN NPN;Desenglobe_Venta_Parcial;"060-359955";Privado_Privado;PH_Unidad_Predial;656.91;0.005625;656.91
1642788;L6_225;225;225;BOLÍVAR;TURBACO;"14/10/2025";"060-355492";;SIN NPN;Desenglobe_Venta_Parcial;"060-359956";Privado_Privado;PH_Unidad_Predial;571.13;0.00489;571.13
1642789;L6_226;226;226;BOLÍVAR;TURBACO;"14/10/2025";"060-355492";;SIN NPN;Desenglobe_Venta_Parcial;"060-359957";Privado_Privado;PH_Unidad_Predial;616.96;0.0052829999999999995;616.96
1642790;L6_227;227;227;BOLÍVAR;TURBACO;"14/10/2025";"060-355492";;SIN NPN;Desenglobe_Venta_Parcial;"060-359958";Privado_Privado;PH_Unidad_Predial;621.97;0.005326;621.97
1642791;L6_228;228;228;BOLÍVAR;TURBACO;"14/10/2025";"060-355492";;SIN NPN;Desenglobe_Venta_Parcial;"060-359959";Privado_Privado;PH_Unidad_Predial;588.11;0.0050360000000000005;588.11
1642792;L6_229;229;229;BOLÍVAR;TURBACO;"14/10/2025";"060-355492";;SIN NPN;Desenglobe_Venta_Parcial;"060-359960";Privado_Privado;PH_Unidad_Predial;617.83;0.00529;617.83
1642793;L6_230;230;230;BOLÍVAR;TURBACO;"14/10/2025";"060-355492";;SIN NPN;Desenglobe_Venta_Parcial;"060-359961";Privado_Privado;PH_Unidad_Predial;708.44;0.006066;708.44
1642794;L6_231;231;231;BOLÍVAR;TURBACO;"14/10/2025";"060-355492";;SIN NPN;Desenglobe_Venta_Parcial;"060-359962";Privado_Privado;PH_Unidad_Predial;717.56;0.006143999999999999;717.56
1642795;L6_232;232;232;BOLÍVAR;TURBACO;"14/10/2025";"060-355492";;SIN NPN;Desenglobe_Venta_Parcial;"060-359963";Privado_Privado;PH_Unidad_Predial;716.26;0.0061329999999999996;716.26
1642796;L6_233;233;233;BOLÍVAR;TURBACO;"14/10/2025";"060-355492";;SIN NPN;Desenglobe_Venta_Parcial;"060-359964";Privado_Privado;PH_Unidad_Predial;564.7;0.00483;564.7
1642797;L6_234;234;234;BOLÍVAR;TURBACO;"14/10/2025";"060-355492";;SIN NPN;Desenglobe_Venta_Parcial;"060-359965";Privado_Privado;PH_Unidad_Predial;530.56;0.004543;530.56
1642798;L6_235;235;235;BOLÍVAR;TURBACO;"14/10/2025";"060-355492";;SIN NPN;Desenglobe_Venta_Parcial;"060-359966";Privado_Privado;PH_Unidad_Predial;520.83;0.004459;520.83
1642799;L6_236;236;236;BOLÍVAR;TURBACO;"14/10/2025";"060-355492";;SIN NPN;Desenglobe_Venta_Parcial;"060-359967";Privado_Privado;PH_Unidad_Predial;541.62;0.004638;541.62
1642800;L6_237;237;237;BOLÍVAR;TURBACO;"14/10/2025";"060-355492";;SIN NPN;Desenglobe_Venta_Parcial;"060-359968";Privado_Privado;PH_Unidad_Predial;559.18;0.004788;559.18
1642801;L6_238;238;238;BOLÍVAR;TURBACO;"14/10/2025";"060-355492";;SIN NPN;Desenglobe_Venta_Parcial;"060-359969";Privado_Privado;PH_Unidad_Predial;533.19;0.0045650000000000005;533.19
1642802;L6_239;239;239;BOLÍVAR;TURBACO;"14/10/2025";"060-355492";;SIN NPN;Desenglobe_Venta_Parcial;"060-359970";Privado_Privado;PH_Unidad_Predial;637.74;0.005461000000000001;637.74
1642803;L6_240;240;240;BOLÍVAR;TURBACO;"14/10/2025";"060-355492";;SIN NPN;Desenglobe_Venta_Parcial;"060-359971";Privado_Privado;PH_Unidad_Predial;607.32;0.0052;607.32
1642804;L6_241;241;241;BOLÍVAR;TURBACO;"14/10/2025";"060-355492";;SIN NPN;Desenglobe_Venta_Parcial;"060-359972";Privado_Privado;PH_Unidad_Predial;678.91;0.0058130000000000005;678.91
1642805;L6_242;242;242;BOLÍVAR;TURBACO;"14/10/2025";"060-355492";;SIN NPN;Desenglobe_Venta_Parcial;"060-359973";Privado_Privado;PH_Unidad_Predial;741.12;0.006346000000000001;741.12
1642806;L6_243;243;243;BOLÍVAR;TURBACO;"14/10/2025";"060-355492";;SIN NPN;Desenglobe_Venta_Parcial;"060-359974";Privado_Privado;PH_Unidad_Predial;843.74;0.007224;843.74
1642807;L6_244;244;244;BOLÍVAR;TURBACO;"14/10/2025";"060-355492";;SIN NPN;Desenglobe_Venta_Parcial;"060-359975";Privado_Privado;PH_Unidad_Predial;695.96;0.005959;695.96
1642808;L6_245;245;245;BOLÍVAR;TURBACO;"14/10/2025";"060-355492";;SIN NPN;Desenglobe_Venta_Parcial;"060-359976";Privado_Privado;PH_Unidad_Predial;635.44;0.0054410000000000005;635.44
1642809;L6_246;246;246;BOLÍVAR;TURBACO;"14/10/2025";"060-355492";;SIN NPN;Desenglobe_Venta_Parcial;"060-359977";Privado_Privado;PH_Unidad_Predial;738.26;0.006706999999999999;738.26
1642810;L6_247;247;247;BOLÍVAR;TURBACO;"14/10/2025";"060-355492";;SIN NPN;Desenglobe_Venta_Parcial;"060-359978";Privado_Privado;PH_Unidad_Predial;759.11;0.006500000000000001;759.11
1642811;L6_248;248;248;BOLÍVAR;TURBACO;"14/10/2025";"060-355492";;SIN NPN;Desenglobe_Venta_Parcial;"060-359979";Privado_Privado;PH_Unidad_Predial;656.79;0.0056240000000000005;656.79
1642812;L6_249;249;249;BOLÍVAR;TURBACO;"14/10/2025";"060-355492";;SIN NPN;Desenglobe_Venta_Parcial;"060-359980";Privado_Privado;PH_Unidad_Predial;635.6;0.005442;635.6
1642813;L6_250;250;250;BOLÍVAR;TURBACO;"14/10/2025";"060-355492";;SIN NPN;Desenglobe_Venta_Parcial;"060-359981";Privado_Privado;PH_Unidad_Predial;720.88;0.0061719999999999995;720.88
1642814;L6_251;251;251;BOLÍVAR;TURBACO;"14/10/2025";"060-355492";;SIN NPN;Desenglobe_Venta_Parcial;"060-359982";Privado_Privado;PH_Unidad_Predial;798.19;0.006834;798.19
1642815;L6_252;252;252;BOLÍVAR;TURBACO;"14/10/2025";"060-355492";;SIN NPN;Desenglobe_Venta_Parcial;"060-359983";Privado_Privado;PH_Unidad_Predial;902.21;0.007724999999999999;902.21
1642816;L6_253;253;253;BOLÍVAR;TURBACO;"14/10/2025";"060-355492";;SIN NPN;Desenglobe_Venta_Parcial;"060-359984";Privado_Privado;PH_Unidad_Predial;798.95;0.006841000000000001;798.95
1642817;L6_254;254;254;BOLÍVAR;TURBACO;"14/10/2025";"060-355492";;SIN NPN;Desenglobe_Venta_Parcial;"060-359985";Privado_Privado;PH_Unidad_Predial;700.38;0.005997;700.38
1642818;L6_255;255;255;BOLÍVAR;TURBACO;"14/10/2025";"060-355492";;SIN NPN;Desenglobe_Venta_Parcial;"060-359986";Privado_Privado;PH_Unidad_Predial;649.16;0.005558;649.16
1642819;L6_256;256;256;BOLÍVAR;TURBACO;"14/10/2025";"060-355492";;SIN NPN;Desenglobe_Venta_Parcial;"060-359987";Privado_Privado;PH_Unidad_Predial;1078.8;0.009237;1078.8
1642820;L6_257;257;257;BOLÍVAR;TURBACO;"14/10/2025";"060-355492";;SIN NPN;Desenglobe_Venta_Parcial;"060-359988";Privado_Privado;PH_Unidad_Predial;558.45;0.004782;558.45
1642821;L6_258;258;258;BOLÍVAR;TURBACO;"14/10/2025";"060-355492";;SIN NPN;Desenglobe_Venta_Parcial;"060-359989";Privado_Privado;PH_Unidad_Predial;585.81;0.0050160000000000005;585.81
1642822;L6_259;259;259;BOLÍVAR;TURBACO;"14/10/2025";"060-355492";;SIN NPN;Desenglobe_Venta_Parcial;"060-359990";Privado_Privado;PH_Unidad_Predial;574.88;0.004922;574.88
1642823;L6_260;260;260;BOLÍVAR;TURBACO;"14/10/2025";"060-355492";;SIN NPN;Desenglobe_Venta_Parcial;"060-359991";Privado_Privado;PH_Unidad_Predial;551.82;0.004725;551.82
1642824;L6_261;261;261;BOLÍVAR;TURBACO;"14/10/2025";"060-355492";;SIN NPN;Desenglobe_Venta_Parcial;"060-359992";Privado_Privado;PH_Unidad_Predial;547.43;0.004687;547.43
1642825;L6_262;262;262;BOLÍVAR;TURBACO;"14/10/2025";"060-355492";;SIN NPN;Desenglobe_Venta_Parcial;"060-359993";Privado_Privado;PH_Unidad_Predial;545.61;0.004672;545.61
1642826;L6_263;263;263;BOLÍVAR;TURBACO;"14/10/2025";"060-355492";;SIN NPN;Desenglobe_Venta_Parcial;"060-359994";Privado_Privado;PH_Unidad_Predial;550.93;0.004717;550.93
1642827;L6_264;264;264;BOLÍVAR;TURBACO;"14/10/2025";"060-355492";;SIN NPN;Desenglobe_Venta_Parcial;"060-359995";Privado_Privado;PH_Unidad_Predial;557.98;0.004778;557.98
1642828;L6_265;265;265;BOLÍVAR;TURBACO;"14/10/2025";"060-355492";;SIN NPN;Desenglobe_Venta_Parcial;"060-359996";Privado_Privado;PH_Unidad_Predial;546.41;0.004679;546.41
1642829;L6_266;266;266;BOLÍVAR;TURBACO;"14/10/2025";"060-355492";;SIN NPN;Desenglobe_Venta_Parcial;"060-359997";Privado_Privado;PH_Unidad_Predial;544.79;0.004665;544.79
1642830;L6_267;267;267;BOLÍVAR;TURBACO;"14/10/2025";"060-355492";;SIN NPN;Desenglobe_Venta_Parcial;"060-359998";Privado_Privado;PH_Unidad_Predial;551.3;0.004718;551.3
1642831;L6_268;268;268;BOLÍVAR;TURBACO;"14/10/2025";"060-355492";;SIN NPN;Desenglobe_Venta_Parcial;"060-359999";Privado_Privado;PH_Unidad_Predial;515.83;0.004417;515.83
1642832;L6_269;269;269;BOLÍVAR;TURBACO;"14/10/2025";"060-355492";;SIN NPN;Desenglobe_Venta_Parcial;"060-360000";Privado_Privado;PH_Unidad_Predial;550.59;0.0047139999999999994;550.59
1642833;L6_270;270;270;BOLÍVAR;TURBACO;"14/10/2025";"060-355492";;SIN NPN;Desenglobe_Venta_Parcial;"060-360001";Privado_Privado;PH_Unidad_Predial;557.5;0.00477;557.5
1642834;L6_271;271;271;BOLÍVAR;TURBACO;"14/10/2025";"060-355492";;SIN NPN;Desenglobe_Venta_Parcial;"060-360002";Privado_Privado;PH_Unidad_Predial;588.38;0.005038;588.38
1642835;L6_272;272;272;BOLÍVAR;TURBACO;"14/10/2025";"060-355492";;SIN NPN;Desenglobe_Venta_Parcial;"060-360003";Privado_Privado;PH_Unidad_Predial;549.99;0.004709;549.99
1642836;L6_273;273;273;BOLÍVAR;TURBACO;"14/10/2025";"060-355492";;SIN NPN;Desenglobe_Venta_Parcial;"060-360004";Privado_Privado;PH_Unidad_Predial;549.14;0.0047020000000000005;549.14
1642837;L6_274;274;274;BOLÍVAR;TURBACO;"14/10/2025";"060-355492";;SIN NPN;Desenglobe_Venta_Parcial;"060-360005";Privado_Privado;PH_Unidad_Predial;546.35;0.004678;546.35
1642838;L6_275;275;275;BOLÍVAR;TURBACO;"14/10/2025";"060-355492";;SIN NPN;Desenglobe_Venta_Parcial;"060-360006";Privado_Privado;PH_Unidad_Predial;548.4;0.004693;548.4
1642839;L6_276;276;276;BOLÍVAR;TURBACO;"14/10/2025";"060-355492";;SIN NPN;Desenglobe_Venta_Parcial;"060-360007";Privado_Privado;PH_Unidad_Predial;547.88;0.004691;547.88
1642840;L6_277;277;277;BOLÍVAR;TURBACO;"14/10/2025";"060-355492";;SIN NPN;Desenglobe_Venta_Parcial;"060-360008";Privado_Privado;PH_Unidad_Predial;544.78;0.004665;544.78
1642841;L6_278;278;278;BOLÍVAR;TURBACO;"14/10/2025";"060-355492";;SIN NPN;Desenglobe_Venta_Parcial;"060-360009";Privado_Privado;PH_Unidad_Predial;545.31;0.0046689999999999995;545.31
1642842;L6_279;279;279;BOLÍVAR;TURBACO;"14/10/2025";"060-355492";;SIN NPN;Desenglobe_Venta_Parcial;"060-360010";Privado_Privado;PH_Unidad_Predial;628.46;0.005381;628.46
1642843;L6_280;280;280;BOLÍVAR;TURBACO;"14/10/2025";"060-355492";;SIN NPN;Desenglobe_Venta_Parcial;"060-360011";Privado_Privado;PH_Unidad_Predial;909.1;0.007783;909.1
1642844;L6_281;281;281;BOLÍVAR;TURBACO;"14/10/2025";"060-355492";;SIN NPN;Desenglobe_Venta_Parcial;"060-360012";Privado_Privado;PH_Unidad_Predial;521.9;0.004469;521.9
1642845;L6_282;282;282;BOLÍVAR;TURBACO;"14/10/2025";"060-355492";;SIN NPN;Desenglobe_Venta_Parcial;"060-360013";Privado_Privado;PH_Unidad_Predial;568.29;0.004866;568.29
1642846;L6_283;283;283;BOLÍVAR;TURBACO;"14/10/2025";"060-355492";;SIN NPN;Desenglobe_Venta_Parcial;"060-360014";Privado_Privado;PH_Unidad_Predial;520.5;0.0044529999999999995;520.5
1642847;L6_284;284;284;BOLÍVAR;TURBACO;"14/10/2025";"060-355492";;SIN NPN;Desenglobe_Venta_Parcial;"060-360015";Privado_Privado;PH_Unidad_Predial;520.05;0.0044529999999999995;520.05
1642848;L6_285;285;285;BOLÍVAR;TURBACO;"14/10/2025";"060-355492";;SIN NPN;Desenglobe_Venta_Parcial;"060-360016";Privado_Privado;PH_Unidad_Predial;519.66;0.00445;519.66
1642849;L6_286;286;286;BOLÍVAR;TURBACO;"14/10/2025";"060-355492";;SIN NPN;Desenglobe_Venta_Parcial;"060-360017";Privado_Privado;PH_Unidad_Predial;1028.44;0.008806000000000001;1028.44
1642850;L6_287;287;287;BOLÍVAR;TURBACO;"14/10/2025";"060-355492";;SIN NPN;Desenglobe_Venta_Parcial;"060-360018";Privado_Privado;PH_Unidad_Predial;708.53;0.006067;708.53
1642851;L6_288;288;288;BOLÍVAR;TURBACO;"14/10/2025";"060-355492";;SIN NPN;Desenglobe_Venta_Parcial;"060-360019";Privado_Privado;PH_Unidad_Predial;600.0;0.005137;600.0
1642852;L6_289;289;289;BOLÍVAR;TURBACO;"14/10/2025";"060-355492";;SIN NPN;Desenglobe_Venta_Parcial;"060-360020";Privado_Privado;PH_Unidad_Predial;599.14;0.00513;599.14
1642853;L6_290;290;290;BOLÍVAR;TURBACO;"14/10/2025";"060-355492";;SIN NPN;Desenglobe_Venta_Parcial;"060-360021";Privado_Privado;PH_Unidad_Predial;575.69;0.004929;575.69
1642854;L6_291;291;291;BOLÍVAR;TURBACO;"14/10/2025";"060-355492";;SIN NPN;Desenglobe_Venta_Parcial;"060-360022";Privado_Privado;PH_Unidad_Predial;627.57;0.005373;627.57
1642855;L6_292;292;292;BOLÍVAR;TURBACO;"14/10/2025";"060-355492";;SIN NPN;Desenglobe_Venta_Parcial;"060-360023";Privado_Privado;PH_Unidad_Predial;724.98;0.006207000000000001;724.98
1642856;L6_293;293;293;BOLÍVAR;TURBACO;"14/10/2025";"060-355492";;SIN NPN;Desenglobe_Venta_Parcial;"060-360024";Privado_Privado;PH_Unidad_Predial;597.37;0.005115;597.37
1642857;L6_294;294;294;BOLÍVAR;TURBACO;"14/10/2025";"060-355492";;SIN NPN;Desenglobe_Venta_Parcial;"060-360025";Privado_Privado;PH_Unidad_Predial;577.57;0.004945;577.57
1642858;L6_295;295;295;BOLÍVAR;TURBACO;"14/10/2025";"060-355492";;SIN NPN;Desenglobe_Venta_Parcial;"060-360026";Privado_Privado;PH_Unidad_Predial;570.69;0.004886;570.69
1642859;L6_296;296;296;BOLÍVAR;TURBACO;"14/10/2025";"060-355492";;SIN NPN;Desenglobe_Venta_Parcial;"060-360027";Privado_Privado;PH_Unidad_Predial;570.0;0.004881;570.0
1642860;L6_297;297;297;BOLÍVAR;TURBACO;"14/10/2025";"060-355492";;SIN NPN;Desenglobe_Venta_Parcial;"060-360028";Privado_Privado;PH_Unidad_Predial;570.0;0.004881;570.0
1642861;L6_298;298;298;BOLÍVAR;TURBACO;"14/10/2025";"060-355492";;SIN NPN;Desenglobe_Venta_Parcial;"060-360029";Privado_Privado;PH_Unidad_Predial;570.0;0.004881;570.0
1642862;L6_299;299;299;BOLÍVAR;TURBACO;"14/10/2025";"060-355492";;SIN NPN;Desenglobe_Venta_Parcial;"060-360030";Privado_Privado;PH_Unidad_Predial;570.0;0.004881;570.0
1642863;L6_300;300;300;BOLÍVAR;TURBACO;"14/10/2025";"060-355492";;SIN NPN;Desenglobe_Venta_Parcial;"060-360031";Privado_Privado;PH_Unidad_Predial;570.0;0.004881;570.0
1642864;L6_301;301;301;BOLÍVAR;TURBACO;"14/10/2025";"060-355492";;SIN NPN;Desenglobe_Venta_Parcial;"060-360032";Privado_Privado;PH_Unidad_Predial;570.0;0.004881;570.0
1642865;L6_302;302;302;BOLÍVAR;TURBACO;"14/10/2025";"060-355492";;SIN NPN;Desenglobe_Venta_Parcial;"060-360033";Privado_Privado;PH_Unidad_Predial;571.0;0.004889;571.0
1642866;L6_303;303;303;BOLÍVAR;TURBACO;"14/10/2025";"060-355492";;SIN NPN;Desenglobe_Venta_Parcial;"060-360034";Privado_Privado;PH_Unidad_Predial;570.0;0.004881;570.0
1642867;L6_304;304;304;BOLÍVAR;TURBACO;"14/10/2025";"060-355492";;SIN NPN;Desenglobe_Venta_Parcial;"060-360035";Privado_Privado;PH_Unidad_Predial;570.0;0.004881;570.0
1642868;L6_305;305;305;BOLÍVAR;TURBACO;"14/10/2025";"060-355492";;SIN NPN;Desenglobe_Venta_Parcial;"060-360036";Privado_Privado;PH_Unidad_Predial;570.0;0.004881;570.0
1642869;L6_306;306;306;BOLÍVAR;TURBACO;"14/10/2025";"060-355492";;SIN NPN;Desenglobe_Venta_Parcial;"060-360037";Privado_Privado;PH_Unidad_Predial;560.68;0.004801000000000001;560.68
1642870;L6_307;307;307;BOLÍVAR;TURBACO;"14/10/2025";"060-355492";;SIN NPN;Desenglobe_Venta_Parcial;"060-360038";Privado_Privado;PH_Unidad_Predial;540.45;0.004627;540.45
1642871;L6_308;308;308;BOLÍVAR;TURBACO;"14/10/2025";"060-355492";;SIN NPN;Desenglobe_Venta_Parcial;"060-360039";Privado_Privado;PH_Unidad_Predial;507.27;0.0043430000000000005;507.27
1642872;L6_309;309;309;BOLÍVAR;TURBACO;"14/10/2025";"060-355492";;SIN NPN;Desenglobe_Venta_Parcial;"060-360040";Privado_Privado;PH_Unidad_Predial;503.81;0.004314;503.81
1642873;L6_310;310;310;BOLÍVAR;TURBACO;"14/10/2025";"060-355492";;SIN NPN;Desenglobe_Venta_Parcial;"060-360041";Privado_Privado;PH_Unidad_Predial;500.31;0.004284;500.31
1642874;L6_311;311;311;BOLÍVAR;TURBACO;"14/10/2025";"060-355492";;SIN NPN;Desenglobe_Venta_Parcial;"060-360042";Privado_Privado;PH_Unidad_Predial;501.64;0.004295;501.64
1642875;L6_312;312;312;BOLÍVAR;TURBACO;"14/10/2025";"060-355492";;SIN NPN;Desenglobe_Venta_Parcial;"060-360043";Privado_Privado;PH_Unidad_Predial;522.1;0.00447;522.1
1642876;L6_313;313;313;BOLÍVAR;TURBACO;"14/10/2025";"060-355492";;SIN NPN;Desenglobe_Venta_Parcial;"060-360044";Privado_Privado;PH_Unidad_Predial;1012.35;0.008668;1012.35
1642877;L6_314;314;314;BOLÍVAR;TURBACO;"14/10/2025";"060-355492";;SIN NPN;Desenglobe_Venta_Parcial;"060-360045";Privado_Privado;PH_Unidad_Predial;510.0;0.004366999999999999;510.0
1642878;L6_315;315;315;BOLÍVAR;TURBACO;"14/10/2025";"060-355492";;SIN NPN;Desenglobe_Venta_Parcial;"060-360046";Privado_Privado;PH_Unidad_Predial;739.2;0.006328;739.2
1642879;L6_316;316;316;BOLÍVAR;TURBACO;"14/10/2025";"060-355492";;SIN NPN;Desenglobe_Venta_Parcial;"060-360047";Privado_Privado;PH_Unidad_Predial;721.63;0.0061790000000000005;721.63
1642880;L6_317;317;317;BOLÍVAR;TURBACO;"14/10/2025";"060-355492";;SIN NPN;Desenglobe_Venta_Parcial;"060-360048";Privado_Privado;PH_Unidad_Predial;510.0;0.004366999999999999;510.0
1642881;L6_318;318;318;BOLÍVAR;TURBACO;"14/10/2025";"060-355492";;SIN NPN;Desenglobe_Venta_Parcial;"060-360049";Privado_Privado;PH_Unidad_Predial;510.0;0.004366999999999999;510.0
1642882;L6_319;319;319;BOLÍVAR;TURBACO;"14/10/2025";"060-355492";;SIN NPN;Desenglobe_Venta_Parcial;"060-360050";Privado_Privado;PH_Unidad_Predial;510.0;0.004366999999999999;510.0
1642883;L6_320;320;320;BOLÍVAR;TURBACO;"14/10/2025";"060-355492";;SIN NPN;Desenglobe_Venta_Parcial;"060-360051";Privado_Privado;PH_Unidad_Predial;510.0;0.004366999999999999;510.0
1642884;L6_321;321;321;BOLÍVAR;TURBACO;"14/10/2025";"060-355492";;SIN NPN;Desenglobe_Venta_Parcial;"060-360052";Privado_Privado;PH_Unidad_Predial;510.0;0.004366999999999999;510.0
1642885;L6_322;322;322;BOLÍVAR;TURBACO;"14/10/2025";"060-355492";;SIN NPN;Desenglobe_Venta_Parcial;"060-360053";Privado_Privado;PH_Unidad_Predial;510.0;0.004366999999999999;510.0
1642886;L6_323;323;323;BOLÍVAR;TURBACO;"14/10/2025";"060-355492";;SIN NPN;Desenglobe_Venta_Parcial;"060-360054";Privado_Privado;PH_Unidad_Predial;510.0;0.004366999999999999;510.0
1642887;L6_324;324;324;BOLÍVAR;TURBACO;"14/10/2025";"060-355492";;SIN NPN;Desenglobe_Venta_Parcial;"060-360055";Privado_Privado;PH_Unidad_Predial;510.0;0.004366999999999999;510.0
1642888;L6_325;325;325;BOLÍVAR;TURBACO;"14/10/2025";"060-355492";;SIN NPN;Desenglobe_Venta_Parcial;"060-360056";Privado_Privado;PH_Unidad_Predial;955.69;0.008183000000000001;955.69
1642889;L6_326;326;326;BOLÍVAR;TURBACO;"14/10/2025";"060-355492";;SIN NPN;Desenglobe_Venta_Parcial;"060-360057";Privado_Privado;PH_Unidad_Predial;726.14;0.006217;726.14
1642890;L6_327;327;327;BOLÍVAR;TURBACO;"14/10/2025";"060-355492";;SIN NPN;Desenglobe_Venta_Parcial;"060-360058";Privado_Privado;PH_Unidad_Predial;510.0;0.004366999999999999;510.0
1642891;L6_328;328;328;BOLÍVAR;TURBACO;"14/10/2025";"060-355492";;SIN NPN;Desenglobe_Venta_Parcial;"060-360059";Privado_Privado;PH_Unidad_Predial;510.0;0.004366999999999999;510.0
1642892;L6_329;329;329;BOLÍVAR;TURBACO;"14/10/2025";"060-355492";;SIN NPN;Desenglobe_Venta_Parcial;"060-360060";Privado_Privado;PH_Unidad_Predial;510.0;0.004366999999999999;510.0
1642893;L6_330;330;330;BOLÍVAR;TURBACO;"14/10/2025";"060-355492";;SIN NPN;Desenglobe_Venta_Parcial;"060-360061";Privado_Privado;PH_Unidad_Predial;510.0;0.004366999999999999;510.0
1642894;L6_331;331;331;BOLÍVAR;TURBACO;"14/10/2025";"060-355492";;SIN NPN;Desenglobe_Venta_Parcial;"060-360062";Privado_Privado;PH_Unidad_Predial;510.0;0.004366999999999999;510.0
1642895;L6_332;332;332;BOLÍVAR;TURBACO;"14/10/2025";"060-355492";;SIN NPN;Desenglobe_Venta_Parcial;"060-360063";Privado_Privado;PH_Unidad_Predial;510.0;0.004366999999999999;510.0
1642896;L6_333;333;333;BOLÍVAR;TURBACO;"14/10/2025";"060-355492";;SIN NPN;Desenglobe_Venta_Parcial;"060-360064";Privado_Privado;PH_Unidad_Predial;510.0;0.004366999999999999;510.0
1642897;L6_334;334;334;BOLÍVAR;TURBACO;"14/10/2025";"060-355492";;SIN NPN;Desenglobe_Venta_Parcial;"060-360065";Privado_Privado;PH_Unidad_Predial;510.0;0.004366999999999999;510.0
1642898;L6_335;335;335;BOLÍVAR;TURBACO;"14/10/2025";"060-355492";;SIN NPN;Desenglobe_Venta_Parcial;"060-360066";Privado_Privado;PH_Unidad_Predial;510.0;0.004366999999999999;510.0
1642899;L6_336;336;336;BOLÍVAR;TURBACO;"14/10/2025";"060-355492";;SIN NPN;Desenglobe_Venta_Parcial;"060-360067";Privado_Privado;PH_Unidad_Predial;510.0;0.004366999999999999;510.0
1642900;L6_337;337;337;BOLÍVAR;TURBACO;"14/10/2025";"060-355492";;SIN NPN;Desenglobe_Venta_Parcial;"060-360068";Privado_Privado;PH_Unidad_Predial;545.91;0.004674;545.91
1642901;L6_338;338;338;BOLÍVAR;TURBACO;"14/10/2025";"060-355492";;SIN NPN;Desenglobe_Venta_Parcial;"060-360069";Privado_Privado;PH_Unidad_Predial;802.92;0.006875;802.92
1642902;L6_339;339;339;BOLÍVAR;TURBACO;"14/10/2025";"060-355492";;SIN NPN;Desenglobe_Venta_Parcial;"060-360070";Privado_Privado;PH_Unidad_Predial;510.0;0.004366999999999999;510.0
1642903;L6_340;340;340;BOLÍVAR;TURBACO;"14/10/2025";"060-355492";;SIN NPN;Desenglobe_Venta_Parcial;"060-360071";Privado_Privado;PH_Unidad_Predial;510.0;0.004366999999999999;510.0
1642904;L6_341;341;341;BOLÍVAR;TURBACO;"14/10/2025";"060-355492";;SIN NPN;Desenglobe_Venta_Parcial;"060-360072";Privado_Privado;PH_Unidad_Predial;510.0;0.004366999999999999;510.0
1642905;L6_342;342;342;BOLÍVAR;TURBACO;"14/10/2025";"060-355492";;SIN NPN;Desenglobe_Venta_Parcial;"060-360073";Privado_Privado;PH_Unidad_Predial;510.0;0.004366999999999999;510.0
1642906;L6_343;343;343;BOLÍVAR;TURBACO;"14/10/2025";"060-355492";;SIN NPN;Desenglobe_Venta_Parcial;"060-360074";Privado_Privado;PH_Unidad_Predial;510.0;0.004366999999999999;510.0
1642907;L6_344;344;344;BOLÍVAR;TURBACO;"14/10/2025";"060-355492";;SIN NPN;Desenglobe_Venta_Parcial;"060-360075";Privado_Privado;PH_Unidad_Predial;510.0;0.004366999999999999;510.0
1642908;L6_345;345;345;BOLÍVAR;TURBACO;"14/10/2025";"060-355492";;SIN NPN;Desenglobe_Venta_Parcial;"060-360076";Privado_Privado;PH_Unidad_Predial;510.0;0.004366999999999999;510.0
1642909;L6_346;346;346;BOLÍVAR;TURBACO;"14/10/2025";"060-355492";;SIN NPN;Desenglobe_Venta_Parcial;"060-360077";Privado_Privado;PH_Unidad_Predial;510.0;0.004366999999999999;510.0
1642910;L6_347;347;347;BOLÍVAR;TURBACO;"14/10/2025";"060-355492";;SIN NPN;Desenglobe_Venta_Parcial;"060-360078";Privado_Privado;PH_Unidad_Predial;510.0;0.004366999999999999;510.0
1642911;L6_348;348;348;BOLÍVAR;TURBACO;"14/10/2025";"060-355492";;SIN NPN;Desenglobe_Venta_Parcial;"060-360079";Privado_Privado;PH_Unidad_Predial;510.0;0.004366999999999999;510.0
1642912;L6_349;349;349;BOLÍVAR;TURBACO;"14/10/2025";"060-355492";;SIN NPN;Desenglobe_Venta_Parcial;"060-360080";Privado_Privado;PH_Unidad_Predial;510.0;0.004366999999999999;510.0
1642913;L6_350;350;350;BOLÍVAR;TURBACO;"14/10/2025";"060-355492";;SIN NPN;Desenglobe_Venta_Parcial;"060-360081";Privado_Privado;PH_Unidad_Predial;510.0;0.004366999999999999;510.0
1642914;L6_351;351;351;BOLÍVAR;TURBACO;"14/10/2025";"060-355492";;SIN NPN;Desenglobe_Venta_Parcial;"060-360082";Privado_Privado;PH_Unidad_Predial;510.0;0.004366999999999999;510.0
1642915;L6_352;352;352;BOLÍVAR;TURBACO;"14/10/2025";"060-355492";;SIN NPN;Desenglobe_Venta_Parcial;"060-360083";Privado_Privado;PH_Unidad_Predial;853.92;0.007312;853.92
1642916;L6_353;353;353;BOLÍVAR;TURBACO;"14/10/2025";"060-355492";;SIN NPN;Desenglobe_Venta_Parcial;"060-360084";Privado_Privado;PH_Unidad_Predial;871.98;0.007466;871.98
1642917;L6_354;354;354;BOLÍVAR;TURBACO;"14/10/2025";"060-355492";;SIN NPN;Desenglobe_Venta_Parcial;"060-360085";Privado_Privado;PH_Unidad_Predial;510.0;0.004366999999999999;510.0
1642918;L6_355;355;355;BOLÍVAR;TURBACO;"14/10/2025";"060-355492";;SIN NPN;Desenglobe_Venta_Parcial;"060-360086";Privado_Privado;PH_Unidad_Predial;510.0;0.004366999999999999;510.0
1642919;L6_356;356;356;BOLÍVAR;TURBACO;"14/10/2025";"060-355492";;SIN NPN;Desenglobe_Venta_Parcial;"060-360087";Privado_Privado;PH_Unidad_Predial;510.0;0.004366999999999999;510.0
1642920;L6_357;357;357;BOLÍVAR;TURBACO;"14/10/2025";"060-355492";;SIN NPN;Desenglobe_Venta_Parcial;"060-360088";Privado_Privado;PH_Unidad_Predial;510.0;0.004366999999999999;510.0
1642921;L6_358;358;358;BOLÍVAR;TURBACO;"14/10/2025";"060-355492";;SIN NPN;Desenglobe_Venta_Parcial;"060-360089";Privado_Privado;PH_Unidad_Predial;510.0;0.004366999999999999;510.0
1642922;L6_359;359;359;BOLÍVAR;TURBACO;"14/10/2025";"060-355492";;SIN NPN;Desenglobe_Venta_Parcial;"060-360090";Privado_Privado;PH_Unidad_Predial;510.0;0.004366999999999999;510.0
1642923;L6_360;360;360;BOLÍVAR;TURBACO;"14/10/2025";"060-355492";;SIN NPN;Desenglobe_Venta_Parcial;"060-360091";Privado_Privado;PH_Unidad_Predial;510.0;0.004366999999999999;510.0
1642924;L6_361;361;361;BOLÍVAR;TURBACO;"14/10/2025";"060-355492";;SIN NPN;Desenglobe_Venta_Parcial;"060-360092";Privado_Privado;PH_Unidad_Predial;510.0;0.004366999999999999;510.0
1642925;L6_362;362;362;BOLÍVAR;TURBACO;"14/10/2025";"060-355492";;SIN NPN;Desenglobe_Venta_Parcial;"060-360093";Privado_Privado;PH_Unidad_Predial;510.0;0.004366999999999999;510.0
1642926;L6_363;363;363;BOLÍVAR;TURBACO;"14/10/2025";"060-355492";;SIN NPN;Desenglobe_Venta_Parcial;"060-360094";Privado_Privado;PH_Unidad_Predial;510.0;0.004366999999999999;510.0
1642927;L6_364;364;364;BOLÍVAR;TURBACO;"14/10/2025";"060-355492";;SIN NPN;Desenglobe_Venta_Parcial;"060-360095";Privado_Privado;PH_Unidad_Predial;510.0;0.004366999999999999;510.0
1642928;L6_365;365;365;BOLÍVAR;TURBACO;"14/10/2025";"060-355492";;SIN NPN;Desenglobe_Venta_Parcial;"060-360096";Privado_Privado;PH_Unidad_Predial;510.0;0.004366999999999999;510.0
1642929;L6_366;366;366;BOLÍVAR;TURBACO;"14/10/2025";"060-355492";;SIN NPN;Desenglobe_Venta_Parcial;"060-360097";Privado_Privado;PH_Unidad_Predial;510.0;0.004366999999999999;510.0
1642930;L6_367;367;367;BOLÍVAR;TURBACO;"14/10/2025";"060-355492";;SIN NPN;Desenglobe_Venta_Parcial;"060-360098";Privado_Privado;PH_Unidad_Predial;550.85;0.004717;550.85
1642931;L6_368;368;368;BOLÍVAR;TURBACO;"14/10/2025";"060-355492";;SIN NPN;Desenglobe_Venta_Parcial;"060-360099";Privado_Privado;PH_Unidad_Predial;507.68;0.004347;507.68
1642932;L6_369;369;369;BOLÍVAR;TURBACO;"14/10/2025";"060-355492";;SIN NPN;Desenglobe_Venta_Parcial;"060-360100";Privado_Privado;PH_Unidad_Predial;510.0;0.004366999999999999;510.0
1642933;L6_370;370;370;BOLÍVAR;TURBACO;"14/10/2025";"060-355492";;SIN NPN;Desenglobe_Venta_Parcial;"060-360101";Privado_Privado;PH_Unidad_Predial;510.0;0.004366999999999999;510.0
1642934;L6_371;371;371;BOLÍVAR;TURBACO;"14/10/2025";"060-355492";;SIN NPN;Desenglobe_Venta_Parcial;"060-360102";Privado_Privado;PH_Unidad_Predial;510.0;0.004366999999999999;510.0
1642935;L6_372;372;372;BOLÍVAR;TURBACO;"14/10/2025";"060-355492";;SIN NPN;Desenglobe_Venta_Parcial;"060-360103";Privado_Privado;PH_Unidad_Predial;510.0;0.004366999999999999;510.0
1642936;L6_373;373;373;BOLÍVAR;TURBACO;"14/10/2025";"060-355492";;SIN NPN;Desenglobe_Venta_Parcial;"060-360104";Privado_Privado;PH_Unidad_Predial;510.0;0.004366999999999999;510.0
1642937;L6_374;374;374;BOLÍVAR;TURBACO;"14/10/2025";"060-355492";;SIN NPN;Desenglobe_Venta_Parcial;"060-360105";Privado_Privado;PH_Unidad_Predial;510.0;0.004366999999999999;510.0
1642938;L6_375;375;375;BOLÍVAR;TURBACO;"14/10/2025";"060-355492";;SIN NPN;Desenglobe_Venta_Parcial;"060-360106";Privado_Privado;PH_Unidad_Predial;510.0;0.004366999999999999;510.0
1642939;L6_376;376;376;BOLÍVAR;TURBACO;"14/10/2025";"060-355492";;SIN NPN;Desenglobe_Venta_Parcial;"060-360107";Privado_Privado;PH_Unidad_Predial;510.0;0.004366999999999999;510.0
1642940;L6_377;377;377;BOLÍVAR;TURBACO;"14/10/2025";"060-355492";;SIN NPN;Desenglobe_Venta_Parcial;"060-360108";Privado_Privado;PH_Unidad_Predial;510.0;0.004366999999999999;510.0
1642941;L6_378;378;378;BOLÍVAR;TURBACO;"14/10/2025";"060-355492";;SIN NPN;Desenglobe_Venta_Parcial;"060-360109";Privado_Privado;PH_Unidad_Predial;510.0;0.004366999999999999;510.0
1642942;L6_379;379;379;BOLÍVAR;TURBACO;"14/10/2025";"060-355492";;SIN NPN;Desenglobe_Venta_Parcial;"060-360110";Privado_Privado;PH_Unidad_Predial;510.0;0.004366999999999999;510.0
1642943;L6_380;380;380;BOLÍVAR;TURBACO;"14/10/2025";"060-355492";;SIN NPN;Desenglobe_Venta_Parcial;"060-360111";Privado_Privado;PH_Unidad_Predial;510.0;0.004366999999999999;510.0
1642944;L6_381;381;381;BOLÍVAR;TURBACO;"14/10/2025";"060-355492";;SIN NPN;Desenglobe_Venta_Parcial;"060-360112";Privado_Privado;PH_Unidad_Predial;510.0;0.004366999999999999;510.0
1642945;L6_383;383;383;BOLÍVAR;TURBACO;"14/10/2025";"060-355492";;SIN NPN;Desenglobe_Venta_Parcial;"060-360114";Privado_Privado;PH_Unidad_Predial;525.12;0.004496;525.12
1642946;L6_384;384;384;BOLÍVAR;TURBACO;"14/10/2025";"060-355492";;SIN NPN;Desenglobe_Venta_Parcial;"060-360115";Privado_Privado;PH_Unidad_Predial;503.33;0.00431;503.33
1642947;L6_385;385;385;BOLÍVAR;TURBACO;"14/10/2025";"060-355492";;SIN NPN;Desenglobe_Venta_Parcial;"060-360116";Privado_Privado;PH_Unidad_Predial;510.0;0.004366999999999999;510.0
1642948;L6_386;386;386;BOLÍVAR;TURBACO;"14/10/2025";"060-355492";;SIN NPN;Desenglobe_Venta_Parcial;"060-360117";Privado_Privado;PH_Unidad_Predial;510.0;0.004366999999999999;510.0
1642949;L6_387;387;387;BOLÍVAR;TURBACO;"14/10/2025";"060-355492";;SIN NPN;Desenglobe_Venta_Parcial;"060-360118";Privado_Privado;PH_Unidad_Predial;510.0;0.004366999999999999;510.0
1642950;L6_388;388;388;BOLÍVAR;TURBACO;"14/10/2025";"060-355492";;SIN NPN;Desenglobe_Venta_Parcial;"060-360119";Privado_Privado;PH_Unidad_Predial;510.0;0.004366999999999999;510.0
1642951;L6_389;389;389;BOLÍVAR;TURBACO;"14/10/2025";"060-355492";;SIN NPN;Desenglobe_Venta_Parcial;"060-360120";Privado_Privado;PH_Unidad_Predial;510.0;0.004366999999999999;510.0
1642952;L6_390;390;390;BOLÍVAR;TURBACO;"14/10/2025";"060-355492";;SIN NPN;Desenglobe_Venta_Parcial;"060-360121";Privado_Privado;PH_Unidad_Predial;510.0;0.004366999999999999;510.0
1642953;L6_391;391;391;BOLÍVAR;TURBACO;"14/10/2025";"060-355492";;SIN NPN;Desenglobe_Venta_Parcial;"060-360122";Privado_Privado;PH_Unidad_Predial;510.0;0.004366999999999999;510.0
1642954;L6_392;392;392;BOLÍVAR;TURBACO;"14/10/2025";"060-355492";;SIN NPN;Desenglobe_Venta_Parcial;"060-360123";Privado_Privado;PH_Unidad_Predial;510.0;0.004366999999999999;510.0
1642955;L6_393;393;393;BOLÍVAR;TURBACO;"14/10/2025";"060-355492";;SIN NPN;Desenglobe_Venta_Parcial;"060-360124";Privado_Privado;PH_Unidad_Predial;510.0;0.004366999999999999;510.0
1642956;L6_394;394;394;BOLÍVAR;TURBACO;"14/10/2025";"060-355492";;SIN NPN;Desenglobe_Venta_Parcial;"060-360125";Privado_Privado;PH_Unidad_Predial;510.0;0.004366999999999999;510.0
1642957;L6_395;395;395;BOLÍVAR;TURBACO;"14/10/2025";"060-355492";;SIN NPN;Desenglobe_Venta_Parcial;"060-360126";Privado_Privado;PH_Unidad_Predial;510.0;0.004366999999999999;510.0
1642958;L6_396;396;396;BOLÍVAR;TURBACO;"14/10/2025";"060-355492";;SIN NPN;Desenglobe_Venta_Parcial;"060-360127";Privado_Privado;PH_Unidad_Predial;510.0;0.004366999999999999;510.0
1642959;L6_397;397;397;BOLÍVAR;TURBACO;"14/10/2025";"060-355492";;SIN NPN;Desenglobe_Venta_Parcial;"060-360128";Privado_Privado;PH_Unidad_Predial;510.0;0.004366999999999999;510.0
1642960;L6_398;398;398;BOLÍVAR;TURBACO;"14/10/2025";"060-355492";;SIN NPN;Desenglobe_Venta_Parcial;"060-360129";Privado_Privado;PH_Unidad_Predial;510.0;0.004366999999999999;510.0
1642961;L6_399;399;399;BOLÍVAR;TURBACO;"14/10/2025";"060-355492";;SIN NPN;Desenglobe_Venta_Parcial;"060-360130";Privado_Privado;PH_Unidad_Predial;861.82;0.0073560000000000006;861.82
1642962;L6_579;579;579;BOLÍVAR;TURBACO;"14/10/2025";"060-357951";;SIN NPN;Predio_Nuevo;"060-403971";Privado_Privado;PH_Unidad_Predial;58.25;0.002;58.25
1642963;L6_515;515;515;BOLÍVAR;TURBACO;"14/10/2025";"060-357951";;SIN NPN;Predio_Nuevo;"060-403907";Privado_Privado;PH_Unidad_Predial;58.25;0.002;58.25
1642964;L6_516;516;516;BOLÍVAR;TURBACO;"14/10/2025";"060-357951";;SIN NPN;Predio_Nuevo;"060-403908";Privado_Privado;PH_Unidad_Predial;58.25;0.002;58.25
1642965;L6_517;517;517;BOLÍVAR;TURBACO;"14/10/2025";"060-357951";;SIN NPN;Predio_Nuevo;"060-403909";Privado_Privado;PH_Unidad_Predial;58.25;0.002;58.25
1642966;L6_518;518;518;BOLÍVAR;TURBACO;"14/10/2025";"060-357951";;SIN NPN;Predio_Nuevo;"060-403910";Privado_Privado;PH_Unidad_Predial;58.25;0.002;58.25
1642967;L6_519;519;519;BOLÍVAR;TURBACO;"14/10/2025";"060-357951";;SIN NPN;Predio_Nuevo;"060-403911";Privado_Privado;PH_Unidad_Predial;58.25;0.002;58.25
1642968;L6_520;520;520;BOLÍVAR;TURBACO;"14/10/2025";"060-357951";;SIN NPN;Predio_Nuevo;"060-403912";Privado_Privado;PH_Unidad_Predial;58.25;0.002;58.25
1642969;L6_521;521;521;BOLÍVAR;TURBACO;"14/10/2025";"060-357951";;SIN NPN;Predio_Nuevo;"060-403913";Privado_Privado;PH_Unidad_Predial;58.25;0.002;58.25
1642970;L6_522;522;522;BOLÍVAR;TURBACO;"14/10/2025";"060-357951";;SIN NPN;Predio_Nuevo;"060-403914";Privado_Privado;PH_Unidad_Predial;58.25;0.002;58.25
1642971;L6_523;523;523;BOLÍVAR;TURBACO;"14/10/2025";"060-357951";;SIN NPN;Predio_Nuevo;"060-403915";Privado_Privado;PH_Unidad_Predial;58.25;0.002;58.25
1642972;L6_524;524;524;BOLÍVAR;TURBACO;"14/10/2025";"060-357951";;SIN NPN;Predio_Nuevo;"060-403916";Privado_Privado;PH_Unidad_Predial;58.25;0.002;58.25
1642973;L6_525;525;525;BOLÍVAR;TURBACO;"14/10/2025";"060-357951";;SIN NPN;Predio_Nuevo;"060-403917";Privado_Privado;PH_Unidad_Predial;58.25;0.002;58.25
1642974;L6_526;526;526;BOLÍVAR;TURBACO;"14/10/2025";"060-357951";;SIN NPN;Predio_Nuevo;"060-403918";Privado_Privado;PH_Unidad_Predial;58.25;0.002;58.25
1642975;L6_527;527;527;BOLÍVAR;TURBACO;"14/10/2025";"060-357951";;SIN NPN;Predio_Nuevo;"060-403919";Privado_Privado;PH_Unidad_Predial;58.25;0.002;58.25
1642976;L6_528;528;528;BOLÍVAR;TURBACO;"14/10/2025";"060-357951";;SIN NPN;Predio_Nuevo;"060-403920";Privado_Privado;PH_Unidad_Predial;58.25;0.002;58.25
1642977;L6_529;529;529;BOLÍVAR;TURBACO;"14/10/2025";"060-357951";;SIN NPN;Predio_Nuevo;"060-403921";Privado_Privado;PH_Unidad_Predial;58.25;0.002;58.25
1642978;L6_530;530;530;BOLÍVAR;TURBACO;"14/10/2025";"060-357951";;SIN NPN;Predio_Nuevo;"060-403922";Privado_Privado;PH_Unidad_Predial;58.25;0.002;58.25
1642979;L6_531;531;531;BOLÍVAR;TURBACO;"14/10/2025";"060-357951";;SIN NPN;Predio_Nuevo;"060-403923";Privado_Privado;PH_Unidad_Predial;58.25;0.002;58.25
1642980;L6_532;532;532;BOLÍVAR;TURBACO;"14/10/2025";"060-357951";;SIN NPN;Predio_Nuevo;"060-403924";Privado_Privado;PH_Unidad_Predial;58.25;0.002;58.25
1642981;L6_533;533;533;BOLÍVAR;TURBACO;"14/10/2025";"060-357951";;SIN NPN;Predio_Nuevo;"060-403925";Privado_Privado;PH_Unidad_Predial;58.25;0.002;58.25
1642982;L6_534;534;534;BOLÍVAR;TURBACO;"14/10/2025";"060-357951";;SIN NPN;Predio_Nuevo;"060-403926";Privado_Privado;PH_Unidad_Predial;58.25;0.002;58.25
1642983;L6_535;535;535;BOLÍVAR;TURBACO;"14/10/2025";"060-357951";;SIN NPN;Predio_Nuevo;"060-403927";Privado_Privado;PH_Unidad_Predial;58.25;0.002;58.25
1642984;L6_536;536;536;BOLÍVAR;TURBACO;"14/10/2025";"060-357951";;SIN NPN;Predio_Nuevo;"060-403928";Privado_Privado;PH_Unidad_Predial;58.25;0.002;58.25
1642985;L6_537;537;537;BOLÍVAR;TURBACO;"14/10/2025";"060-357951";;SIN NPN;Predio_Nuevo;"060-403929";Privado_Privado;PH_Unidad_Predial;58.25;0.002;58.25
1642986;L6_538;538;538;BOLÍVAR;TURBACO;"14/10/2025";"060-357951";;SIN NPN;Predio_Nuevo;"060-403930";Privado_Privado;PH_Unidad_Predial;58.25;0.002;58.25
1642987;L6_539;539;539;BOLÍVAR;TURBACO;"14/10/2025";"060-357951";;SIN NPN;Predio_Nuevo;"060-403931";Privado_Privado;PH_Unidad_Predial;58.25;0.002;58.25
1642988;L6_540;540;540;BOLÍVAR;TURBACO;"14/10/2025";"060-357951";;SIN NPN;Predio_Nuevo;"060-403932";Privado_Privado;PH_Unidad_Predial;58.25;0.002;58.25
1642989;L6_541;541;541;BOLÍVAR;TURBACO;"14/10/2025";"060-357951";;SIN NPN;Predio_Nuevo;"060-403933";Privado_Privado;PH_Unidad_Predial;58.25;0.002;58.25
1642990;L6_542;542;542;BOLÍVAR;TURBACO;"14/10/2025";"060-357951";;SIN NPN;Predio_Nuevo;"060-403934";Privado_Privado;PH_Unidad_Predial;58.25;0.002;58.25
1642991;L6_543;543;543;BOLÍVAR;TURBACO;"14/10/2025";"060-357951";;SIN NPN;Predio_Nuevo;"060-403935";Privado_Privado;PH_Unidad_Predial;58.25;0.002;58.25
1642992;L6_544;544;544;BOLÍVAR;TURBACO;"14/10/2025";"060-357951";;SIN NPN;Predio_Nuevo;"060-403936";Privado_Privado;PH_Unidad_Predial;58.25;0.002;58.25
1642993;L6_545;545;545;BOLÍVAR;TURBACO;"14/10/2025";"060-357951";;SIN NPN;Predio_Nuevo;"060-403937";Privado_Privado;PH_Unidad_Predial;58.25;0.002;58.25
1642994;L6_546;546;546;BOLÍVAR;TURBACO;"14/10/2025";"060-357951";;SIN NPN;Predio_Nuevo;"060-403938";Privado_Privado;PH_Unidad_Predial;58.25;0.002;58.25
1642995;L6_547;547;547;BOLÍVAR;TURBACO;"14/10/2025";"060-357951";;SIN NPN;Predio_Nuevo;"060-403939";Privado_Privado;PH_Unidad_Predial;58.25;0.002;58.25
1642996;L6_548;548;548;BOLÍVAR;TURBACO;"14/10/2025";"060-357951";;SIN NPN;Predio_Nuevo;"060-403940";Privado_Privado;PH_Unidad_Predial;58.25;0.002;58.25
1642997;L6_549;549;549;BOLÍVAR;TURBACO;"14/10/2025";"060-357951";;SIN NPN;Predio_Nuevo;"060-403941";Privado_Privado;PH_Unidad_Predial;58.25;0.002;58.25
1642998;L6_550;550;550;BOLÍVAR;TURBACO;"14/10/2025";"060-357951";;SIN NPN;Predio_Nuevo;"060-403942";Privado_Privado;PH_Unidad_Predial;58.25;0.002;58.25
1642999;L6_551;551;551;BOLÍVAR;TURBACO;"14/10/2025";"060-357951";;SIN NPN;Predio_Nuevo;"060-403943";Privado_Privado;PH_Unidad_Predial;58.25;0.002;58.25
1643000;L6_552;552;552;BOLÍVAR;TURBACO;"14/10/2025";"060-357951";;SIN NPN;Predio_Nuevo;"060-403944";Privado_Privado;PH_Unidad_Predial;58.25;0.002;58.25
1643001;L6_553;553;553;BOLÍVAR;TURBACO;"14/10/2025";"060-357951";;SIN NPN;Predio_Nuevo;"060-403945";Privado_Privado;PH_Unidad_Predial;58.25;0.002;58.25
1643002;L6_554;554;554;BOLÍVAR;TURBACO;"14/10/2025";"060-357951";;SIN NPN;Predio_Nuevo;"060-403946";Privado_Privado;PH_Unidad_Predial;58.25;0.002;58.25
1643003;L6_555;555;555;BOLÍVAR;TURBACO;"14/10/2025";"060-357951";;SIN NPN;Predio_Nuevo;"060-403947";Privado_Privado;PH_Unidad_Predial;58.25;0.002;58.25
1643004;L6_556;556;556;BOLÍVAR;TURBACO;"14/10/2025";"060-357951";;SIN NPN;Predio_Nuevo;"060-403948";Privado_Privado;PH_Unidad_Predial;58.25;0.002;58.25
1643005;L6_557;557;557;BOLÍVAR;TURBACO;"14/10/2025";"060-357951";;SIN NPN;Predio_Nuevo;"060-403949";Privado_Privado;PH_Unidad_Predial;58.25;0.002;58.25
1643006;L6_558;558;558;BOLÍVAR;TURBACO;"14/10/2025";"060-357951";;SIN NPN;Predio_Nuevo;"060-403950";Privado_Privado;PH_Unidad_Predial;58.25;0.002;58.25
1643007;L6_559;559;559;BOLÍVAR;TURBACO;"14/10/2025";"060-357951";;SIN NPN;Predio_Nuevo;"060-403951";Privado_Privado;PH_Unidad_Predial;58.25;0.002;58.25
1643008;L6_560;560;560;BOLÍVAR;TURBACO;"14/10/2025";"060-357951";;SIN NPN;Predio_Nuevo;"060-403952";Privado_Privado;PH_Unidad_Predial;58.25;0.002;58.25
1643009;L6_561;561;561;BOLÍVAR;TURBACO;"14/10/2025";"060-357951";;SIN NPN;Predio_Nuevo;"060-403953";Privado_Privado;PH_Unidad_Predial;58.25;0.002;58.25
1643010;L6_562;562;562;BOLÍVAR;TURBACO;"14/10/2025";"060-357951";;SIN NPN;Predio_Nuevo;"060-403954";Privado_Privado;PH_Unidad_Predial;58.25;0.002;58.25
1643011;L6_563;563;563;BOLÍVAR;TURBACO;"14/10/2025";"060-357951";;SIN NPN;Predio_Nuevo;"060-403955";Privado_Privado;PH_Unidad_Predial;58.25;0.002;58.25
1643012;L6_564;564;564;BOLÍVAR;TURBACO;"14/10/2025";"060-357951";;SIN NPN;Predio_Nuevo;"060-403956";Privado_Privado;PH_Unidad_Predial;58.25;0.002;58.25
1643013;L6_565;565;565;BOLÍVAR;TURBACO;"14/10/2025";"060-357951";;SIN NPN;Predio_Nuevo;"060-403957";Privado_Privado;PH_Unidad_Predial;58.25;0.002;58.25
1643014;L6_566;566;566;BOLÍVAR;TURBACO;"14/10/2025";"060-357951";;SIN NPN;Predio_Nuevo;"060-403958";Privado_Privado;PH_Unidad_Predial;58.25;0.002;58.25
1643015;L6_567;567;567;BOLÍVAR;TURBACO;"14/10/2025";"060-357951";;SIN NPN;Predio_Nuevo;"060-403959";Privado_Privado;PH_Unidad_Predial;58.25;0.002;58.25
1643016;L6_568;568;568;BOLÍVAR;TURBACO;"14/10/2025";"060-357951";;SIN NPN;Predio_Nuevo;"060-403960";Privado_Privado;PH_Unidad_Predial;58.25;0.002;58.25
1643017;L6_569;569;569;BOLÍVAR;TURBACO;"14/10/2025";"060-357951";;SIN NPN;Predio_Nuevo;"060-403961";Privado_Privado;PH_Unidad_Predial;58.25;0.002;58.25
1643018;L6_570;570;570;BOLÍVAR;TURBACO;"14/10/2025";"060-357951";;SIN NPN;Predio_Nuevo;"060-403962";Privado_Privado;PH_Unidad_Predial;58.25;0.002;58.25
1643019;L6_571;571;571;BOLÍVAR;TURBACO;"14/10/2025";"060-357951";;SIN NPN;Predio_Nuevo;"060-403963";Privado_Privado;PH_Unidad_Predial;58.25;0.002;58.25
1643020;L6_572;572;572;BOLÍVAR;TURBACO;"14/10/2025";"060-357951";;SIN NPN;Predio_Nuevo;"060-403964";Privado_Privado;PH_Unidad_Predial;58.25;0.002;58.25
1643021;L6_573;573;573;BOLÍVAR;TURBACO;"14/10/2025";"060-357951";;SIN NPN;Predio_Nuevo;"060-403965";Privado_Privado;PH_Unidad_Predial;58.25;0.002;58.25
1643022;L6_426;426;426;BOLÍVAR;TURBACO;"14/10/2025";"060-357951";;SIN NPN;Predio_Nuevo;"060-403818";Privado_Privado;PH_Unidad_Predial;46.78;0.0016;46.78
1643023;L6_427;427;427;BOLÍVAR;TURBACO;"14/10/2025";"060-357951";;SIN NPN;Predio_Nuevo;"060-403819";Privado_Privado;PH_Unidad_Predial;46.78;0.0016;46.78
1643024;L6_428;428;428;BOLÍVAR;TURBACO;"14/10/2025";"060-357951";;SIN NPN;Predio_Nuevo;"060-403820";Privado_Privado;PH_Unidad_Predial;46.78;0.0016;46.78
1643025;L6_429;429;429;BOLÍVAR;TURBACO;"14/10/2025";"060-357951";;SIN NPN;Predio_Nuevo;"060-403821";Privado_Privado;PH_Unidad_Predial;46.78;0.0016;46.78
1643026;L6_430;430;430;BOLÍVAR;TURBACO;"14/10/2025";"060-357951";;SIN NPN;Predio_Nuevo;"060-403822";Privado_Privado;PH_Unidad_Predial;46.78;0.0016;46.78
1643027;L6_431;431;431;BOLÍVAR;TURBACO;"14/10/2025";"060-357951";;SIN NPN;Predio_Nuevo;"060-403823";Privado_Privado;PH_Unidad_Predial;46.78;0.0016;46.78
1643028;L6_432;432;432;BOLÍVAR;TURBACO;"14/10/2025";"060-357951";;SIN NPN;Predio_Nuevo;"060-403824";Privado_Privado;PH_Unidad_Predial;46.78;0.0016;46.78
1643029;L6_433;433;433;BOLÍVAR;TURBACO;"14/10/2025";"060-357951";;SIN NPN;Predio_Nuevo;"060-403825";Privado_Privado;PH_Unidad_Predial;46.78;0.0016;46.78
1643030;L6_434;434;434;BOLÍVAR;TURBACO;"14/10/2025";"060-357951";;SIN NPN;Predio_Nuevo;"060-403826";Privado_Privado;PH_Unidad_Predial;46.78;0.0016;46.78
1643031;L6_435;435;435;BOLÍVAR;TURBACO;"14/10/2025";"060-357951";;SIN NPN;Predio_Nuevo;"060-403827";Privado_Privado;PH_Unidad_Predial;46.78;0.0016;46.78
1643032;L6_436;436;436;BOLÍVAR;TURBACO;"14/10/2025";"060-357951";;SIN NPN;Predio_Nuevo;"060-403828";Privado_Privado;PH_Unidad_Predial;46.78;0.0016;46.78
1643033;L6_437;437;437;BOLÍVAR;TURBACO;"14/10/2025";"060-357951";;SIN NPN;Predio_Nuevo;"060-403829";Privado_Privado;PH_Unidad_Predial;46.78;0.0016;46.78
1643034;L6_438;438;438;BOLÍVAR;TURBACO;"14/10/2025";"060-357951";;SIN NPN;Predio_Nuevo;"060-403830";Privado_Privado;PH_Unidad_Predial;46.78;0.0016;46.78
1643035;L6_439;439;439;BOLÍVAR;TURBACO;"14/10/2025";"060-357951";;SIN NPN;Predio_Nuevo;"060-403831";Privado_Privado;PH_Unidad_Predial;46.78;0.0016;46.78
1643036;L6_440;440;440;BOLÍVAR;TURBACO;"14/10/2025";"060-357951";;SIN NPN;Predio_Nuevo;"060-403832";Privado_Privado;PH_Unidad_Predial;46.78;0.0016;46.78
1643037;L6_441;441;441;BOLÍVAR;TURBACO;"14/10/2025";"060-357951";;SIN NPN;Predio_Nuevo;"060-403833";Privado_Privado;PH_Unidad_Predial;46.78;0.0016;46.78
1643038;L6_442;442;442;BOLÍVAR;TURBACO;"14/10/2025";"060-357951";;SIN NPN;Predio_Nuevo;"060-403834";Privado_Privado;PH_Unidad_Predial;46.78;0.0016;46.78
1643039;L6_443;443;443;BOLÍVAR;TURBACO;"14/10/2025";"060-357951";;SIN NPN;Predio_Nuevo;"060-403835";Privado_Privado;PH_Unidad_Predial;46.78;0.0016;46.78
1643040;L6_444;444;444;BOLÍVAR;TURBACO;"14/10/2025";"060-357951";;SIN NPN;Predio_Nuevo;"060-403836";Privado_Privado;PH_Unidad_Predial;46.78;0.0016;46.78
1643041;L6_445;445;445;BOLÍVAR;TURBACO;"14/10/2025";"060-357951";;SIN NPN;Predio_Nuevo;"060-403837";Privado_Privado;PH_Unidad_Predial;46.78;0.0016;46.78
1643042;L6_446;446;446;BOLÍVAR;TURBACO;"14/10/2025";"060-357951";;SIN NPN;Predio_Nuevo;"060-403838";Privado_Privado;PH_Unidad_Predial;46.78;0.0016;46.78
1643043;L6_447;447;447;BOLÍVAR;TURBACO;"14/10/2025";"060-357951";;SIN NPN;Predio_Nuevo;"060-403839";Privado_Privado;PH_Unidad_Predial;46.78;0.0016;46.78
1643044;L6_448;448;448;BOLÍVAR;TURBACO;"14/10/2025";"060-357951";;SIN NPN;Predio_Nuevo;"060-403840";Privado_Privado;PH_Unidad_Predial;46.78;0.0016;46.78
1643045;L6_449;449;449;BOLÍVAR;TURBACO;"14/10/2025";"060-357951";;SIN NPN;Predio_Nuevo;"060-403841";Privado_Privado;PH_Unidad_Predial;46.78;0.0016;46.78
1643046;L6_450;450;450;BOLÍVAR;TURBACO;"14/10/2025";"060-357951";;SIN NPN;Predio_Nuevo;"060-403842";Privado_Privado;PH_Unidad_Predial;46.78;0.0016;46.78
1643047;L6_451;451;451;BOLÍVAR;TURBACO;"14/10/2025";"060-357951";;SIN NPN;Predio_Nuevo;"060-403843";Privado_Privado;PH_Unidad_Predial;46.78;0.0016;46.78
1643048;L6_452;452;452;BOLÍVAR;TURBACO;"14/10/2025";"060-357951";;SIN NPN;Predio_Nuevo;"060-403844";Privado_Privado;PH_Unidad_Predial;46.78;0.0016;46.78
1643049;L6_453;453;453;BOLÍVAR;TURBACO;"14/10/2025";"060-357951";;SIN NPN;Predio_Nuevo;"060-403845";Privado_Privado;PH_Unidad_Predial;46.78;0.0016;46.78
1643050;L6_454;454;454;BOLÍVAR;TURBACO;"14/10/2025";"060-357951";;SIN NPN;Predio_Nuevo;"060-403846";Privado_Privado;PH_Unidad_Predial;46.78;0.0016;46.78
1643051;L6_455;455;455;BOLÍVAR;TURBACO;"14/10/2025";"060-357951";;SIN NPN;Predio_Nuevo;"060-403847";Privado_Privado;PH_Unidad_Predial;46.78;0.0016;46.78
1643052;L6_456;456;456;BOLÍVAR;TURBACO;"14/10/2025";"060-357951";;SIN NPN;Predio_Nuevo;"060-403848";Privado_Privado;PH_Unidad_Predial;46.78;0.0016;46.78
1643053;L6_457;457;457;BOLÍVAR;TURBACO;"14/10/2025";"060-357951";;SIN NPN;Predio_Nuevo;"060-403849";Privado_Privado;PH_Unidad_Predial;46.78;0.0016;46.78
1643054;L6_458;458;458;BOLÍVAR;TURBACO;"14/10/2025";"060-357951";;SIN NPN;Predio_Nuevo;"060-403850";Privado_Privado;PH_Unidad_Predial;46.78;0.0016;46.78
1643055;L6_459;459;459;BOLÍVAR;TURBACO;"14/10/2025";"060-357951";;SIN NPN;Predio_Nuevo;"060-403851";Privado_Privado;PH_Unidad_Predial;46.78;0.0016;46.78
1643056;L6_460;460;460;BOLÍVAR;TURBACO;"14/10/2025";"060-357951";;SIN NPN;Predio_Nuevo;"060-403852";Privado_Privado;PH_Unidad_Predial;46.78;0.0016;46.78
1643057;L6_461;461;461;BOLÍVAR;TURBACO;"14/10/2025";"060-357951";;SIN NPN;Predio_Nuevo;"060-403853";Privado_Privado;PH_Unidad_Predial;46.78;0.0016;46.78
1643058;L6_462;462;462;BOLÍVAR;TURBACO;"14/10/2025";"060-357951";;SIN NPN;Predio_Nuevo;"060-403854";Privado_Privado;PH_Unidad_Predial;46.78;0.0016;46.78
1643059;L6_463;463;463;BOLÍVAR;TURBACO;"14/10/2025";"060-357951";;SIN NPN;Predio_Nuevo;"060-403855";Privado_Privado;PH_Unidad_Predial;46.78;0.0016;46.78
1643060;L6_464;464;464;BOLÍVAR;TURBACO;"14/10/2025";"060-357951";;SIN NPN;Predio_Nuevo;"060-403856";Privado_Privado;PH_Unidad_Predial;46.78;0.0016;46.78
1643061;L6_465;465;465;BOLÍVAR;TURBACO;"14/10/2025";"060-357951";;SIN NPN;Predio_Nuevo;"060-403857";Privado_Privado;PH_Unidad_Predial;46.78;0.0016;46.78
1643062;L6_466;466;466;BOLÍVAR;TURBACO;"14/10/2025";"060-357951";;SIN NPN;Predio_Nuevo;"060-403858";Privado_Privado;PH_Unidad_Predial;46.78;0.0016;46.78
1643063;L6_467;467;467;BOLÍVAR;TURBACO;"14/10/2025";"060-357951";;SIN NPN;Predio_Nuevo;"060-403859";Privado_Privado;PH_Unidad_Predial;46.78;0.0016;46.78
1643064;L6_468;468;468;BOLÍVAR;TURBACO;"14/10/2025";"060-357951";;SIN NPN;Predio_Nuevo;"060-403860";Privado_Privado;PH_Unidad_Predial;46.78;0.0016;46.78
1643065;L6_469;469;469;BOLÍVAR;TURBACO;"14/10/2025";"060-357951";;SIN NPN;Predio_Nuevo;"060-403861";Privado_Privado;PH_Unidad_Predial;46.78;0.0016;46.78
1643066;L6_470;470;470;BOLÍVAR;TURBACO;"14/10/2025";"060-357951";;SIN NPN;Predio_Nuevo;"060-403862";Privado_Privado;PH_Unidad_Predial;46.78;0.0016;46.78
1643067;L6_471;471;471;BOLÍVAR;TURBACO;"14/10/2025";"060-357951";;SIN NPN;Predio_Nuevo;"060-403863";Privado_Privado;PH_Unidad_Predial;46.78;0.0016;46.78
1643068;L6_472;472;472;BOLÍVAR;TURBACO;"14/10/2025";"060-357951";;SIN NPN;Predio_Nuevo;"060-403864";Privado_Privado;PH_Unidad_Predial;46.78;0.0016;46.78
1643069;L6_473;473;473;BOLÍVAR;TURBACO;"14/10/2025";"060-357951";;SIN NPN;Predio_Nuevo;"060-403865";Privado_Privado;PH_Unidad_Predial;46.78;0.0016;46.78
1643070;L6_474;474;474;BOLÍVAR;TURBACO;"14/10/2025";"060-357951";;SIN NPN;Predio_Nuevo;"060-403866";Privado_Privado;PH_Unidad_Predial;46.78;0.0016;46.78
1643071;L6_475;475;475;BOLÍVAR;TURBACO;"14/10/2025";"060-357951";;SIN NPN;Predio_Nuevo;"060-403867";Privado_Privado;PH_Unidad_Predial;46.78;0.0016;46.78
1643072;L6_476;476;476;BOLÍVAR;TURBACO;"14/10/2025";"060-357951";;SIN NPN;Predio_Nuevo;"060-403868";Privado_Privado;PH_Unidad_Predial;46.78;0.0016;46.78
1643073;L6_477;477;477;BOLÍVAR;TURBACO;"14/10/2025";"060-357951";;SIN NPN;Predio_Nuevo;"060-403869";Privado_Privado;PH_Unidad_Predial;46.78;0.0016;46.78
1643074;L6_478;478;478;BOLÍVAR;TURBACO;"14/10/2025";"060-357951";;SIN NPN;Predio_Nuevo;"060-403870";Privado_Privado;PH_Unidad_Predial;46.78;0.0016;46.78
1643075;L6_479;479;479;BOLÍVAR;TURBACO;"14/10/2025";"060-357951";;SIN NPN;Predio_Nuevo;"060-403871";Privado_Privado;PH_Unidad_Predial;46.78;0.0016;46.78
1643076;L6_480;480;480;BOLÍVAR;TURBACO;"14/10/2025";"060-357951";;SIN NPN;Predio_Nuevo;"060-403872";Privado_Privado;PH_Unidad_Predial;46.78;0.0016;46.78
1643077;L6_481;481;481;BOLÍVAR;TURBACO;"14/10/2025";"060-357951";;SIN NPN;Predio_Nuevo;"060-403873";Privado_Privado;PH_Unidad_Predial;46.78;0.0016;46.78
1643078;L6_482;482;482;BOLÍVAR;TURBACO;"14/10/2025";"060-357951";;SIN NPN;Predio_Nuevo;"060-403874";Privado_Privado;PH_Unidad_Predial;46.78;0.0016;46.78
1643079;L6_483;483;483;BOLÍVAR;TURBACO;"14/10/2025";"060-357951";;SIN NPN;Predio_Nuevo;"060-403875";Privado_Privado;PH_Unidad_Predial;46.78;0.0016;46.78
1643080;L6_484;484;484;BOLÍVAR;TURBACO;"14/10/2025";"060-357951";;SIN NPN;Predio_Nuevo;"060-403876";Privado_Privado;PH_Unidad_Predial;46.78;0.0016;46.78
1643081;L6_485;485;485;BOLÍVAR;TURBACO;"14/10/2025";"060-357951";;SIN NPN;Predio_Nuevo;"060-403877";Privado_Privado;PH_Unidad_Predial;46.78;0.0016;46.78
1643082;L6_486;486;486;BOLÍVAR;TURBACO;"14/10/2025";"060-357951";;SIN NPN;Predio_Nuevo;"060-403878";Privado_Privado;PH_Unidad_Predial;46.78;0.0016;46.78
1643083;L6_487;487;487;BOLÍVAR;TURBACO;"14/10/2025";"060-357951";;SIN NPN;Predio_Nuevo;"060-403879";Privado_Privado;PH_Unidad_Predial;46.78;0.0016;46.78
1643084;L6_488;488;488;BOLÍVAR;TURBACO;"14/10/2025";"060-357951";;SIN NPN;Predio_Nuevo;"060-403880";Privado_Privado;PH_Unidad_Predial;46.78;0.0016;46.78
1643085;L6_489;489;489;BOLÍVAR;TURBACO;"14/10/2025";"060-357951";;SIN NPN;Predio_Nuevo;"060-403881";Privado_Privado;PH_Unidad_Predial;46.78;0.0016;46.78
1643086;L6_490;490;490;BOLÍVAR;TURBACO;"14/10/2025";"060-357951";;SIN NPN;Predio_Nuevo;"060-403882";Privado_Privado;PH_Unidad_Predial;46.78;0.0016;46.78
1643087;L6_491;491;491;BOLÍVAR;TURBACO;"14/10/2025";"060-357951";;SIN NPN;Predio_Nuevo;"060-403883";Privado_Privado;PH_Unidad_Predial;46.78;0.0016;46.78
1643088;L6_492;492;492;BOLÍVAR;TURBACO;"14/10/2025";"060-357951";;SIN NPN;Predio_Nuevo;"060-403884";Privado_Privado;PH_Unidad_Predial;46.78;0.0016;46.78
1643089;L6_493;493;493;BOLÍVAR;TURBACO;"14/10/2025";"060-357951";;SIN NPN;Predio_Nuevo;"060-403885";Privado_Privado;PH_Unidad_Predial;46.78;0.0016;46.78
1643090;L6_494;494;494;BOLÍVAR;TURBACO;"14/10/2025";"060-357951";;SIN NPN;Predio_Nuevo;"060-403886";Privado_Privado;PH_Unidad_Predial;46.78;0.0016;46.78
1643091;L6_495;495;495;BOLÍVAR;TURBACO;"14/10/2025";"060-357951";;SIN NPN;Predio_Nuevo;"060-403887";Privado_Privado;PH_Unidad_Predial;46.78;0.0016;46.78
1643092;L6_496;496;496;BOLÍVAR;TURBACO;"14/10/2025";"060-357951";;SIN NPN;Predio_Nuevo;"060-403888";Privado_Privado;PH_Unidad_Predial;46.78;0.0016;46.78
1643093;L6_497;497;497;BOLÍVAR;TURBACO;"14/10/2025";"060-357951";;SIN NPN;Predio_Nuevo;"060-403889";Privado_Privado;PH_Unidad_Predial;46.78;0.0016;46.78
1643094;L6_498;498;498;BOLÍVAR;TURBACO;"14/10/2025";"060-357951";;SIN NPN;Predio_Nuevo;"060-403890";Privado_Privado;PH_Unidad_Predial;46.78;0.0016;46.78
1643095;L6_499;499;499;BOLÍVAR;TURBACO;"14/10/2025";"060-357951";;SIN NPN;Predio_Nuevo;"060-403891";Privado_Privado;PH_Unidad_Predial;46.78;0.0016;46.78
1643096;L6_500;500;500;BOLÍVAR;TURBACO;"14/10/2025";"060-357951";;SIN NPN;Predio_Nuevo;"060-403892";Privado_Privado;PH_Unidad_Predial;46.78;0.0016;46.78
1643097;L6_501;501;501;BOLÍVAR;TURBACO;"14/10/2025";"060-357951";;SIN NPN;Predio_Nuevo;"060-403893";Privado_Privado;PH_Unidad_Predial;58.25;0.002;58.25
1643098;L6_502;502;502;BOLÍVAR;TURBACO;"14/10/2025";"060-357951";;SIN NPN;Predio_Nuevo;"060-403894";Privado_Privado;PH_Unidad_Predial;58.25;0.002;58.25
1643099;L6_503;503;503;BOLÍVAR;TURBACO;"14/10/2025";"060-357951";;SIN NPN;Predio_Nuevo;"060-403895";Privado_Privado;PH_Unidad_Predial;58.25;0.002;58.25
1643100;L6_504;504;504;BOLÍVAR;TURBACO;"14/10/2025";"060-357951";;SIN NPN;Predio_Nuevo;"060-403896";Privado_Privado;PH_Unidad_Predial;58.25;0.002;58.25
1643101;L6_505;505;505;BOLÍVAR;TURBACO;"14/10/2025";"060-357951";;SIN NPN;Predio_Nuevo;"060-403897";Privado_Privado;PH_Unidad_Predial;58.25;0.002;58.25
1643102;L6_506;506;506;BOLÍVAR;TURBACO;"14/10/2025";"060-357951";;SIN NPN;Predio_Nuevo;"060-403898";Privado_Privado;PH_Unidad_Predial;58.25;0.002;58.25
1643103;L6_507;507;507;BOLÍVAR;TURBACO;"14/10/2025";"060-357951";;SIN NPN;Predio_Nuevo;"060-403899";Privado_Privado;PH_Unidad_Predial;58.25;0.002;58.25
1643104;L6_508;508;508;BOLÍVAR;TURBACO;"14/10/2025";"060-357951";;SIN NPN;Predio_Nuevo;"060-403900";Privado_Privado;PH_Unidad_Predial;58.25;0.002;58.25
1643105;L6_509;509;509;BOLÍVAR;TURBACO;"14/10/2025";"060-357951";;SIN NPN;Predio_Nuevo;"060-403901";Privado_Privado;PH_Unidad_Predial;58.25;0.002;58.25
1643106;L6_510;510;510;BOLÍVAR;TURBACO;"14/10/2025";"060-357951";;SIN NPN;Predio_Nuevo;"060-403902";Privado_Privado;PH_Unidad_Predial;58.25;0.002;58.25
1643107;L6_511;511;511;BOLÍVAR;TURBACO;"14/10/2025";"060-357951";;SIN NPN;Predio_Nuevo;"060-403903";Privado_Privado;PH_Unidad_Predial;58.25;0.002;58.25
1643108;L6_512;512;512;BOLÍVAR;TURBACO;"14/10/2025";"060-357951";;SIN NPN;Predio_Nuevo;"060-403904";Privado_Privado;PH_Unidad_Predial;58.25;0.002;58.25
1643109;L6_513;513;513;BOLÍVAR;TURBACO;"14/10/2025";"060-357951";;SIN NPN;Predio_Nuevo;"060-403905";Privado_Privado;PH_Unidad_Predial;58.25;0.002;58.25
1643110;L6_574;574;574;BOLÍVAR;TURBACO;"14/10/2025";"060-357951";;SIN NPN;Predio_Nuevo;"060-403966";Privado_Privado;PH_Unidad_Predial;58.25;0.002;58.25
1643111;L6_575;575;575;BOLÍVAR;TURBACO;"14/10/2025";"060-357951";;SIN NPN;Predio_Nuevo;"060-403967";Privado_Privado;PH_Unidad_Predial;58.25;0.002;58.25
1643112;L6_576;576;576;BOLÍVAR;TURBACO;"14/10/2025";"060-357951";;SIN NPN;Predio_Nuevo;"060-403968";Privado_Privado;PH_Unidad_Predial;58.25;0.002;58.25
1643113;L6_577;577;577;BOLÍVAR;TURBACO;"14/10/2025";"060-357951";;SIN NPN;Predio_Nuevo;"060-403969";Privado_Privado;PH_Unidad_Predial;58.25;0.002;58.25
1643114;L6_578;578;578;BOLÍVAR;TURBACO;"14/10/2025";"060-357951";;SIN NPN;Predio_Nuevo;"060-403970";Privado_Privado;PH_Unidad_Predial;58.25;0.002;58.25
1643115;L6_514;514;514;BOLÍVAR;TURBACO;"14/10/2025";"060-357951";;SIN NPN;Predio_Nuevo;"060-403906";Privado_Privado;PH_Unidad_Predial;58.25;0.002;58.25
1643116;L6_580;580;580;BOLÍVAR;TURBACO;"14/10/2025";"060-357951";;SIN NPN;Predio_Nuevo;"060-403972";Privado_Privado;PH_Unidad_Predial;58.25;0.002;58.25
1643117;L6_401;401;401;BOLÍVAR;TURBACO;"14/10/2025";"060-357951";;SIN NPN;Predio_Nuevo;"060-403793";Privado_Privado;PH_Unidad_Predial;58.25;0.002;58.25
1643118;L6_402;402;402;BOLÍVAR;TURBACO;"14/10/2025";"060-357951";;SIN NPN;Predio_Nuevo;"060-403794";Privado_Privado;PH_Unidad_Predial;58.25;0.002;58.25
1643119;L6_403;403;403;BOLÍVAR;TURBACO;"14/10/2025";"060-357951";;SIN NPN;Predio_Nuevo;"060-403795";Privado_Privado;PH_Unidad_Predial;58.25;0.002;58.25
1643120;L6_404;404;404;BOLÍVAR;TURBACO;"14/10/2025";"060-357951";;SIN NPN;Predio_Nuevo;"060-403796";Privado_Privado;PH_Unidad_Predial;58.25;0.002;58.25
1643121;L6_405;405;405;BOLÍVAR;TURBACO;"14/10/2025";"060-357951";;SIN NPN;Predio_Nuevo;"060-403797";Privado_Privado;PH_Unidad_Predial;58.25;0.002;58.25
1643122;L6_406;406;406;BOLÍVAR;TURBACO;"14/10/2025";"060-357951";;SIN NPN;Predio_Nuevo;"060-403798";Privado_Privado;PH_Unidad_Predial;58.25;0.002;58.25
1643123;L6_407;407;407;BOLÍVAR;TURBACO;"14/10/2025";"060-357951";;SIN NPN;Predio_Nuevo;"060-403799";Privado_Privado;PH_Unidad_Predial;58.25;0.002;58.25
1643124;L6_408;408;408;BOLÍVAR;TURBACO;"14/10/2025";"060-357951";;SIN NPN;Predio_Nuevo;"060-403800";Privado_Privado;PH_Unidad_Predial;58.25;0.002;58.25
1643125;L6_409;409;409;BOLÍVAR;TURBACO;"14/10/2025";"060-357951";;SIN NPN;Predio_Nuevo;"060-403801";Privado_Privado;PH_Unidad_Predial;58.25;0.002;58.25
1643126;L6_410;410;410;BOLÍVAR;TURBACO;"14/10/2025";"060-357951";;SIN NPN;Predio_Nuevo;"060-403802";Privado_Privado;PH_Unidad_Predial;58.25;0.002;58.25
1643127;L6_411;411;411;BOLÍVAR;TURBACO;"14/10/2025";"060-357951";;SIN NPN;Predio_Nuevo;"060-403803";Privado_Privado;PH_Unidad_Predial;58.25;0.002;58.25
1643128;L6_412;412;412;BOLÍVAR;TURBACO;"14/10/2025";"060-357951";;SIN NPN;Predio_Nuevo;"060-403804";Privado_Privado;PH_Unidad_Predial;58.25;0.002;58.25
1643129;L6_413;413;413;BOLÍVAR;TURBACO;"14/10/2025";"060-357951";;SIN NPN;Predio_Nuevo;"060-403805";Privado_Privado;PH_Unidad_Predial;58.25;0.002;58.25
1643130;L6_414;414;414;BOLÍVAR;TURBACO;"14/10/2025";"060-357951";;SIN NPN;Predio_Nuevo;"060-403806";Privado_Privado;PH_Unidad_Predial;58.25;0.002;58.25
1643131;L6_415;415;415;BOLÍVAR;TURBACO;"14/10/2025";"060-357951";;SIN NPN;Predio_Nuevo;"060-403807";Privado_Privado;PH_Unidad_Predial;58.25;0.002;58.25
1643132;L6_416;416;416;BOLÍVAR;TURBACO;"14/10/2025";"060-357951";;SIN NPN;Predio_Nuevo;"060-403808";Privado_Privado;PH_Unidad_Predial;58.25;0.002;58.25
1643133;L6_417;417;417;BOLÍVAR;TURBACO;"14/10/2025";"060-357951";;SIN NPN;Predio_Nuevo;"060-403809";Privado_Privado;PH_Unidad_Predial;58.25;0.002;58.25
1643134;L6_418;418;418;BOLÍVAR;TURBACO;"14/10/2025";"060-357951";;SIN NPN;Predio_Nuevo;"060-403810";Privado_Privado;PH_Unidad_Predial;58.25;0.002;58.25
1643135;L6_419;419;419;BOLÍVAR;TURBACO;"14/10/2025";"060-357951";;SIN NPN;Predio_Nuevo;"060-403811";Privado_Privado;PH_Unidad_Predial;58.25;0.002;58.25
1643136;L6_420;420;420;BOLÍVAR;TURBACO;"14/10/2025";"060-357951";;SIN NPN;Predio_Nuevo;"060-403812";Privado_Privado;PH_Unidad_Predial;58.25;0.002;58.25
1643137;L6_421;421;421;BOLÍVAR;TURBACO;"14/10/2025";"060-357951";;SIN NPN;Predio_Nuevo;"060-403813";Privado_Privado;PH_Unidad_Predial;46.78;0.0016;46.78
1643138;L6_422;422;422;BOLÍVAR;TURBACO;"14/10/2025";"060-357951";;SIN NPN;Predio_Nuevo;"060-403814";Privado_Privado;PH_Unidad_Predial;46.78;0.0016;46.78
1643139;L6_423;423;423;BOLÍVAR;TURBACO;"14/10/2025";"060-357951";;SIN NPN;Predio_Nuevo;"060-403815";Privado_Privado;PH_Unidad_Predial;46.78;0.0016;46.78
1643140;L6_424;424;424;BOLÍVAR;TURBACO;"14/10/2025";"060-357951";;SIN NPN;Predio_Nuevo;"060-403816";Privado_Privado;PH_Unidad_Predial;46.78;0.0016;46.78
1643141;L6_425;425;425;BOLÍVAR;TURBACO;"14/10/2025";"060-357951";;SIN NPN;Predio_Nuevo;"060-403817";Privado_Privado;PH_Unidad_Predial;46.78;0.0016;46.78
1643142;L6_55;55;55;BOYACÁ;GUAYATÁ;"14/10/2025";"079-12795";;"153250100000000170019000000000";Desenglobe_Division_Material;"079-44587";Privado_Privado;NPH;148.0;;
1643143;L6_58;58;58;BOYACÁ;GUAYATÁ;"14/10/2025";"079-12917";FMI_Debe_Estar_Cerrado;"153250000000000070002000000000";Desenglobe_Division_Material;"079-45488";Privado_Privado;NPH;6320.93;;
1643144;L6_57;57;57;BOYACÁ;GUAYATÁ;"14/10/2025";"079-12917";FMI_Debe_Estar_Cerrado;"153250000000000070002000000000";Desenglobe_Division_Material;"079-45487";Privado_Privado;NPH;31179.07;;
1643145;L6_53;53;53;BOYACÁ;GUAYATÁ;"14/10/2025";"079-39253";;"153250000000000020101000000000";Desenglobe_Division_Material;"079-42733";Privado_Privado;NPH;390.0;;
1643146;L6_52;52;52;BOYACÁ;GUAYATÁ;"14/10/2025";"079-39253";;"153250000000000020101000000000";Desenglobe_Division_Material;"079-42732";Privado_Privado;NPH;17625.0;;
1643147;L6_51;51;51;BOYACÁ;GUAYATÁ;"14/10/2025";"079-6551";;"153250000000000080103000000000";Desenglobe_Venta_Parcial;"079-42469";Privado_Privado;NPH;4850.0;;
1643148;L6_17;17;17;BOYACÁ;SOGAMOSO;"14/10/2025";"095-101324";;"157590102000002790907900000000";Predio_Nuevo;"095-167954";Privado_Privado;PH_Unidad_Predial;48.4;0.5136999999999999;48.4
1643149;L6_18;18;18;BOYACÁ;SOGAMOSO;"14/10/2025";"095-101324";;"157590102000002790907900000000";Predio_Nuevo;"095-167953";Privado_Privado;PH_Unidad_Predial;45.82;0.4863;45.82
1643150;L6_47;47;47;BOYACÁ;SOGAMOSO;"14/10/2025";"095-116490";;"157590102000002770058000000000";Desenglobe_Division_Material;"095-137468";Privado_Privado;PH_Unidad_Predial;122.86;0.2952;122.86
1643151;L6_50;50;50;BOYACÁ;SOGAMOSO;"14/10/2025";"095-116490";;"157590102000002770058000000000";Desenglobe_Division_Material;"095-137469";Privado_Privado;PH_Unidad_Predial;30.75;0.23579999999999998;30.75
1643152;L6_49;49;49;BOYACÁ;SOGAMOSO;"14/10/2025";"095-116490";;"157590102000002770058000000000";Desenglobe_Division_Material;"095-141679";Privado_Privado;PH_Unidad_Predial;97.14;0.2334;97.14
1643153;L6_48;48;48;BOYACÁ;SOGAMOSO;"14/10/2025";"095-116490";;"157590102000002770058000000000";Desenglobe_Division_Material;"095-137470";Privado_Privado;PH_Unidad_Predial;98.06;0.23559999999999998;98.06
1643154;L6_12;12;12;BOYACÁ;SOGAMOSO;"14/10/2025";"095-124682";;"157590101000002840026000000000";Desenglobe_Venta_Parcial;"095-152562";Privado_Privado;NPH;83.44;;
1643155;L6_41;41;41;BOYACÁ;SOGAMOSO;"14/10/2025";"095-158004";;SIN NPN;Desenglobe_Division_Material;"095-159662";Privado_Privado;NPH;246.26;;
1643156;L6_42;42;42;BOYACÁ;SOGAMOSO;"14/10/2025";"095-158004";;SIN NPN;Desenglobe_Division_Material;"095-159658";Privado_Privado;NPH;91.0;;
1643157;L6_43;43;43;BOYACÁ;SOGAMOSO;"14/10/2025";"095-158004";;SIN NPN;Desenglobe_Division_Material;"095-159657";Publico_Uso_Publico;Via;113.17;;
1643158;L6_44;44;44;BOYACÁ;SOGAMOSO;"14/10/2025";"095-158004";;SIN NPN;Desenglobe_Division_Material;"095-159656";Publico_Uso_Publico;Via;205.06;;
1643159;L6_40;40;40;BOYACÁ;SOGAMOSO;"14/10/2025";"095-158004";;SIN NPN;Desenglobe_Division_Material;"095-159659";Privado_Privado;NPH;79.59;;
1643160;L6_38;38;38;BOYACÁ;SOGAMOSO;"14/10/2025";"095-158004";;SIN NPN;Desenglobe_Division_Material;"095-159660";Privado_Privado;NPH;106.03;;
1643161;L6_39;39;39;BOYACÁ;SOGAMOSO;"14/10/2025";"095-158004";;SIN NPN;Desenglobe_Division_Material;"095-159661";Privado_Privado;NPH;77.02;;
1643162;L6_27;27;27;BOYACÁ;SOGAMOSO;"14/10/2025";"095-25715";;"157590101000001770903900000000";Predio_Nuevo;"095-168004";Privado_Privado;PH_Unidad_Predial;14.46;0.1446;14.46
1643163;L6_23;23;23;BOYACÁ;SOGAMOSO;"14/10/2025";"095-25715";;"157590101000001770903900000000";Predio_Nuevo;"095-168005";Privado_Privado;PH_Unidad_Predial;14.46;0.1446;14.46
1643164;L6_26;26;26;BOYACÁ;SOGAMOSO;"14/10/2025";"095-25715";;"157590101000001770903900000000";Predio_Nuevo;"095-168001";Privado_Privado;PH_Unidad_Predial;18.65;0.1865;18.65
1643165;L6_25;25;25;BOYACÁ;SOGAMOSO;"14/10/2025";"095-25715";;"157590101000001770903900000000";Predio_Nuevo;"095-168002";Privado_Privado;PH_Unidad_Predial;16.89;0.1689;16.89
1643166;L6_28;28;28;BOYACÁ;SOGAMOSO;"14/10/2025";"095-25715";;"157590101000001770903900000000";Predio_Nuevo;"095-168000";Privado_Privado;PH_Unidad_Predial;18.65;0.1865;18.65
1643167;L6_24;24;24;BOYACÁ;SOGAMOSO;"14/10/2025";"095-25715";;"157590101000001770903900000000";Predio_Nuevo;"095-168003";Privado_Privado;PH_Unidad_Predial;16.89;0.1689;16.89
1643168;L6_61;61;61;BOYACÁ;SOGAMOSO;"14/10/2025";"095-80411";;"157590102000002180027000000000";Desenglobe_Division_Material;"095-166986";Privado_Privado;PH_Unidad_Predial;116.53;0.4891;116.53
1643169;L6_62;62;62;BOYACÁ;SOGAMOSO;"14/10/2025";"095-80411";;"157590102000002180027000000000";Desenglobe_Division_Material;"095-166985";Privado_Privado;PH_Unidad_Predial;121.75;0.5109;121.75
1643170;L6_96;96;96;BOYACÁ;SOGAMOSO;"14/10/2025";"095-83222";;"157590102000000390072000000000";Predio_Nuevo;"095-101370";Privado_Privado;PH_Unidad_Predial;55.65;0.012383453125347695;55.65
1643171;L6_95;95;95;BOYACÁ;SOGAMOSO;"14/10/2025";"095-83222";;"157590102000000390072000000000";Predio_Nuevo;"095-101371";Privado_Privado;PH_Unidad_Predial;55.65;0.012383453125347695;55.65
1643172;L6_94;94;94;BOYACÁ;SOGAMOSO;"14/10/2025";"095-83222";;"157590102000000390072000000000";Predio_Nuevo;"095-101372";Privado_Privado;PH_Unidad_Predial;55.65;0.012383453125347695;55.65
1643173;L6_93;93;93;BOYACÁ;SOGAMOSO;"14/10/2025";"095-83222";;"157590102000000390072000000000";Predio_Nuevo;"095-101373";Privado_Privado;PH_Unidad_Predial;55.65;0.012383453125347695;55.65
1643174;L6_92;92;92;BOYACÁ;SOGAMOSO;"14/10/2025";"095-83222";;"157590102000000390072000000000";Predio_Nuevo;"095-101374";Privado_Privado;PH_Unidad_Predial;55.65;0.012383453125347695;55.65
1643175;L6_91;91;91;BOYACÁ;SOGAMOSO;"14/10/2025";"095-83222";;"157590102000000390072000000000";Predio_Nuevo;"095-101375";Privado_Privado;PH_Unidad_Predial;55.65;0.012383453125347695;55.65
1643176;L6_90;90;90;BOYACÁ;SOGAMOSO;"14/10/2025";"095-83222";;"157590102000000390072000000000";Predio_Nuevo;"095-101376";Privado_Privado;PH_Unidad_Predial;55.65;0.012383453125347695;55.65
1643177;L6_89;89;89;BOYACÁ;SOGAMOSO;"14/10/2025";"095-83222";;"157590102000000390072000000000";Predio_Nuevo;"095-101377";Privado_Privado;PH_Unidad_Predial;55.65;0.012383453125347695;55.65
1643178;L6_88;88;88;BOYACÁ;SOGAMOSO;"14/10/2025";"095-83222";;"157590102000000390072000000000";Predio_Nuevo;"095-101378";Privado_Privado;PH_Unidad_Predial;55.65;0.012383453125347695;55.65
1643179;L6_87;87;87;BOYACÁ;SOGAMOSO;"14/10/2025";"095-83222";;"157590102000000390072000000000";Predio_Nuevo;"095-101379";Privado_Privado;PH_Unidad_Predial;55.65;0.012383453125347695;55.65
1643180;L6_86;86;86;BOYACÁ;SOGAMOSO;"14/10/2025";"095-83222";;"157590102000000390072000000000";Predio_Nuevo;"095-101380";Privado_Privado;PH_Unidad_Predial;55.65;0.012383453125347695;55.65
1643181;L6_85;85;85;BOYACÁ;SOGAMOSO;"14/10/2025";"095-83222";;"157590102000000390072000000000";Predio_Nuevo;"095-101381";Privado_Privado;PH_Unidad_Predial;55.65;0.012383453125347695;55.65
1643182;L6_84;84;84;BOYACÁ;SOGAMOSO;"14/10/2025";"095-83222";;"157590102000000390072000000000";Predio_Nuevo;"095-101382";Privado_Privado;PH_Unidad_Predial;55.65;0.012383453125347695;55.65
1643183;L6_83;83;83;BOYACÁ;SOGAMOSO;"14/10/2025";"095-83222";;"157590102000000390072000000000";Predio_Nuevo;"095-101383";Privado_Privado;PH_Unidad_Predial;55.65;0.012383453125347695;55.65
1643184;L6_82;82;82;BOYACÁ;SOGAMOSO;"14/10/2025";"095-83222";;"157590102000000390072000000000";Predio_Nuevo;"095-101384";Privado_Privado;PH_Unidad_Predial;55.65;0.012383453125347695;55.65
1643185;L6_81;81;81;BOYACÁ;SOGAMOSO;"14/10/2025";"095-83222";;"157590102000000390072000000000";Predio_Nuevo;"095-101385";Privado_Privado;PH_Unidad_Predial;55.65;0.012383453125347695;55.65
1643186;L6_80;80;80;BOYACÁ;SOGAMOSO;"14/10/2025";"095-83222";;"157590102000000390072000000000";Predio_Nuevo;"095-101386";Privado_Privado;PH_Unidad_Predial;55.65;0.012383453125347695;55.65
1643187;L6_79;79;79;BOYACÁ;SOGAMOSO;"14/10/2025";"095-83222";;"157590102000000390072000000000";Predio_Nuevo;"095-101387";Privado_Privado;PH_Unidad_Predial;55.65;0.012383453125347695;55.65
1643188;L6_78;78;78;BOYACÁ;SOGAMOSO;"14/10/2025";"095-83222";;"157590102000000390072000000000";Predio_Nuevo;"095-101388";Privado_Privado;PH_Unidad_Predial;60.85;0.013540577226907588;60.85
1643189;L6_77;77;77;BOYACÁ;SOGAMOSO;"14/10/2025";"095-83222";;"157590102000000390072000000000";Predio_Nuevo;"095-101389";Privado_Privado;PH_Unidad_Predial;60.85;0.013540577226907588;60.85
1643190;L6_75;75;75;BOYACÁ;SOGAMOSO;"14/10/2025";"095-83222";;"157590102000000390072000000000";Predio_Nuevo;"095-101391";Privado_Privado;PH_Unidad_Predial;55.65;0.012383453125347695;55.65
1643191;L6_74;74;74;BOYACÁ;SOGAMOSO;"14/10/2025";"095-83222";;"157590102000000390072000000000";Predio_Nuevo;"095-101392";Privado_Privado;PH_Unidad_Predial;55.65;0.012383453125347695;55.65
1643192;L6_73;73;73;BOYACÁ;SOGAMOSO;"14/10/2025";"095-83222";;"157590102000000390072000000000";Predio_Nuevo;"095-101393";Privado_Privado;PH_Unidad_Predial;55.65;0.012383453125347695;55.65
1643193;L6_72;72;72;BOYACÁ;SOGAMOSO;"14/10/2025";"095-83222";;"157590102000000390072000000000";Predio_Nuevo;"095-101394";Privado_Privado;PH_Unidad_Predial;55.65;0.012383453125347695;55.65
1643194;L6_71;71;71;BOYACÁ;SOGAMOSO;"14/10/2025";"095-83222";;"157590102000000390072000000000";Predio_Nuevo;"095-101395";Privado_Privado;PH_Unidad_Predial;55.65;0.012383453125347695;55.65
1643195;L6_70;70;70;BOYACÁ;SOGAMOSO;"14/10/2025";"095-83222";;"157590102000000390072000000000";Predio_Nuevo;"095-101396";Privado_Privado;PH_Unidad_Predial;55.65;0.012383453125347695;55.65
1643196;L6_69;69;69;BOYACÁ;SOGAMOSO;"14/10/2025";"095-83222";;"157590102000000390072000000000";Predio_Nuevo;"095-101397";Privado_Privado;PH_Unidad_Predial;55.65;0.012383453125347695;55.65
1643197;L6_68;68;68;BOYACÁ;SOGAMOSO;"14/10/2025";"095-83222";;"157590102000000390072000000000";Predio_Nuevo;"095-101398";Privado_Privado;PH_Unidad_Predial;55.65;0.012383453125347695;55.65
1643198;L6_67;67;67;BOYACÁ;SOGAMOSO;"14/10/2025";"095-83222";;"157590102000000390072000000000";Predio_Nuevo;"095-101399";Privado_Privado;PH_Unidad_Predial;55.65;0.012383453125347695;55.65
1643199;L6_66;66;66;BOYACÁ;SOGAMOSO;"14/10/2025";"095-83222";;"157590102000000390072000000000";Predio_Nuevo;"095-101400";Privado_Privado;PH_Unidad_Predial;55.65;0.012383453125347695;55.65
1643200;L6_65;65;65;BOYACÁ;SOGAMOSO;"14/10/2025";"095-83222";;"157590102000000390072000000000";Predio_Nuevo;"095-101401";Privado_Privado;PH_Unidad_Predial;55.65;0.012383453125347695;55.65
1643201;L6_64;64;64;BOYACÁ;SOGAMOSO;"14/10/2025";"095-83222";;"157590102000000390072000000000";Predio_Nuevo;"095-101402";Privado_Privado;PH_Unidad_Predial;55.65;0.012383453125347695;55.65
1643202;L6_76;76;76;BOYACÁ;SOGAMOSO;"14/10/2025";"095-83222";;"157590102000000390072000000000";Predio_Nuevo;"095-101390";Privado_Privado;PH_Unidad_Predial;55.65;0.012383453125347695;55.65
1643203;L6_118;118;118;BOYACÁ;SOGAMOSO;"14/10/2025";"095-83222";;"157590102000000390072000000000";Predio_Nuevo;"095-101408";Privado_Privado;PH_Unidad_Predial;60.85;0.013540577226907588;60.85
1643204;L6_119;119;119;BOYACÁ;SOGAMOSO;"14/10/2025";"095-83222";;"157590102000000390072000000000";Predio_Nuevo;"095-101407";Privado_Privado;PH_Unidad_Predial;55.65;0.012383453125347695;55.65
1643205;L6_120;120;120;BOYACÁ;SOGAMOSO;"14/10/2025";"095-83222";;"157590102000000390072000000000";Predio_Nuevo;"095-101406";Privado_Privado;PH_Unidad_Predial;55.65;0.012383453125347695;55.65
1643206;L6_121;121;121;BOYACÁ;SOGAMOSO;"14/10/2025";"095-83222";;"157590102000000390072000000000";Predio_Nuevo;"095-101405";Privado_Privado;PH_Unidad_Predial;55.65;0.012383453125347695;55.65
1643207;L6_122;122;122;BOYACÁ;SOGAMOSO;"14/10/2025";"095-83222";;"157590102000000390072000000000";Predio_Nuevo;"095-101404";Privado_Privado;PH_Unidad_Predial;55.65;0.012383453125347695;55.65
1643208;L6_123;123;123;BOYACÁ;SOGAMOSO;"14/10/2025";"095-83222";;"157590102000000390072000000000";Predio_Nuevo;"095-101403";Privado_Privado;PH_Unidad_Predial;55.65;0.012383453125347695;55.65
1643209;L6_117;117;117;BOYACÁ;SOGAMOSO;"14/10/2025";"095-83222";;"157590102000000390072000000000";Predio_Nuevo;"095-101409";Privado_Privado;PH_Unidad_Predial;60.85;0.013540577226907588;60.85
1643210;L6_116;116;116;BOYACÁ;SOGAMOSO;"14/10/2025";"095-83222";;"157590102000000390072000000000";Predio_Nuevo;"095-101410";Privado_Privado;PH_Unidad_Predial;55.65;0.012383453125347695;55.65
1643211;L6_115;115;115;BOYACÁ;SOGAMOSO;"14/10/2025";"095-83222";;"157590102000000390072000000000";Predio_Nuevo;"095-101411";Privado_Privado;PH_Unidad_Predial;55.65;0.012383453125347695;55.65
1643212;L6_114;114;114;BOYACÁ;SOGAMOSO;"14/10/2025";"095-83222";;"157590102000000390072000000000";Predio_Nuevo;"095-101412";Privado_Privado;PH_Unidad_Predial;55.65;0.012383453125347695;55.65
1643213;L6_113;113;113;BOYACÁ;SOGAMOSO;"14/10/2025";"095-83222";;"157590102000000390072000000000";Predio_Nuevo;"095-101413";Privado_Privado;PH_Unidad_Predial;55.65;0.012383453125347695;55.65
1643214;L6_112;112;112;BOYACÁ;SOGAMOSO;"14/10/2025";"095-83222";;"157590102000000390072000000000";Predio_Nuevo;"095-101414";Privado_Privado;PH_Unidad_Predial;55.65;0.012383453125347695;55.65
1643215;L6_111;111;111;BOYACÁ;SOGAMOSO;"14/10/2025";"095-83222";;"157590102000000390072000000000";Predio_Nuevo;"095-101415";Privado_Privado;PH_Unidad_Predial;55.65;0.012383453125347695;55.65
1643216;L6_110;110;110;BOYACÁ;SOGAMOSO;"14/10/2025";"095-83222";;"157590102000000390072000000000";Predio_Nuevo;"095-101416";Privado_Privado;PH_Unidad_Predial;55.65;0.012383453125347695;55.65
1643217;L6_109;109;109;BOYACÁ;SOGAMOSO;"14/10/2025";"095-83222";;"157590102000000390072000000000";Predio_Nuevo;"095-101417";Privado_Privado;PH_Unidad_Predial;55.65;0.012383453125347695;55.65
1643218;L6_108;108;108;BOYACÁ;SOGAMOSO;"14/10/2025";"095-83222";;"157590102000000390072000000000";Predio_Nuevo;"095-101418";Privado_Privado;PH_Unidad_Predial;55.65;0.012383453125347695;55.65
1643219;L6_107;107;107;BOYACÁ;SOGAMOSO;"14/10/2025";"095-83222";;"157590102000000390072000000000";Predio_Nuevo;"095-101419";Privado_Privado;PH_Unidad_Predial;55.65;0.012383453125347695;55.65
1643220;L6_106;106;106;BOYACÁ;SOGAMOSO;"14/10/2025";"095-83222";;"157590102000000390072000000000";Predio_Nuevo;"095-101420";Privado_Privado;PH_Unidad_Predial;55.95;0.012450210285053073;55.95
1643221;L6_105;105;105;BOYACÁ;SOGAMOSO;"14/10/2025";"095-83222";;"157590102000000390072000000000";Predio_Nuevo;"095-101421";Privado_Privado;PH_Unidad_Predial;55.65;0.012383453125347695;55.65
1643222;L6_104;104;104;BOYACÁ;SOGAMOSO;"14/10/2025";"095-83222";;"157590102000000390072000000000";Predio_Nuevo;"095-101422";Privado_Privado;PH_Unidad_Predial;55.65;0.012383453125347695;55.65
1643223;L6_103;103;103;BOYACÁ;SOGAMOSO;"14/10/2025";"095-83222";;"157590102000000390072000000000";Predio_Nuevo;"095-101423";Privado_Privado;PH_Unidad_Predial;55.65;0.012383453125347695;55.65
1643224;L6_102;102;102;BOYACÁ;SOGAMOSO;"14/10/2025";"095-83222";;"157590102000000390072000000000";Predio_Nuevo;"095-101424";Privado_Privado;PH_Unidad_Predial;55.65;0.012383453125347695;55.65
1643225;L6_101;101;101;BOYACÁ;SOGAMOSO;"14/10/2025";"095-83222";;"157590102000000390072000000000";Predio_Nuevo;"095-101425";Privado_Privado;PH_Unidad_Predial;55.65;0.012383453125347695;55.65
1643226;L6_100;100;100;BOYACÁ;SOGAMOSO;"14/10/2025";"095-83222";;"157590102000000390072000000000";Predio_Nuevo;"095-101426";Privado_Privado;PH_Unidad_Predial;55.65;0.012383453125347695;55.65
1643227;L6_99;99;99;BOYACÁ;SOGAMOSO;"14/10/2025";"095-83222";;"157590102000000390072000000000";Predio_Nuevo;"095-101367";Privado_Privado;PH_Unidad_Predial;55.65;0.012383453125347695;55.65
1643228;L6_98;98;98;BOYACÁ;SOGAMOSO;"14/10/2025";"095-83222";;"157590102000000390072000000000";Predio_Nuevo;"095-101368";Privado_Privado;PH_Unidad_Predial;60.85;0.013540577226907588;60.85
1643229;L6_97;97;97;BOYACÁ;SOGAMOSO;"14/10/2025";"095-83222";;"157590102000000390072000000000";Predio_Nuevo;"095-101369";Privado_Privado;PH_Unidad_Predial;60.85;0.013540577226907588;60.85
1500302;"1461909";56;56;BOYACÁ;GUAYATÁ;"14/10/2025";"079-12795";;"153250100000000170019000000000";Cancelacion_por_Desenglobe;;;;;;
1448931;"1787827";20;20;BOYACÁ;SOGAMOSO;"14/10/2025";"095-109538";;"157590101000001770903900000021";Cancelacion;;;;;;
1158390;"12339357";589;589;ATLÁNTICO;TUBARÁ;"14/10/2025";"040-498846";;"088320003000000011343000000000";Cambio_Numero_Predial_NPH_a_PH;"040-498846";Privado_Privado;PH_Matriz;1821.0;;
1406186;"13523380";36;36;BOYACÁ;SOGAMOSO;"14/10/2025";"095-118249";;"157590102000005020008000000000";Cancelacion_por_Englobe;;;;;;
1112634;"13521327";16;16;BOYACÁ;SOGAMOSO;"14/10/2025";"095-141197";;"157590102000002790907900000040";Cancelacion;;;;;;
1623110;"14190605-3368";400;400;BOLÍVAR;TURBACO;"14/10/2025";"060-357951";;SIN NPN;Cambio_Numero_Predial_NPH_a_PH;"060-357951";Privado_Privado;PH_Matriz;;;
1077153;"9204713";7;7;RISARALDA;APÍA;"14/10/2025";"292-5254";;"660450001000000050610000000000";Cancelacion_por_Englobe;;;;;;
1438378;"13523381";37;37;BOYACÁ;SOGAMOSO;"14/10/2025";"095-118250";;"157590102000005020009000000000";Cancelacion_por_Englobe;;;;;;
1438359;"13959184";29;29;BOYACÁ;SOGAMOSO;"14/10/2025";"095-158328";;"157590102000004810051000000000";Cambio_Numero_Predial_NPH_a_PH;"095-158328";Privado_Privado;PH_Matriz;255.75;;
1291770;"1455339";54;54;BOYACÁ;GUAYATÁ;"14/10/2025";"079-39253";;"153250000000000020101000000000";Cancelacion_por_Desenglobe;;;;;;
1156620;"1787828";19;19;BOYACÁ;SOGAMOSO;"14/10/2025";"095-109539";;"157590101000001770903900000022";Cancelacion;;;;;;
1534583;"1814838";46;46;BOYACÁ;SOGAMOSO;"14/10/2025";"095-116490";;"157590102000002770058000000000";Cambio_Numero_Predial_NPH_a_PH;"095-116490";Privado_Privado;PH_Matriz;172.6;;
1405860;"1812869";60;60;BOYACÁ;SOGAMOSO;"14/10/2025";"095-80411";;"157590102000002180027000000000";Cambio_Numero_Predial_NPH_a_PH;"095-80411";Privado_Privado;PH_Matriz;255.0;;
1048246;"9204376";6;6;RISARALDA;APÍA;"14/10/2025";"292-5255";;"660450001000000050204000000000";Cancelacion_por_Englobe;;;;;;
1480568;"1787812";22;22;BOYACÁ;SOGAMOSO;"14/10/2025";"095-109536";;"157590101000001770903900000005";Cancelacion;;;;;;
1191709;"1456189";59;59;BOYACÁ;GUAYATÁ;"14/10/2025";"079-12917";FMI_Debe_Estar_Cerrado;"153250000000000070002000000000";Cancelacion_por_Desenglobe;;;;;;
1299706;"9204487";10;10;RISARALDA;APÍA;"14/10/2025";"292-2117";;"660450001000000050331000000000";Cancelacion_por_Englobe;;;;;;
1201978;"9204735";5;5;RISARALDA;APÍA;"14/10/2025";"292-6391";;"660450001000000050632000000000";Cancelacion_por_Englobe;;;;;;
1122918;"13521331";13;13;BOYACÁ;SOGAMOSO;"14/10/2025";"095-141200";;"157590102000002790907900000068";Cancelacion;;;;;;
1156619;"1787826";21;21;BOYACÁ;SOGAMOSO;"14/10/2025";"095-109537";;"157590101000001770903900000020";Cancelacion;;;;;;
1307342;"1805932";63;63;BOYACÁ;SOGAMOSO;"14/10/2025";"095-83222";;"157590102000000390072000000000";Cambio_Numero_Predial_NPH_a_PH;"095-83222";Privado_Privado;PH_Matriz;;;
1299710;"9204533";11;11;RISARALDA;APÍA;"14/10/2025";"292-1927";;"660450001000000050377000000000";Cancelacion_por_Englobe;;;;;;
1220217;"13521330";14;14;BOYACÁ;SOGAMOSO;"14/10/2025";"095-141199";;"157590102000002790907900000067";Cancelacion;;;;;;
1222986;"14581564";594;594;ATLÁNTICO;TUBARÁ;"14/10/2025";"040-610851";FMI_Debe_Estar_Cerrado;"088320003000000013155000000000";Cancelacion_por_Desenglobe;;;;;;
1641301;L4_74;31;31;BOYACÁ;SOGAMOSO;"14/10/2025";"095-158328";;"157590102000004810051000000000";Desenglobe_Division_Material;"095-165026";Privado_Privado;PH_Unidad_Predial;48.5;0.1502;48.5
1641302;L4_73;30;30;BOYACÁ;SOGAMOSO;"14/10/2025";"095-158328";;"157590102000004810051000000000";Desenglobe_Division_Material;"095-165025";Privado_Privado;PH_Unidad_Predial;84.13;0.2605;84.13
1641303;L4_76;33;33;BOYACÁ;SOGAMOSO;"14/10/2025";"095-158328";;"157590102000004810051000000000";Desenglobe_Division_Material;"095-165023";Privado_Privado;PH_Unidad_Predial;106.19;0.32880000000000004;106.19
1641304;L4_75;32;32;BOYACÁ;SOGAMOSO;"14/10/2025";"095-158328";;"157590102000004810051000000000";Desenglobe_Division_Material;"095-165024";Privado_Privado;PH_Unidad_Predial;84.13;0.2605;84.13
1642113;L5_497;590;590;ATLÁNTICO;TUBARÁ;"14/10/2025";"040-498846";;"088320003000000011343000000000";Desenglobe_Division_Material;"040-632978";Privado_Privado;PH_Unidad_Predial;216.0;0.3407;216.0
1642114;L5_500;593;593;ATLÁNTICO;TUBARÁ;"14/10/2025";"040-498846";;"088320003000000011343000000000";Desenglobe_Division_Material;"040-632980";Privado_Privado;PH_Unidad_Predial;128.0;0.20190000000000002;128.0
1642115;L5_499;592;592;ATLÁNTICO;TUBARÁ;"14/10/2025";"040-498846";;"088320003000000011343000000000";Desenglobe_Division_Material;"040-632981";Privado_Privado;PH_Unidad_Predial;128.0;0.20190000000000002;128.0
1642116;L5_498;591;591;ATLÁNTICO;TUBARÁ;"14/10/2025";"040-498846";;"088320003000000011343000000000";Desenglobe_Division_Material;"040-632979";Privado_Privado;PH_Unidad_Predial;162.0;0.2555;162.0
