"id_operacion_predio";"id";"no, fmi";"dirección territorial";"municipio";"fecha_envio_juridico";"uit";"vereda";"npn";"novedad_numero_predial";"predio tipo";"condicion prop";"npn provisional"
"1642072";32;32;BOYACÁ;RAMIRIQUI;"29/10/2025";"7";"15599000000000009";"155990000000000090044000000000";Cambio_Numero_Predial_NPH_a_Informal;Publico_Presunto_Baldio;Informal;
"1642075";30;30;BOYACÁ;RAMIRIQUI;"29/10/2025";"7";"15599000000000009";"155990000000000090047000000000";Cambio_Numero_Predial_NPH_a_Informal;Publico_Presunto_Baldio;Informal;
"1642076";35;35;BOYACÁ;RAMIRIQUI;"29/10/2025";"7";"15599000000000009";"155990000000000090048000000000";Cambio_Numero_Predial_NPH_a_Informal;Publico_Presunto_Baldio;Informal;
"1642096";31;31;BOYACÁ;RAMIRIQUI;"29/10/2025";"7";"15599000000000009";"155990000000000090070000000000";Cambio_Numero_Predial_NPH_a_Informal;Publico_Presunto_Baldio;Informal;
"1642121";28;28;BOYACÁ;RAMIRIQUI;"29/10/2025";"7";"15599000000000009";"155990000000000090098000000000";Cambio_Numero_Predial_NPH_a_Informal;Publico_Presunto_Baldio;Informal;
"1642248";18;18;BOYACÁ;RAMIRIQUI;"29/10/2025";"7";"15599000000000009";"155990000000000090248000000000";Cambio_Numero_Predial_NPH_a_Informal;Publico_Presunto_Baldio;Informal;
"1642250";19;19;BOYACÁ;RAMIRIQUI;"29/10/2025";"7";"15599000000000009";"155990000000000090251000000000";Cambio_Numero_Predial_NPH_a_Informal;Publico_Presunto_Baldio;Informal;
"1642252";20;20;BOYACÁ;RAMIRIQUI;"29/10/2025";"7";"15599000000000009";"155990000000000090253000000000";Cambio_Numero_Predial_NPH_a_Informal;Publico_Presunto_Baldio;Informal;
"1642255";21;21;BOYACÁ;RAMIRIQUI;"29/10/2025";"7";"15599000000000009";"155990000000000090256000000000";Cambio_Numero_Predial_NPH_a_Informal;Publico_Presunto_Baldio;Informal;
"1642306";37;37;BOYACÁ;RAMIRIQUI;"29/10/2025";"7";"15599000000000009";"155990000000000090313000000000";Cambio_Numero_Predial_NPH_a_Informal;Publico_Presunto_Baldio;Informal;
"1642312";22;22;BOYACÁ;RAMIRIQUI;"29/10/2025";"7";"15599000000000009";"155990000000000090319000000000";Cambio_Numero_Predial_NPH_a_Informal;Publico_Presunto_Baldio;Informal;
"1642318";23;23;BOYACÁ;RAMIRIQUI;"29/10/2025";"7";"15599000000000009";"155990000000000090325000000000";Cambio_Numero_Predial_NPH_a_Informal;Publico_Presunto_Baldio;Informal;
"1642321";24;24;BOYACÁ;RAMIRIQUI;"29/10/2025";"7";"15599000000000009";"155990000000000090328000000000";Cambio_Numero_Predial_NPH_a_Informal;Publico_Presunto_Baldio;Informal;
"1642323";25;25;BOYACÁ;RAMIRIQUI;"29/10/2025";"7";"15599000000000009";"155990000000000090330000000000";Cambio_Numero_Predial_NPH_a_Informal;Publico_Presunto_Baldio;Informal;
"1642324";26;26;BOYACÁ;RAMIRIQUI;"29/10/2025";"7";"15599000000000009";"155990000000000090331000000000";Cambio_Numero_Predial_NPH_a_Informal;Publico_Presunto_Baldio;Informal;
"1642362";36;36;BOYACÁ;RAMIRIQUI;"29/10/2025";"7";"15599000000000009";"155990000000000090373000000000";Cambio_Numero_Predial_NPH_a_Informal;Publico_Presunto_Baldio;Informal;
"1642377";38;38;BOYACÁ;RAMIRIQUI;"29/10/2025";"7";"15599000000000009";"155990000000000090388000000000";Cambio_Numero_Predial_NPH_a_Informal;Publico_Presunto_Baldio;Informal;
"1642422";45;45;BOYACÁ;RAMIRIQUI;"29/10/2025";"7";"15599000000000009";"155990000000000090434000000000";Cambio_Numero_Predial_NPH_a_Informal;Publico_Presunto_Baldio;Informal;
"1642443";44;44;BOYACÁ;RAMIRIQUI;"29/10/2025";"7";"15599000000000009";"155990000000000090456000000000";Cambio_Numero_Predial_NPH_a_Informal;Publico_Presunto_Baldio;Informal;
"1642462";15;15;BOYACÁ;RAMIRIQUI;"29/10/2025";"7";"15599000000000009";"155990000000000090488000000000";Cambio_Numero_Predial_NPH_a_Informal;Publico_Presunto_Baldio;Informal;
"1642470";16;16;BOYACÁ;RAMIRIQUI;"29/10/2025";"7";"15599000000000009";"155990000000000090496000000000";Cambio_Numero_Predial_NPH_a_Informal;Publico_Presunto_Baldio;Informal;
"1642482";46;46;BOYACÁ;RAMIRIQUI;"29/10/2025";"7";"15599000000000009";"155990000000000090516000000000";Cambio_Numero_Predial_NPH_a_Informal;Publico_Presunto_Baldio;Informal;
"1642497";39;39;BOYACÁ;RAMIRIQUI;"29/10/2025";"7";"15599000000000009";"155990000000000090538000000000";Cambio_Numero_Predial_NPH_a_Informal;Publico_Presunto_Baldio;Informal;
"1642499";42;42;BOYACÁ;RAMIRIQUI;"29/10/2025";"7";"15599000000000009";"155990000000000090540000000000";Cambio_Numero_Predial_NPH_a_Informal;Publico_Presunto_Baldio;Informal;
"1642503";43;43;BOYACÁ;RAMIRIQUI;"29/10/2025";"7";"15599000000000009";"155990000000000090544000000000";Cambio_Numero_Predial_NPH_a_Informal;Publico_Presunto_Baldio;Informal;
"1642508";51;51;BOYACÁ;RAMIRIQUI;"29/10/2025";"7";"15599000000000009";"155990000000000090549000000000";Cambio_Numero_Predial_NPH_a_Informal;Publico_Presunto_Baldio;Informal;
"1642511";52;52;BOYACÁ;RAMIRIQUI;"29/10/2025";"7";"15599000000000009";"155990000000000090552000000000";Cambio_Numero_Predial_NPH_a_Informal;Publico_Presunto_Baldio;Informal;
"1642513";49;49;BOYACÁ;RAMIRIQUI;"29/10/2025";"7";"15599000000000009";"155990000000000090554000000000";Cambio_Numero_Predial_NPH_a_Informal;Publico_Presunto_Baldio;Informal;
"1642521";50;50;BOYACÁ;RAMIRIQUI;"29/10/2025";"7";"15599000000000009";"155990000000000090562000000000";Cambio_Numero_Predial_NPH_a_Informal;Publico_Presunto_Baldio;Informal;
"1642523";47;47;BOYACÁ;RAMIRIQUI;"29/10/2025";"7";"15599000000000009";"155990000000000090564000000000";Cambio_Numero_Predial_NPH_a_Informal;Publico_Presunto_Baldio;Informal;
"1642525";48;48;BOYACÁ;RAMIRIQUI;"29/10/2025";"7";"15599000000000009";"155990000000000090566000000000";Cambio_Numero_Predial_NPH_a_Informal;Publico_Presunto_Baldio;Informal;
"1642551";40;40;BOYACÁ;RAMIRIQUI;"29/10/2025";"7";"15599000000000009";"155990000000000090592000000000";Cambio_Numero_Predial_NPH_a_Informal;Publico_Presunto_Baldio;Informal;
"1642552";41;41;BOYACÁ;RAMIRIQUI;"29/10/2025";"7";"15599000000000009";"155990000000000090593000000000";Cambio_Numero_Predial_NPH_a_Informal;Publico_Presunto_Baldio;Informal;
"1642557";12;12;BOYACÁ;RAMIRIQUI;"29/10/2025";"7";"15599000000000009";"155990000000000090597500000001";Cancelacion;;;
"1642614";2;2;BOYACÁ;RAMIRIQUI;"29/10/2025";"7";"15599000000000009";"155990000000000090660500000001";Cancelacion;;;
"1642615";3;3;BOYACÁ;RAMIRIQUI;"29/10/2025";"7";"15599000000000009";"155990000000000090660500000002";Cancelacion;;;
"1642627";4;4;BOYACÁ;RAMIRIQUI;"29/10/2025";"7";"15599000000000009";"155990000000000090671500000001";Cancelacion;;;
"1642628";5;5;BOYACÁ;RAMIRIQUI;"29/10/2025";"7";"15599000000000009";"155990000000000090671500000002";Cancelacion;;;
"1642643";34;34;BOYACÁ;RAMIRIQUI;"29/10/2025";"7";"15599000000000009";"155990000000000090702000000000";Cambio_Numero_Predial_NPH_a_Informal;Publico_Presunto_Baldio;Informal;
"1642713";14;14;BOYACÁ;RAMIRIQUI;"29/10/2025";"7";"15599000000000009";"155990000000000090809500000001";Cancelacion;;;
"1642740";6;6;BOYACÁ;RAMIRIQUI;"29/10/2025";"7";"15599000000000009";"155990000000000090840500000001";Cancelacion;;;
"1642803";7;7;BOYACÁ;RAMIRIQUI;"29/10/2025";"7";"15599000000000009";"155990000000000090938500000001";Cancelacion;;;
"1642812";13;13;BOYACÁ;RAMIRIQUI;"29/10/2025";"7";"15599000000000009";"155990000000000090953500000001";Cancelacion;;;
"1642815";17;17;BOYACÁ;RAMIRIQUI;"29/10/2025";"7";"15599000000000009";"155990000000000090957000000000";Cambio_Numero_Predial_NPH_a_Informal;Publico_Presunto_Baldio;Informal;
"1642825";33;33;BOYACÁ;RAMIRIQUI;"29/10/2025";"7";"15599000000000009";"155990000000000090992000000000";Cambio_Numero_Predial_NPH_a_Informal;Publico_Presunto_Baldio;Informal;
"1642827";1;1;BOYACÁ;RAMIRIQUI;"29/10/2025";"7";"15599000000000009";"155990000000000090995000000000";Cancelacion;;;
"1642856";8;8;BOYACÁ;RAMIRIQUI;"29/10/2025";"7";"15599000000000009";"155990000000000091038500000001";Cancelacion;;;
"1642857";9;9;BOYACÁ;RAMIRIQUI;"29/10/2025";"7";"15599000000000009";"155990000000000091038500000002";Cancelacion;;;
"1642858";10;10;BOYACÁ;RAMIRIQUI;"29/10/2025";"7";"15599000000000009";"155990000000000091038500000003";Cancelacion;;;
"1642859";11;11;BOYACÁ;RAMIRIQUI;"29/10/2025";"7";"15599000000000009";"155990000000000091038500000004";Cancelacion;;;
"1642904";29;29;BOYACÁ;RAMIRIQUI;"29/10/2025";"7";"15599000000000009";"155990000000000091182000000000";Cambio_Numero_Predial_NPH_a_Informal;Publico_Presunto_Baldio;Informal;
"1643313";27;27;BOYACÁ;RAMIRIQUI;"29/10/2025";"7";"15599000000000009";"155990000000000091596000000000";Cambio_Numero_Predial_NPH_a_Informal;Publico_Presunto_Baldio;Informal;
"1646165";145;145;BOYACÁ;RAMIRIQUI;"29/10/2025";"2";"15599000000000020";"155990000000000200005000000000";Cambio_Numero_Predial_NPH_a_Informal;Publico_Presunto_Baldio;Informal;
"1646166";146;146;BOYACÁ;RAMIRIQUI;"29/10/2025";"2";"15599000000000020";"155990000000000200006000000000";Cambio_Numero_Predial_NPH_a_Informal;Publico_Presunto_Baldio;Informal;
"1646174";177;177;BOYACÁ;RAMIRIQUI;"29/10/2025";"2";"15599000000000020";"155990000000000200014000000000";Cambio_Numero_Predial_NPH_a_Informal;Publico_Presunto_Baldio;Informal;
"1646175";149;149;BOYACÁ;RAMIRIQUI;"29/10/2025";"2";"15599000000000020";"155990000000000200015000000000";Cambio_Numero_Predial_NPH_a_Informal;Publico_Presunto_Baldio;Informal;
"1646182";144;144;BOYACÁ;RAMIRIQUI;"29/10/2025";"2";"15599000000000020";"155990000000000200022000000000";Cambio_Numero_Predial_NPH_a_Informal;Publico_Presunto_Baldio;Informal;
"1646184";150;150;BOYACÁ;RAMIRIQUI;"29/10/2025";"2";"15599000000000020";"155990000000000200024000000000";Cambio_Numero_Predial_NPH_a_Informal;Publico_Presunto_Baldio;Informal;
"1646198";176;176;BOYACÁ;RAMIRIQUI;"29/10/2025";"2";"15599000000000020";"155990000000000200044000000000";Cambio_Numero_Predial_NPH_a_Informal;Publico_Presunto_Baldio;Informal;
"1646200";168;168;BOYACÁ;RAMIRIQUI;"29/10/2025";"2";"15599000000000020";"155990000000000200046000000000";Cambio_Numero_Predial_NPH_a_Informal;Publico_Presunto_Baldio;Informal;
"1646202";169;169;BOYACÁ;RAMIRIQUI;"29/10/2025";"2";"15599000000000020";"155990000000000200048000000000";Cambio_Numero_Predial_NPH_a_Informal;Publico_Presunto_Baldio;Informal;
"1646204";171;171;BOYACÁ;RAMIRIQUI;"29/10/2025";"2";"15599000000000020";"155990000000000200050000000000";Cambio_Numero_Predial_NPH_a_Informal;Publico_Presunto_Baldio;Informal;
"1646207";174;174;BOYACÁ;RAMIRIQUI;"29/10/2025";"2";"15599000000000020";"155990000000000200053000000000";Cambio_Numero_Predial_NPH_a_Informal;Publico_Presunto_Baldio;Informal;
"1646214";173;173;BOYACÁ;RAMIRIQUI;"29/10/2025";"2";"15599000000000020";"155990000000000200064000000000";Cambio_Numero_Predial_NPH_a_Informal;Publico_Presunto_Baldio;Informal;
"1646215";172;172;BOYACÁ;RAMIRIQUI;"29/10/2025";"2";"15599000000000020";"155990000000000200065000000000";Cambio_Numero_Predial_NPH_a_Informal;Publico_Presunto_Baldio;Informal;
"1646216";170;170;BOYACÁ;RAMIRIQUI;"29/10/2025";"2";"15599000000000020";"155990000000000200066000000000";Cambio_Numero_Predial_NPH_a_Informal;Publico_Presunto_Baldio;Informal;
"1646219";86;86;BOYACÁ;RAMIRIQUI;"29/10/2025";"2";"15599000000000020";"155990000000000200070000000000";Cambio_Numero_Predial_NPH_a_Informal;Publico_Presunto_Baldio;Informal;
"1646222";87;87;BOYACÁ;RAMIRIQUI;"29/10/2025";"2";"15599000000000020";"155990000000000200073000000000";Cambio_Numero_Predial_NPH_a_Informal;Publico_Presunto_Baldio;Informal;
"1646226";88;88;BOYACÁ;RAMIRIQUI;"29/10/2025";"2";"15599000000000020";"155990000000000200078000000000";Cambio_Numero_Predial_NPH_a_Informal;Publico_Presunto_Baldio;Informal;
"1646231";110;110;BOYACÁ;RAMIRIQUI;"29/10/2025";"2";"15599000000000020";"155990000000000200083000000000";Cambio_Numero_Predial_NPH_a_Informal;Publico_Presunto_Baldio;Informal;
"1646233";115;115;BOYACÁ;RAMIRIQUI;"29/10/2025";"2";"15599000000000020";"155990000000000200085000000000";Cambio_Numero_Predial_NPH_a_Informal;Publico_Presunto_Baldio;Informal;
"1646237";118;118;BOYACÁ;RAMIRIQUI;"29/10/2025";"2";"15599000000000020";"155990000000000200089000000000";Cambio_Numero_Predial_NPH_a_Informal;Publico_Presunto_Baldio;Informal;
"1646238";120;120;BOYACÁ;RAMIRIQUI;"29/10/2025";"2";"15599000000000020";"155990000000000200090000000000";Cambio_Numero_Predial_NPH_a_Informal;Publico_Presunto_Baldio;Informal;
"1646242";116;116;BOYACÁ;RAMIRIQUI;"29/10/2025";"2";"15599000000000020";"155990000000000200094000000000";Cambio_Numero_Predial_NPH_a_Informal;Publico_Presunto_Baldio;Informal;
"1646246";100;100;BOYACÁ;RAMIRIQUI;"29/10/2025";"2";"15599000000000020";"155990000000000200098000000000";Cambio_Numero_Predial_NPH_a_Informal;Publico_Presunto_Baldio;Informal;
"1646248";109;109;BOYACÁ;RAMIRIQUI;"29/10/2025";"2";"15599000000000020";"155990000000000200100000000000";Cambio_Numero_Predial_NPH_a_Informal;Publico_Presunto_Baldio;Informal;
"1646249";108;108;BOYACÁ;RAMIRIQUI;"29/10/2025";"2";"15599000000000020";"155990000000000200101000000000";Cambio_Numero_Predial_NPH_a_Informal;Publico_Presunto_Baldio;Informal;
"1646250";107;107;BOYACÁ;RAMIRIQUI;"29/10/2025";"2";"15599000000000020";"155990000000000200102000000000";Cambio_Numero_Predial_NPH_a_Informal;Publico_Presunto_Baldio;Informal;
"1646252";106;106;BOYACÁ;RAMIRIQUI;"29/10/2025";"2";"15599000000000020";"155990000000000200104000000000";Cambio_Numero_Predial_NPH_a_Informal;Publico_Presunto_Baldio;Informal;
"1646255";114;114;BOYACÁ;RAMIRIQUI;"29/10/2025";"2";"15599000000000020";"155990000000000200110000000000";Cambio_Numero_Predial_NPH_a_Informal;Publico_Presunto_Baldio;Informal;
"1646257";111;111;BOYACÁ;RAMIRIQUI;"29/10/2025";"2";"15599000000000020";"155990000000000200112000000000";Cambio_Numero_Predial_NPH_a_Informal;Publico_Presunto_Baldio;Informal;
"1646259";112;112;BOYACÁ;RAMIRIQUI;"29/10/2025";"2";"15599000000000020";"155990000000000200114000000000";Cambio_Numero_Predial_NPH_a_Informal;Publico_Presunto_Baldio;Informal;
"1646260";113;113;BOYACÁ;RAMIRIQUI;"29/10/2025";"2";"15599000000000020";"155990000000000200115000000000";Cambio_Numero_Predial_NPH_a_Informal;Publico_Presunto_Baldio;Informal;
"1646265";105;105;BOYACÁ;RAMIRIQUI;"29/10/2025";"2";"15599000000000020";"155990000000000200120000000000";Cambio_Numero_Predial_NPH_a_Informal;Publico_Presunto_Baldio;Informal;
"1646267";104;104;BOYACÁ;RAMIRIQUI;"29/10/2025";"2";"15599000000000020";"155990000000000200122000000000";Cambio_Numero_Predial_NPH_a_Informal;Publico_Presunto_Baldio;Informal;
"1646268";103;103;BOYACÁ;RAMIRIQUI;"29/10/2025";"2";"15599000000000020";"155990000000000200123000000000";Cambio_Numero_Predial_NPH_a_Informal;Publico_Presunto_Baldio;Informal;
"1646272";102;102;BOYACÁ;RAMIRIQUI;"29/10/2025";"2";"15599000000000020";"155990000000000200127000000000";Cambio_Numero_Predial_NPH_a_Informal;Publico_Presunto_Baldio;Informal;
"1646273";101;101;BOYACÁ;RAMIRIQUI;"29/10/2025";"2";"15599000000000020";"155990000000000200128000000000";Cambio_Numero_Predial_NPH_a_Informal;Publico_Presunto_Baldio;Informal;
"1646274";117;117;BOYACÁ;RAMIRIQUI;"29/10/2025";"2";"15599000000000020";"155990000000000200129000000000";Cambio_Numero_Predial_NPH_a_Informal;Publico_Presunto_Baldio;Informal;
"1646275";119;119;BOYACÁ;RAMIRIQUI;"29/10/2025";"2";"15599000000000020";"155990000000000200130000000000";Cambio_Numero_Predial_NPH_a_Informal;Publico_Presunto_Baldio;Informal;
"1646279";164;164;BOYACÁ;RAMIRIQUI;"29/10/2025";"2";"15599000000000020";"155990000000000200134000000000";Cambio_Numero_Predial_NPH_a_Informal;Publico_Presunto_Baldio;Informal;
"1646283";158;158;BOYACÁ;RAMIRIQUI;"29/10/2025";"2";"15599000000000020";"155990000000000200138000000000";Cambio_Numero_Predial_NPH_a_Informal;Publico_Presunto_Baldio;Informal;
"1646287";159;159;BOYACÁ;RAMIRIQUI;"29/10/2025";"2";"15599000000000020";"155990000000000200142000000000";Cambio_Numero_Predial_NPH_a_Informal;Publico_Presunto_Baldio;Informal;
"1646291";165;165;BOYACÁ;RAMIRIQUI;"29/10/2025";"2";"15599000000000020";"155990000000000200146000000000";Cambio_Numero_Predial_NPH_a_Informal;Publico_Presunto_Baldio;Informal;
"1646294";160;160;BOYACÁ;RAMIRIQUI;"29/10/2025";"2";"15599000000000020";"155990000000000200149000000000";Cambio_Numero_Predial_NPH_a_Informal;Publico_Presunto_Baldio;Informal;
"1646304";161;161;BOYACÁ;RAMIRIQUI;"29/10/2025";"2";"15599000000000020";"155990000000000200160000000000";Cambio_Numero_Predial_NPH_a_Informal;Publico_Presunto_Baldio;Informal;
"1646308";162;162;BOYACÁ;RAMIRIQUI;"29/10/2025";"2";"15599000000000020";"155990000000000200164000000000";Cambio_Numero_Predial_NPH_a_Informal;Publico_Presunto_Baldio;Informal;
"1646314";143;143;BOYACÁ;RAMIRIQUI;"29/10/2025";"2";"15599000000000020";"155990000000000200171000000000";Cambio_Numero_Predial_NPH_a_Informal;Publico_Presunto_Baldio;Informal;
"1646323";147;147;BOYACÁ;RAMIRIQUI;"29/10/2025";"2";"15599000000000020";"155990000000000200182000000000";Cambio_Numero_Predial_NPH_a_Informal;Publico_Presunto_Baldio;Informal;
"1646328";148;148;BOYACÁ;RAMIRIQUI;"29/10/2025";"2";"15599000000000020";"155990000000000200187000000000";Cambio_Numero_Predial_NPH_a_Informal;Publico_Presunto_Baldio;Informal;
"1646337";166;166;BOYACÁ;RAMIRIQUI;"29/10/2025";"2";"15599000000000020";"155990000000000200196000000000";Cambio_Numero_Predial_NPH_a_Informal;Publico_Presunto_Baldio;Informal;
"1646338";167;167;BOYACÁ;RAMIRIQUI;"29/10/2025";"2";"15599000000000020";"155990000000000200197000000000";Cambio_Numero_Predial_NPH_a_Informal;Publico_Presunto_Baldio;Informal;
"1646343";175;175;BOYACÁ;RAMIRIQUI;"29/10/2025";"2";"15599000000000020";"155990000000000200202000000000";Cambio_Numero_Predial_NPH_a_Informal;Publico_Presunto_Baldio;Informal;
"1646353";89;89;BOYACÁ;RAMIRIQUI;"29/10/2025";"2";"15599000000000020";"155990000000000200213000000000";Cambio_Numero_Predial_NPH_a_Informal;Publico_Presunto_Baldio;Informal;
"1646354";90;90;BOYACÁ;RAMIRIQUI;"29/10/2025";"2";"15599000000000020";"155990000000000200214000000000";Cambio_Numero_Predial_NPH_a_Informal;Publico_Presunto_Baldio;Informal;
"1646356";91;91;BOYACÁ;RAMIRIQUI;"29/10/2025";"2";"15599000000000020";"155990000000000200216000000000";Cambio_Numero_Predial_NPH_a_Informal;Publico_Presunto_Baldio;Informal;
"1646357";92;92;BOYACÁ;RAMIRIQUI;"29/10/2025";"2";"15599000000000020";"155990000000000200217000000000";Cambio_Numero_Predial_NPH_a_Informal;Publico_Presunto_Baldio;Informal;
"1646358";93;93;BOYACÁ;RAMIRIQUI;"29/10/2025";"2";"15599000000000020";"155990000000000200218000000000";Cambio_Numero_Predial_NPH_a_Informal;Publico_Presunto_Baldio;Informal;
"1646359";94;94;BOYACÁ;RAMIRIQUI;"29/10/2025";"2";"15599000000000020";"155990000000000200219000000000";Cambio_Numero_Predial_NPH_a_Informal;Publico_Presunto_Baldio;Informal;
"1646360";95;95;BOYACÁ;RAMIRIQUI;"29/10/2025";"2";"15599000000000020";"155990000000000200220000000000";Cambio_Numero_Predial_NPH_a_Informal;Publico_Presunto_Baldio;Informal;
"1646361";96;96;BOYACÁ;RAMIRIQUI;"29/10/2025";"2";"15599000000000020";"155990000000000200221000000000";Cambio_Numero_Predial_NPH_a_Informal;Publico_Presunto_Baldio;Informal;
"1646362";97;97;BOYACÁ;RAMIRIQUI;"29/10/2025";"2";"15599000000000020";"155990000000000200222000000000";Cambio_Numero_Predial_NPH_a_Informal;Publico_Presunto_Baldio;Informal;
"1646372";130;130;BOYACÁ;RAMIRIQUI;"29/10/2025";"2";"15599000000000020";"155990000000000200232000000000";Cambio_Numero_Predial_NPH_a_Informal;Publico_Presunto_Baldio;Informal;
"1646375";141;141;BOYACÁ;RAMIRIQUI;"29/10/2025";"2";"15599000000000020";"155990000000000200235000000000";Cambio_Numero_Predial_NPH_a_Informal;Publico_Presunto_Baldio;Informal;
"1646376";135;135;BOYACÁ;RAMIRIQUI;"29/10/2025";"2";"15599000000000020";"155990000000000200237000000000";Cambio_Numero_Predial_NPH_a_Informal;Publico_Presunto_Baldio;Informal;
"1646377";136;136;BOYACÁ;RAMIRIQUI;"29/10/2025";"2";"15599000000000020";"155990000000000200238000000000";Cambio_Numero_Predial_NPH_a_Informal;Publico_Presunto_Baldio;Informal;
"1646389";163;163;BOYACÁ;RAMIRIQUI;"29/10/2025";"2";"15599000000000020";"155990000000000200250000000000";Cambio_Numero_Predial_NPH_a_Informal;Publico_Presunto_Baldio;Informal;
"1646400";152;152;BOYACÁ;RAMIRIQUI;"29/10/2025";"2";"15599000000000020";"155990000000000200261000000000";Cambio_Numero_Predial_NPH_a_Informal;Publico_Presunto_Baldio;Informal;
"1646402";151;151;BOYACÁ;RAMIRIQUI;"29/10/2025";"2";"15599000000000020";"155990000000000200263000000000";Cambio_Numero_Predial_NPH_a_Informal;Publico_Presunto_Baldio;Informal;
"1646408";153;153;BOYACÁ;RAMIRIQUI;"29/10/2025";"2";"15599000000000020";"155990000000000200269000000000";Cambio_Numero_Predial_NPH_a_Informal;Publico_Presunto_Baldio;Informal;
"1646409";154;154;BOYACÁ;RAMIRIQUI;"29/10/2025";"2";"15599000000000020";"155990000000000200270000000000";Cambio_Numero_Predial_NPH_a_Informal;Publico_Presunto_Baldio;Informal;
"1646423";155;155;BOYACÁ;RAMIRIQUI;"29/10/2025";"2";"15599000000000020";"155990000000000200284000000000";Cambio_Numero_Predial_NPH_a_Informal;Publico_Presunto_Baldio;Informal;
"1646424";156;156;BOYACÁ;RAMIRIQUI;"29/10/2025";"2";"15599000000000020";"155990000000000200285000000000";Cambio_Numero_Predial_NPH_a_Informal;Publico_Presunto_Baldio;Informal;
"1646429";178;178;BOYACÁ;RAMIRIQUI;"29/10/2025";"2";"15599000000000020";"155990000000000200290000000000";Cambio_Numero_Predial_NPH_a_Informal;Publico_Presunto_Baldio;Informal;
"1646431";179;179;BOYACÁ;RAMIRIQUI;"29/10/2025";"2";"15599000000000020";"155990000000000200292000000000";Cambio_Numero_Predial_NPH_a_Informal;;Informal;
"1646435";53;53;BOYACÁ;RAMIRIQUI;"29/10/2025";"2";"15599000000000020";"155990000000000200295500000001";Cancelacion;;;
"1646436";157;157;BOYACÁ;RAMIRIQUI;"29/10/2025";"2";"15599000000000020";"155990000000000200296000000000";Cambio_Numero_Predial_NPH_a_Informal;Publico_Presunto_Baldio;Informal;
"1646439";72;72;BOYACÁ;RAMIRIQUI;"29/10/2025";"2";"15599000000000020";"155990000000000200299000000000";Cambio_Numero_Predial_NPH_a_Informal;Publico_Presunto_Baldio;Informal;
"1646440";73;73;BOYACÁ;RAMIRIQUI;"29/10/2025";"2";"15599000000000020";"155990000000000200300000000000";Cambio_Numero_Predial_NPH_a_Informal;Publico_Presunto_Baldio;Informal;
"1646441";74;74;BOYACÁ;RAMIRIQUI;"29/10/2025";"2";"15599000000000020";"155990000000000200301000000000";Cambio_Numero_Predial_NPH_a_Informal;Publico_Presunto_Baldio;Informal;
"1646442";75;75;BOYACÁ;RAMIRIQUI;"29/10/2025";"2";"15599000000000020";"155990000000000200302000000000";Cambio_Numero_Predial_NPH_a_Informal;Publico_Presunto_Baldio;Informal;
"1646450";98;98;BOYACÁ;RAMIRIQUI;"29/10/2025";"2";"15599000000000020";"155990000000000200312000000000";Cambio_Numero_Predial_NPH_a_Informal;Publico_Presunto_Baldio;Informal;
"1646453";99;99;BOYACÁ;RAMIRIQUI;"29/10/2025";"2";"15599000000000020";"155990000000000200315000000000";Cambio_Numero_Predial_NPH_a_Informal;Publico_Presunto_Baldio;Informal;
"1646455";121;121;BOYACÁ;RAMIRIQUI;"29/10/2025";"2";"15599000000000020";"155990000000000200317000000000";Cambio_Numero_Predial_NPH_a_Informal;Publico_Presunto_Baldio;Informal;
"1646460";122;122;BOYACÁ;RAMIRIQUI;"29/10/2025";"2";"15599000000000020";"155990000000000200322000000000";Cambio_Numero_Predial_NPH_a_Informal;Publico_Presunto_Baldio;Informal;
"1646462";123;123;BOYACÁ;RAMIRIQUI;"29/10/2025";"2";"15599000000000020";"155990000000000200324000000000";Cambio_Numero_Predial_NPH_a_Informal;Publico_Presunto_Baldio;Informal;
"1646466";124;124;BOYACÁ;RAMIRIQUI;"29/10/2025";"2";"15599000000000020";"155990000000000200329000000000";Cambio_Numero_Predial_NPH_a_Informal;Publico_Presunto_Baldio;Informal;
"1646468";137;137;BOYACÁ;RAMIRIQUI;"29/10/2025";"2";"15599000000000020";"155990000000000200332000000000";Cambio_Numero_Predial_NPH_a_Informal;Publico_Presunto_Baldio;Informal;
"1646469";142;142;BOYACÁ;RAMIRIQUI;"29/10/2025";"2";"15599000000000020";"155990000000000200333000000000";Cambio_Numero_Predial_NPH_a_Informal;Publico_Presunto_Baldio;Informal;
"1646477";57;57;BOYACÁ;RAMIRIQUI;"29/10/2025";"2";"15599000000000020";"155990000000000200340500000001";Cambio_Numero_Predial_Mejora_a_Informal;Privado_Privado;Informal;
"1646478";58;58;BOYACÁ;RAMIRIQUI;"29/10/2025";"2";"15599000000000020";"155990000000000200340500000002";Cambio_Numero_Predial_Mejora_a_Informal;Privado_Privado;Informal;
"1646487";76;76;BOYACÁ;RAMIRIQUI;"29/10/2025";"2";"15599000000000020";"155990000000000200349000000000";Cambio_Numero_Predial_NPH_a_Informal;Publico_Presunto_Baldio;Informal;
"1646488";77;77;BOYACÁ;RAMIRIQUI;"29/10/2025";"2";"15599000000000020";"155990000000000200350000000000";Cambio_Numero_Predial_NPH_a_Informal;Publico_Presunto_Baldio;Informal;
"1646495";78;78;BOYACÁ;RAMIRIQUI;"29/10/2025";"2";"15599000000000020";"155990000000000200358000000000";Cambio_Numero_Predial_NPH_a_Informal;Publico_Presunto_Baldio;Informal;
"1646497";79;79;BOYACÁ;RAMIRIQUI;"29/10/2025";"2";"15599000000000020";"155990000000000200360000000000";Cambio_Numero_Predial_NPH_a_Informal;Publico_Presunto_Baldio;Informal;
"1646498";80;80;BOYACÁ;RAMIRIQUI;"29/10/2025";"2";"15599000000000020";"155990000000000200361000000000";Cambio_Numero_Predial_NPH_a_Informal;Publico_Presunto_Baldio;Informal;
"1646499";81;81;BOYACÁ;RAMIRIQUI;"29/10/2025";"2";"15599000000000020";"155990000000000200362000000000";Cambio_Numero_Predial_NPH_a_Informal;Publico_Presunto_Baldio;Informal;
"1646500";82;82;BOYACÁ;RAMIRIQUI;"29/10/2025";"2";"15599000000000020";"155990000000000200363000000000";Cambio_Numero_Predial_NPH_a_Informal;Publico_Presunto_Baldio;Informal;
"1646502";83;83;BOYACÁ;RAMIRIQUI;"29/10/2025";"2";"15599000000000020";"155990000000000200365000000000";Cambio_Numero_Predial_NPH_a_Informal;Publico_Presunto_Baldio;Informal;
"1646505";125;125;BOYACÁ;RAMIRIQUI;"29/10/2025";"2";"15599000000000020";"155990000000000200368000000000";Cambio_Numero_Predial_NPH_a_Informal;Publico_Presunto_Baldio;Informal;
"1646508";84;84;BOYACÁ;RAMIRIQUI;"29/10/2025";"2";"15599000000000020";"155990000000000200371000000000";Cambio_Numero_Predial_NPH_a_Informal;Publico_Presunto_Baldio;Informal;
"1646511";55;55;BOYACÁ;RAMIRIQUI;"29/10/2025";"2";"15599000000000020";"155990000000000200373500000001";Cambio_Numero_Predial_Mejora_a_Informal;Privado_Privado;Informal;
"1646512";85;85;BOYACÁ;RAMIRIQUI;"29/10/2025";"2";"15599000000000020";"155990000000000200374000000000";Cambio_Numero_Predial_NPH_a_Informal;Publico_Presunto_Baldio;Informal;
"1646524";126;126;BOYACÁ;RAMIRIQUI;"29/10/2025";"2";"15599000000000020";"155990000000000200387000000000";Cambio_Numero_Predial_NPH_a_Informal;Publico_Presunto_Baldio;Informal;
"1646529";59;59;BOYACÁ;RAMIRIQUI;"29/10/2025";"2";"15599000000000020";"155990000000000200392000000000";Cambio_Numero_Predial_NPH_a_Informal;Publico_Presunto_Baldio;Informal;
"1646530";62;62;BOYACÁ;RAMIRIQUI;"29/10/2025";"2";"15599000000000020";"155990000000000200393000000000";Cambio_Numero_Predial_NPH_a_Informal;Publico_Presunto_Baldio;Informal;
"1646531";68;68;BOYACÁ;RAMIRIQUI;"29/10/2025";"2";"15599000000000020";"155990000000000200394000000000";Cambio_Numero_Predial_NPH_a_Informal;Publico_Presunto_Baldio;Informal;
"1646541";69;69;BOYACÁ;RAMIRIQUI;"29/10/2025";"2";"15599000000000020";"155990000000000200407000000000";Cambio_Numero_Predial_NPH_a_Informal;Publico_Presunto_Baldio;Informal;
"1646546";71;71;BOYACÁ;RAMIRIQUI;"29/10/2025";"2";"15599000000000020";"155990000000000200412000000000";Cambio_Numero_Predial_NPH_a_Informal;Publico_Presunto_Baldio;Informal;
"1646547";70;70;BOYACÁ;RAMIRIQUI;"29/10/2025";"2";"15599000000000020";"155990000000000200413000000000";Cambio_Numero_Predial_NPH_a_Informal;Publico_Presunto_Baldio;Informal;
"1646554";65;65;BOYACÁ;RAMIRIQUI;"29/10/2025";"2";"15599000000000020";"155990000000000200421000000000";Cambio_Numero_Predial_NPH_a_Informal;Publico_Presunto_Baldio;Informal;
"1646558";66;66;BOYACÁ;RAMIRIQUI;"29/10/2025";"2";"15599000000000020";"155990000000000200425000000000";Cambio_Numero_Predial_NPH_a_Informal;Publico_Presunto_Baldio;Informal;
"1646559";64;64;BOYACÁ;RAMIRIQUI;"29/10/2025";"2";"15599000000000020";"155990000000000200426000000000";Cambio_Numero_Predial_NPH_a_Informal;Publico_Presunto_Baldio;Informal;
"1646564";138;138;BOYACÁ;RAMIRIQUI;"29/10/2025";"2";"15599000000000020";"155990000000000200431000000000";Cambio_Numero_Predial_NPH_a_Informal;Publico_Presunto_Baldio;Informal;
"1646572";140;140;BOYACÁ;RAMIRIQUI;"29/10/2025";"2";"15599000000000020";"155990000000000200440000000000";Cambio_Numero_Predial_NPH_a_Informal;Publico_Presunto_Baldio;Informal;
"1646575";139;139;BOYACÁ;RAMIRIQUI;"29/10/2025";"2";"15599000000000020";"155990000000000200443000000000";Cambio_Numero_Predial_NPH_a_Informal;Publico_Presunto_Baldio;Informal;
"1646578";127;127;BOYACÁ;RAMIRIQUI;"29/10/2025";"2";"15599000000000020";"155990000000000200446000000000";Cambio_Numero_Predial_NPH_a_Informal;Publico_Presunto_Baldio;Informal;
"1646584";131;131;BOYACÁ;RAMIRIQUI;"29/10/2025";"2";"15599000000000020";"155990000000000200452000000000";Cambio_Numero_Predial_NPH_a_Informal;Publico_Presunto_Baldio;Informal;
"1646587";128;128;BOYACÁ;RAMIRIQUI;"29/10/2025";"2";"15599000000000020";"155990000000000200455000000000";Cambio_Numero_Predial_NPH_a_Informal;Publico_Presunto_Baldio;Informal;
"1646588";132;132;BOYACÁ;RAMIRIQUI;"29/10/2025";"2";"15599000000000020";"155990000000000200456000000000";Cambio_Numero_Predial_NPH_a_Informal;Publico_Presunto_Baldio;Informal;
"1646603";133;133;BOYACÁ;RAMIRIQUI;"29/10/2025";"2";"15599000000000020";"155990000000000200471000000000";Cambio_Numero_Predial_NPH_a_Informal;Publico_Presunto_Baldio;Informal;
"1646625";134;134;BOYACÁ;RAMIRIQUI;"29/10/2025";"2";"15599000000000020";"155990000000000200494000000000";Cambio_Numero_Predial_NPH_a_Informal;Publico_Presunto_Baldio;Informal;
"1646628";63;63;BOYACÁ;RAMIRIQUI;"29/10/2025";"2";"15599000000000020";"155990000000000200499000000000";Cambio_Numero_Predial_NPH_a_Informal;Publico_Presunto_Baldio;Informal;
"1646636";61;61;BOYACÁ;RAMIRIQUI;"29/10/2025";"2";"15599000000000020";"155990000000000200507000000000";Cambio_Numero_Predial_NPH_a_Informal;Publico_Presunto_Baldio;Informal;
"1646637";60;60;BOYACÁ;RAMIRIQUI;"29/10/2025";"2";"15599000000000020";"155990000000000200508000000000";Cambio_Numero_Predial_NPH_a_Informal;Publico_Presunto_Baldio;Informal;
"1646640";67;67;BOYACÁ;RAMIRIQUI;"29/10/2025";"2";"15599000000000020";"155990000000000200511000000000";Cambio_Numero_Predial_NPH_a_Informal;Publico_Presunto_Baldio;Informal;
"1646675";129;129;BOYACÁ;RAMIRIQUI;"29/10/2025";"2";"15599000000000020";"155990000000000200553000000000";Cambio_Numero_Predial_NPH_a_Informal;Publico_Presunto_Baldio;Informal;
"1646702";56;56;BOYACÁ;RAMIRIQUI;"29/10/2025";"2";"15599000000000020";"155990000000000200581500000001";Cambio_Numero_Predial_Mejora_a_Informal;Privado_Privado;Informal;
"1646732";199;199;BOYACÁ;RAMIRIQUI;"29/10/2025";"3-4";"15599000000000022";"155990000000000220013500000001";Cancelacion;;;
"1646734";243;243;BOYACÁ;RAMIRIQUI;"29/10/2025";"3-4";"15599000000000022";"155990000000000220015000000000";Cambio_Numero_Predial_NPH_a_Informal;Publico_Presunto_Baldio;Informal;
"1646735";232;232;BOYACÁ;RAMIRIQUI;"29/10/2025";"3-4";"15599000000000022";"155990000000000220016000000000";Cambio_Numero_Predial_NPH_a_Informal;Publico_Presunto_Baldio;Informal;
"1646738";240;240;BOYACÁ;RAMIRIQUI;"29/10/2025";"3-4";"15599000000000022";"155990000000000220019000000000";Cambio_Numero_Predial_NPH_a_Informal;Publico_Presunto_Baldio;Informal;
"1646743";255;255;BOYACÁ;RAMIRIQUI;"29/10/2025";"3-4";"15599000000000022";"155990000000000220024000000000";Cambio_Numero_Predial_NPH_a_Informal;Publico_Presunto_Baldio;Informal;
"1646745";234;234;BOYACÁ;RAMIRIQUI;"29/10/2025";"3-4";"15599000000000022";"155990000000000220026000000000";Cambio_Numero_Predial_NPH_a_Informal;Publico_Presunto_Baldio;Informal;
"1646751";208;208;BOYACÁ;RAMIRIQUI;"29/10/2025";"3-4";"15599000000000022";"155990000000000220032000000000";Cambio_Numero_Predial_NPH_a_Informal;Publico_Presunto_Baldio;Informal;
"1646755";209;209;BOYACÁ;RAMIRIQUI;"29/10/2025";"3-4";"15599000000000022";"155990000000000220036000000000";Cambio_Numero_Predial_NPH_a_Informal;Publico_Presunto_Baldio;Informal;
"1646757";250;250;BOYACÁ;RAMIRIQUI;"29/10/2025";"3-4";"15599000000000022";"155990000000000220038000000000";Cambio_Numero_Predial_NPH_a_Informal;Publico_Presunto_Baldio;Informal;
"1646760";241;241;BOYACÁ;RAMIRIQUI;"29/10/2025";"3-4";"15599000000000022";"155990000000000220041000000000";Cambio_Numero_Predial_NPH_a_Informal;Publico_Presunto_Baldio;Informal;
"1646761";244;244;BOYACÁ;RAMIRIQUI;"29/10/2025";"3-4";"15599000000000022";"155990000000000220042000000000";Cambio_Numero_Predial_NPH_a_Informal;Publico_Presunto_Baldio;Informal;
"1646762";245;245;BOYACÁ;RAMIRIQUI;"29/10/2025";"3-4";"15599000000000022";"155990000000000220043000000000";Cambio_Numero_Predial_NPH_a_Informal;Publico_Presunto_Baldio;Informal;
"1646764";180;180;BOYACÁ;RAMIRIQUI;"29/10/2025";"3-4";"15599000000000022";"155990000000000220044500000001";Cancelacion;;;
"1646766";181;181;BOYACÁ;RAMIRIQUI;"29/10/2025";"3-4";"15599000000000022";"155990000000000220045500000001";Cancelacion;;;
"1646770";210;210;BOYACÁ;RAMIRIQUI;"29/10/2025";"3-4";"15599000000000022";"155990000000000220049000000000";Cambio_Numero_Predial_NPH_a_Informal;Publico_Presunto_Baldio;Informal;
"1646780";182;182;BOYACÁ;RAMIRIQUI;"29/10/2025";"3-4";"15599000000000022";"155990000000000220061500000001";Cancelacion;;;
"1646789";183;183;BOYACÁ;RAMIRIQUI;"29/10/2025";"3-4";"15599000000000022";"155990000000000220077500000001";Cancelacion;;;
"1646792";198;198;BOYACÁ;RAMIRIQUI;"29/10/2025";"3-4";"15599000000000022";"155990000000000220079500000001";Cancelacion;;;
"1646794";257;257;BOYACÁ;RAMIRIQUI;"29/10/2025";"3-4";"15599000000000022";"155990000000000220081000000000";Cambio_Numero_Predial_NPH_a_Informal;Publico_Presunto_Baldio;Informal;
"1646802";211;211;BOYACÁ;RAMIRIQUI;"29/10/2025";"3-4";"15599000000000022";"155990000000000220089000000000";Cambio_Numero_Predial_NPH_a_Informal;Publico_Presunto_Baldio;Informal;
"1646804";184;184;BOYACÁ;RAMIRIQUI;"29/10/2025";"3-4";"15599000000000022";"155990000000000220090500000001";Cancelacion;;;
"1646808";242;242;BOYACÁ;RAMIRIQUI;"29/10/2025";"3-4";"15599000000000022";"155990000000000220094000000000";Cambio_Numero_Predial_NPH_a_Informal;Publico_Presunto_Baldio;Informal;
"1646809";246;246;BOYACÁ;RAMIRIQUI;"29/10/2025";"3-4";"15599000000000022";"155990000000000220095000000000";Cambio_Numero_Predial_NPH_a_Informal;Publico_Presunto_Baldio;Informal;
"1646816";252;252;BOYACÁ;RAMIRIQUI;"29/10/2025";"3-4";"15599000000000022";"155990000000000220102000000000";Cambio_Numero_Predial_NPH_a_Informal;Publico_Presunto_Baldio;Informal;
"1646817";256;256;BOYACÁ;RAMIRIQUI;"29/10/2025";"3-4";"15599000000000022";"155990000000000220103000000000";Cambio_Numero_Predial_NPH_a_Informal;Publico_Presunto_Baldio;Informal;
"1646818";254;254;BOYACÁ;RAMIRIQUI;"29/10/2025";"3-4";"15599000000000022";"155990000000000220104000000000";Cambio_Numero_Predial_NPH_a_Informal;Publico_Presunto_Baldio;Informal;
"1646819";253;253;BOYACÁ;RAMIRIQUI;"29/10/2025";"3-4";"15599000000000022";"155990000000000220105000000000";Cambio_Numero_Predial_NPH_a_Informal;Publico_Presunto_Baldio;Informal;
"1646820";251;251;BOYACÁ;RAMIRIQUI;"29/10/2025";"3-4";"15599000000000022";"155990000000000220106000000000";Cambio_Numero_Predial_NPH_a_Informal;Publico_Presunto_Baldio;Informal;
"1646821";249;249;BOYACÁ;RAMIRIQUI;"29/10/2025";"3-4";"15599000000000022";"155990000000000220107000000000";Cambio_Numero_Predial_NPH_a_Informal;Publico_Presunto_Baldio;Informal;
"1646822";247;247;BOYACÁ;RAMIRIQUI;"29/10/2025";"3-4";"15599000000000022";"155990000000000220108000000000";Cambio_Numero_Predial_NPH_a_Informal;Publico_Presunto_Baldio;Informal;
"1646823";248;248;BOYACÁ;RAMIRIQUI;"29/10/2025";"3-4";"15599000000000022";"155990000000000220109000000000";Cambio_Numero_Predial_NPH_a_Informal;Publico_Presunto_Baldio;Informal;
"1646824";231;231;BOYACÁ;RAMIRIQUI;"29/10/2025";"3-4";"15599000000000022";"155990000000000220110000000000";Cambio_Numero_Predial_NPH_a_Informal;Publico_Presunto_Baldio;Informal;
"1646825";229;229;BOYACÁ;RAMIRIQUI;"29/10/2025";"3-4";"15599000000000022";"155990000000000220111000000000";Cambio_Numero_Predial_NPH_a_Informal;Publico_Presunto_Baldio;Informal;
"1646828";236;236;BOYACÁ;RAMIRIQUI;"29/10/2025";"3-4";"15599000000000022";"155990000000000220114000000000";Cambio_Numero_Predial_NPH_a_Informal;Publico_Presunto_Baldio;Informal;
"1646832";230;230;BOYACÁ;RAMIRIQUI;"29/10/2025";"3-4";"15599000000000022";"155990000000000220118000000000";Cambio_Numero_Predial_NPH_a_Informal;Publico_Presunto_Baldio;Informal;
"1646839";217;217;BOYACÁ;RAMIRIQUI;"29/10/2025";"3-4";"15599000000000022";"155990000000000220126000000000";Cambio_Numero_Predial_NPH_a_Informal;Publico_Presunto_Baldio;Informal;
"1646840";212;212;BOYACÁ;RAMIRIQUI;"29/10/2025";"3-4";"15599000000000022";"155990000000000220127000000000";Cambio_Numero_Predial_NPH_a_Informal;Publico_Presunto_Baldio;Informal;
"1646844";226;226;BOYACÁ;RAMIRIQUI;"29/10/2025";"3-4";"15599000000000022";"155990000000000220131000000000";Cambio_Numero_Predial_NPH_a_Informal;Publico_Presunto_Baldio;Informal;
"1646848";214;214;BOYACÁ;RAMIRIQUI;"29/10/2025";"3-4";"15599000000000022";"155990000000000220135000000000";Cambio_Numero_Predial_NPH_a_Informal;Publico_Presunto_Baldio;Informal;
"1646851";218;218;BOYACÁ;RAMIRIQUI;"29/10/2025";"3-4";"15599000000000022";"155990000000000220138000000000";Cambio_Numero_Predial_NPH_a_Informal;Publico_Presunto_Baldio;Informal;
"1646852";219;219;BOYACÁ;RAMIRIQUI;"29/10/2025";"3-4";"15599000000000022";"155990000000000220139000000000";Cambio_Numero_Predial_NPH_a_Informal;Publico_Presunto_Baldio;Informal;
"1646854";213;213;BOYACÁ;RAMIRIQUI;"29/10/2025";"3-4";"15599000000000022";"155990000000000220141000000000";Cambio_Numero_Predial_NPH_a_Informal;Publico_Presunto_Baldio;Informal;
"1646856";185;185;BOYACÁ;RAMIRIQUI;"29/10/2025";"3-4";"15599000000000022";"155990000000000220142500000001";Cancelacion;;;
"1646858";186;186;BOYACÁ;RAMIRIQUI;"29/10/2025";"3-4";"15599000000000022";"155990000000000220143500000001";Cancelacion;;;
"1646859";187;187;BOYACÁ;RAMIRIQUI;"29/10/2025";"3-4";"15599000000000022";"155990000000000220143500000002";Cancelacion;;;
"1646863";283;283;BOYACÁ;RAMIRIQUI;"29/10/2025";"3-4";"15599000000000022";"155990000000000220147000000000";Cambio_Numero_Predial_NPH_a_Informal;Publico_Presunto_Baldio;Informal;
"1646869";282;282;BOYACÁ;RAMIRIQUI;"29/10/2025";"3-4";"15599000000000022";"155990000000000220153000000000";Cambio_Numero_Predial_NPH_a_Informal;Publico_Presunto_Baldio;Informal;
"1646870";281;281;BOYACÁ;RAMIRIQUI;"29/10/2025";"3-4";"15599000000000022";"155990000000000220154000000000";Cambio_Numero_Predial_NPH_a_Informal;Publico_Presunto_Baldio;Informal;
"1646872";280;280;BOYACÁ;RAMIRIQUI;"29/10/2025";"3-4";"15599000000000022";"155990000000000220156000000000";Cambio_Numero_Predial_NPH_a_Informal;Publico_Presunto_Baldio;Informal;
"1646874";279;279;BOYACÁ;RAMIRIQUI;"29/10/2025";"3-4";"15599000000000022";"155990000000000220158000000000";Cambio_Numero_Predial_NPH_a_Informal;Publico_Presunto_Baldio;Informal;
"1646876";278;278;BOYACÁ;RAMIRIQUI;"29/10/2025";"3-4";"15599000000000022";"155990000000000220160000000000";Cambio_Numero_Predial_NPH_a_Informal;Publico_Presunto_Baldio;Informal;
"1646878";188;188;BOYACÁ;RAMIRIQUI;"29/10/2025";"3-4";"15599000000000022";"155990000000000220161500000001";Cancelacion;;;
"1646880";277;277;BOYACÁ;RAMIRIQUI;"29/10/2025";"3-4";"15599000000000022";"155990000000000220164000000000";Cambio_Numero_Predial_NPH_a_Informal;Publico_Presunto_Baldio;Informal;
"1646883";276;276;BOYACÁ;RAMIRIQUI;"29/10/2025";"3-4";"15599000000000022";"155990000000000220167000000000";Cambio_Numero_Predial_NPH_a_Informal;Publico_Presunto_Baldio;Informal;
"1646886";275;275;BOYACÁ;RAMIRIQUI;"29/10/2025";"3-4";"15599000000000022";"155990000000000220170000000000";Cambio_Numero_Predial_NPH_a_Informal;Publico_Presunto_Baldio;Informal;
"1646888";274;274;BOYACÁ;RAMIRIQUI;"29/10/2025";"3-4";"15599000000000022";"155990000000000220173000000000";Cambio_Numero_Predial_NPH_a_Informal;Publico_Presunto_Baldio;Informal;
"1646890";189;189;BOYACÁ;RAMIRIQUI;"29/10/2025";"3-4";"15599000000000022";"155990000000000220174500000001";Cancelacion;;;
"1646891";200;200;BOYACÁ;RAMIRIQUI;"29/10/2025";"3-4";"15599000000000022";"155990000000000220174500000002";Cambio_Numero_Predial_Mejora_a_Informal;Privado_Privado;Informal;
"1646892";201;201;BOYACÁ;RAMIRIQUI;"29/10/2025";"3-4";"15599000000000022";"155990000000000220174500000003";Cambio_Numero_Predial_Mejora_a_Informal;Privado_Privado;Informal;
"1646893";202;202;BOYACÁ;RAMIRIQUI;"29/10/2025";"3-4";"15599000000000022";"155990000000000220174500000004";Cambio_Numero_Predial_Mejora_a_Informal;Privado_Privado;Informal;
"1646897";203;203;BOYACÁ;RAMIRIQUI;"29/10/2025";"3-4";"15599000000000022";"155990000000000220177500000001";Cambio_Numero_Predial_Mejora_a_Informal;Privado_Privado;Informal;
"1646901";225;225;BOYACÁ;RAMIRIQUI;"29/10/2025";"3-4";"15599000000000022";"155990000000000220182000000000";Cambio_Numero_Predial_NPH_a_Informal;Publico_Presunto_Baldio;Informal;
"1646904";223;223;BOYACÁ;RAMIRIQUI;"29/10/2025";"3-4";"15599000000000022";"155990000000000220185000000000";Cambio_Numero_Predial_NPH_a_Informal;Publico_Presunto_Baldio;Informal;
"1646910";273;273;BOYACÁ;RAMIRIQUI;"29/10/2025";"3-4";"15599000000000022";"155990000000000220196000000000";Cambio_Numero_Predial_NPH_a_Informal;Publico_Presunto_Baldio;Informal;
"1646911";272;272;BOYACÁ;RAMIRIQUI;"29/10/2025";"3-4";"15599000000000022";"155990000000000220197000000000";Cambio_Numero_Predial_NPH_a_Informal;Publico_Presunto_Baldio;Informal;
"1646914";190;190;BOYACÁ;RAMIRIQUI;"29/10/2025";"3-4";"15599000000000022";"155990000000000220199500000001";Cancelacion;;;
"1646917";191;191;BOYACÁ;RAMIRIQUI;"29/10/2025";"3-4";"15599000000000022";"155990000000000220201500000001";Cancelacion;;;
"1646921";271;271;BOYACÁ;RAMIRIQUI;"29/10/2025";"3-4";"15599000000000022";"155990000000000220205000000000";Cambio_Numero_Predial_NPH_a_Informal;Publico_Presunto_Baldio;Informal;
"1646922";270;270;BOYACÁ;RAMIRIQUI;"29/10/2025";"3-4";"15599000000000022";"155990000000000220206000000000";Cambio_Numero_Predial_NPH_a_Informal;Publico_Presunto_Baldio;Informal;
"1646923";269;269;BOYACÁ;RAMIRIQUI;"29/10/2025";"3-4";"15599000000000022";"155990000000000220207000000000";Cambio_Numero_Predial_NPH_a_Informal;Publico_Presunto_Baldio;Informal;
"1646924";268;268;BOYACÁ;RAMIRIQUI;"29/10/2025";"3-4";"15599000000000022";"155990000000000220208000000000";Cambio_Numero_Predial_NPH_a_Informal;Publico_Presunto_Baldio;Informal;
"1646926";192;192;BOYACÁ;RAMIRIQUI;"29/10/2025";"3-4";"15599000000000022";"155990000000000220209500000001";Cancelacion;;;
"1646928";267;267;BOYACÁ;RAMIRIQUI;"29/10/2025";"3-4";"15599000000000022";"155990000000000220211000000000";Cambio_Numero_Predial_NPH_a_Informal;Publico_Presunto_Baldio;Informal;
"1646929";266;266;BOYACÁ;RAMIRIQUI;"29/10/2025";"3-4";"15599000000000022";"155990000000000220212000000000";Cambio_Numero_Predial_NPH_a_Informal;Publico_Presunto_Baldio;Informal;
"1646931";265;265;BOYACÁ;RAMIRIQUI;"29/10/2025";"3-4";"15599000000000022";"155990000000000220214000000000";Cambio_Numero_Predial_NPH_a_Informal;Publico_Presunto_Baldio;Informal;
"1646932";207;207;BOYACÁ;RAMIRIQUI;"29/10/2025";"3-4";"15599000000000022";"155990000000000220214500000001";Cambio_Numero_Predial_Mejora_a_Informal;Publico_Presunto_Baldio;Informal;
"1646939";193;193;BOYACÁ;RAMIRIQUI;"29/10/2025";"3-4";"15599000000000022";"155990000000000220220500000001";Cancelacion;;;
"1646942";194;194;BOYACÁ;RAMIRIQUI;"29/10/2025";"3-4";"15599000000000022";"155990000000000220222500000001";Cancelacion;;;
"1646943";264;264;BOYACÁ;RAMIRIQUI;"29/10/2025";"3-4";"15599000000000022";"155990000000000220223000000000";Cambio_Numero_Predial_NPH_a_Informal;Publico_Presunto_Baldio;Informal;
"1646945";204;204;BOYACÁ;RAMIRIQUI;"29/10/2025";"3-4";"15599000000000022";"155990000000000220224500000001";Cambio_Numero_Predial_Mejora_a_Informal;Privado_Privado;Informal;
"1646946";263;263;BOYACÁ;RAMIRIQUI;"29/10/2025";"3-4";"15599000000000022";"155990000000000220225000000000";Cambio_Numero_Predial_NPH_a_Informal;Publico_Presunto_Baldio;Informal;
"1646949";262;262;BOYACÁ;RAMIRIQUI;"29/10/2025";"3-4";"15599000000000022";"155990000000000220228000000000";Cambio_Numero_Predial_NPH_a_Informal;Publico_Presunto_Baldio;Informal;
"1646954";205;205;BOYACÁ;RAMIRIQUI;"29/10/2025";"3-4";"15599000000000022";"155990000000000220232500000001";Cambio_Numero_Predial_Mejora_a_Informal;Privado_Privado;Informal;
"1646956";215;215;BOYACÁ;RAMIRIQUI;"29/10/2025";"3-4";"15599000000000022";"155990000000000220234000000000";Cambio_Numero_Predial_NPH_a_Informal;Publico_Presunto_Baldio;Informal;
"1646960";220;220;BOYACÁ;RAMIRIQUI;"29/10/2025";"3-4";"15599000000000022";"155990000000000220238000000000";Cambio_Numero_Predial_NPH_a_Informal;Publico_Presunto_Baldio;Informal;
"1646961";222;222;BOYACÁ;RAMIRIQUI;"29/10/2025";"3-4";"15599000000000022";"155990000000000220239000000000";Cambio_Numero_Predial_NPH_a_Informal;Publico_Presunto_Baldio;Informal;
"1646963";261;261;BOYACÁ;RAMIRIQUI;"29/10/2025";"3-4";"15599000000000022";"155990000000000220241000000000";Cambio_Numero_Predial_NPH_a_Informal;Publico_Presunto_Baldio;Informal;
"1646964";195;195;BOYACÁ;RAMIRIQUI;"29/10/2025";"3-4";"15599000000000022";"155990000000000220242500000001";Cancelacion;;;
"1646973";227;227;BOYACÁ;RAMIRIQUI;"29/10/2025";"3-4";"15599000000000022";"155990000000000220252000000000";Cambio_Numero_Predial_NPH_a_Informal;Publico_Presunto_Baldio;Informal;
"1646974";221;221;BOYACÁ;RAMIRIQUI;"29/10/2025";"3-4";"15599000000000022";"155990000000000220253000000000";Cambio_Numero_Predial_NPH_a_Informal;Publico_Presunto_Baldio;Informal;
"1646979";224;224;BOYACÁ;RAMIRIQUI;"29/10/2025";"3-4";"15599000000000022";"155990000000000220258000000000";Cambio_Numero_Predial_NPH_a_Informal;Publico_Presunto_Baldio;Informal;
"1646981";237;237;BOYACÁ;RAMIRIQUI;"29/10/2025";"3-4";"15599000000000022";"155990000000000220260000000000";Cambio_Numero_Predial_NPH_a_Informal;Publico_Presunto_Baldio;Informal;
"1646984";260;260;BOYACÁ;RAMIRIQUI;"29/10/2025";"3-4";"15599000000000022";"155990000000000220263000000000";Cambio_Numero_Predial_NPH_a_Informal;Publico_Presunto_Baldio;Informal;
"1646985";216;216;BOYACÁ;RAMIRIQUI;"29/10/2025";"3-4";"15599000000000022";"155990000000000220264000000000";Cambio_Numero_Predial_NPH_a_Informal;Publico_Presunto_Baldio;Informal;
"1646986";228;228;BOYACÁ;RAMIRIQUI;"29/10/2025";"3-4";"15599000000000022";"155990000000000220265000000000";Cambio_Numero_Predial_NPH_a_Informal;Publico_Presunto_Baldio;Informal;
"1646988";239;239;BOYACÁ;RAMIRIQUI;"29/10/2025";"3-4";"15599000000000022";"155990000000000220267000000000";Cambio_Numero_Predial_NPH_a_Informal;Publico_Presunto_Baldio;Informal;
"1646989";233;233;BOYACÁ;RAMIRIQUI;"29/10/2025";"3-4";"15599000000000022";"155990000000000220268000000000";Cambio_Numero_Predial_NPH_a_Informal;Publico_Presunto_Baldio;Informal;
"1646990";235;235;BOYACÁ;RAMIRIQUI;"29/10/2025";"3-4";"15599000000000022";"155990000000000220269000000000";Cambio_Numero_Predial_NPH_a_Informal;Publico_Presunto_Baldio;Informal;
"1646993";238;238;BOYACÁ;RAMIRIQUI;"29/10/2025";"3-4";"15599000000000022";"155990000000000220272000000000";Cambio_Numero_Predial_NPH_a_Informal;Publico_Presunto_Baldio;Informal;
"1647001";259;259;BOYACÁ;RAMIRIQUI;"29/10/2025";"3-4";"15599000000000022";"155990000000000220282000000000";Cambio_Numero_Predial_NPH_a_Informal;Publico_Presunto_Baldio;Informal;
"1647022";196;196;BOYACÁ;RAMIRIQUI;"29/10/2025";"3-4";"15599000000000022";"155990000000000220303500000001";Cancelacion;;;
"1647024";206;206;BOYACÁ;RAMIRIQUI;"29/10/2025";"3-4";"15599000000000022";"155990000000000220304500000001";Cambio_Numero_Predial_Mejora_a_Informal;Privado_Privado;Informal;
"1647029";258;258;BOYACÁ;RAMIRIQUI;"29/10/2025";"3-4";"15599000000000022";"155990000000000220309000000000";Cambio_Numero_Predial_NPH_a_Informal;Publico_Presunto_Baldio;Informal;
"1647033";197;197;BOYACÁ;RAMIRIQUI;"29/10/2025";"3-4";"15599000000000022";"155990000000000220312500000001";Cancelacion;;;
"1647063";288;288;BOYACÁ;RAMIRIQUI;"29/10/2025";"3-4";"15599000000000023";"155990000000000230013000000000";Cambio_Numero_Predial_NPH_a_Informal;Publico_Presunto_Baldio;Informal;
"1647065";295;295;BOYACÁ;RAMIRIQUI;"29/10/2025";"3-4";"15599000000000023";"155990000000000230015000000000";Cambio_Numero_Predial_NPH_a_Informal;Publico_Presunto_Baldio;Informal;
"1647066";290;290;BOYACÁ;RAMIRIQUI;"29/10/2025";"3-4";"15599000000000023";"155990000000000230016000000000";Cambio_Numero_Predial_NPH_a_Informal;Publico_Presunto_Baldio;Informal;
"1647081";285;285;BOYACÁ;RAMIRIQUI;"29/10/2025";"3-4";"15599000000000023";"155990000000000230034000000000";Cambio_Numero_Predial_NPH_a_Informal;Publico_Presunto_Baldio;Informal;
"1647082";286;286;BOYACÁ;RAMIRIQUI;"29/10/2025";"3-4";"15599000000000023";"155990000000000230035000000000";Cambio_Numero_Predial_NPH_a_Informal;Publico_Presunto_Baldio;Informal;
"1647085";299;299;BOYACÁ;RAMIRIQUI;"29/10/2025";"3-4";"15599000000000023";"155990000000000230038000000000";Cambio_Numero_Predial_NPH_a_Informal;Publico_Presunto_Baldio;Informal;
"1647086";300;300;BOYACÁ;RAMIRIQUI;"29/10/2025";"3-4";"15599000000000023";"155990000000000230039000000000";Cambio_Numero_Predial_NPH_a_Informal;Publico_Presunto_Baldio;Informal;
"1647087";302;302;BOYACÁ;RAMIRIQUI;"29/10/2025";"3-4";"15599000000000023";"155990000000000230040000000000";Cambio_Numero_Predial_NPH_a_Informal;Publico_Presunto_Baldio;Informal;
"1647088";307;307;BOYACÁ;RAMIRIQUI;"29/10/2025";"3-4";"15599000000000023";"155990000000000230041000000000";Cambio_Numero_Predial_NPH_a_Informal;Publico_Presunto_Baldio;Informal;
"1647089";308;308;BOYACÁ;RAMIRIQUI;"29/10/2025";"3-4";"15599000000000023";"155990000000000230043000000000";Cambio_Numero_Predial_NPH_a_Informal;Publico_Presunto_Baldio;Informal;
"1647090";306;306;BOYACÁ;RAMIRIQUI;"29/10/2025";"3-4";"15599000000000023";"155990000000000230044000000000";Cambio_Numero_Predial_NPH_a_Informal;Publico_Presunto_Baldio;Informal;
"1647092";284;284;BOYACÁ;RAMIRIQUI;"29/10/2025";"3-4";"15599000000000023";"155990000000000230045500000001";Cambio_Numero_Predial_Mejora_a_Informal;Privado_Privado;Informal;
"1647093";311;311;BOYACÁ;RAMIRIQUI;"29/10/2025";"3-4";"15599000000000023";"155990000000000230046000000000";Cambio_Numero_Predial_NPH_a_Informal;Publico_Presunto_Baldio;Informal;
"1647094";304;304;BOYACÁ;RAMIRIQUI;"29/10/2025";"3-4";"15599000000000023";"155990000000000230047000000000";Cambio_Numero_Predial_NPH_a_Informal;Publico_Presunto_Baldio;Informal;
"1647104";303;303;BOYACÁ;RAMIRIQUI;"29/10/2025";"3-4";"15599000000000023";"155990000000000230057000000000";Cambio_Numero_Predial_NPH_a_Informal;Publico_Presunto_Baldio;Informal;
"1647105";310;310;BOYACÁ;RAMIRIQUI;"29/10/2025";"3-4";"15599000000000023";"155990000000000230058000000000";Cambio_Numero_Predial_NPH_a_Informal;Publico_Presunto_Baldio;Informal;
"1647106";312;312;BOYACÁ;RAMIRIQUI;"29/10/2025";"3-4";"15599000000000023";"155990000000000230059000000000";Cambio_Numero_Predial_NPH_a_Informal;Publico_Presunto_Baldio;Informal;
"1647107";313;313;BOYACÁ;RAMIRIQUI;"29/10/2025";"3-4";"15599000000000023";"155990000000000230060000000000";Cambio_Numero_Predial_NPH_a_Informal;Publico_Presunto_Baldio;Informal;
"1647108";301;301;BOYACÁ;RAMIRIQUI;"29/10/2025";"3-4";"15599000000000023";"155990000000000230061000000000";Cambio_Numero_Predial_NPH_a_Informal;Publico_Presunto_Baldio;Informal;
"1647111";328;328;BOYACÁ;RAMIRIQUI;"29/10/2025";"3-4";"15599000000000023";"155990000000000230064000000000";Cambio_Numero_Predial_NPH_a_Informal;Publico_Presunto_Baldio;Informal;
"1647120";330;330;BOYACÁ;RAMIRIQUI;"29/10/2025";"3-4";"15599000000000023";"155990000000000230073000000000";Cambio_Numero_Predial_NPH_a_Informal;Publico_Presunto_Baldio;Informal;
"1647121";298;298;BOYACÁ;RAMIRIQUI;"29/10/2025";"3-4";"15599000000000023";"155990000000000230074000000000";Cambio_Numero_Predial_NPH_a_Informal;Publico_Presunto_Baldio;Informal;
"1647123";332;332;BOYACÁ;RAMIRIQUI;"29/10/2025";"3-4";"15599000000000023";"155990000000000230076000000000";Cambio_Numero_Predial_NPH_a_Informal;Publico_Presunto_Baldio;Informal;
"1647124";331;331;BOYACÁ;RAMIRIQUI;"29/10/2025";"3-4";"15599000000000023";"155990000000000230077000000000";Cambio_Numero_Predial_NPH_a_Informal;Publico_Presunto_Baldio;Informal;
"1647126";309;309;BOYACÁ;RAMIRIQUI;"29/10/2025";"3-4";"15599000000000023";"155990000000000230079000000000";Cambio_Numero_Predial_NPH_a_Informal;Publico_Presunto_Baldio;Informal;
"1647130";293;293;BOYACÁ;RAMIRIQUI;"29/10/2025";"3-4";"15599000000000023";"155990000000000230083000000000";Cambio_Numero_Predial_NPH_a_Informal;Publico_Presunto_Baldio;Informal;
"1647134";325;325;BOYACÁ;RAMIRIQUI;"29/10/2025";"3-4";"15599000000000023";"155990000000000230088000000000";Cambio_Numero_Predial_NPH_a_Informal;Publico_Presunto_Baldio;Informal;
"1647147";327;327;BOYACÁ;RAMIRIQUI;"29/10/2025";"3-4";"15599000000000023";"155990000000000230101000000000";Cambio_Numero_Predial_NPH_a_Informal;Publico_Presunto_Baldio;Informal;
"1647149";326;326;BOYACÁ;RAMIRIQUI;"29/10/2025";"3-4";"15599000000000023";"155990000000000230103000000000";Cambio_Numero_Predial_NPH_a_Informal;Publico_Presunto_Baldio;Informal;
"1647158";335;335;BOYACÁ;RAMIRIQUI;"29/10/2025";"3-4";"15599000000000023";"155990000000000230113000000000";Cambio_Numero_Predial_NPH_a_Informal;Publico_Presunto_Baldio;Informal;
"1647160";292;292;BOYACÁ;RAMIRIQUI;"29/10/2025";"3-4";"15599000000000023";"155990000000000230115000000000";Cambio_Numero_Predial_NPH_a_Informal;Publico_Presunto_Baldio;Informal;
"1647167";334;334;BOYACÁ;RAMIRIQUI;"29/10/2025";"3-4";"15599000000000023";"155990000000000230122000000000";Cambio_Numero_Predial_NPH_a_Informal;Publico_Presunto_Baldio;Informal;
"1647168";333;333;BOYACÁ;RAMIRIQUI;"29/10/2025";"3-4";"15599000000000023";"155990000000000230123000000000";Cambio_Numero_Predial_NPH_a_Informal;Publico_Presunto_Baldio;Informal;
"1647170";329;329;BOYACÁ;RAMIRIQUI;"29/10/2025";"3-4";"15599000000000023";"155990000000000230125000000000";Cambio_Numero_Predial_NPH_a_Informal;Publico_Presunto_Baldio;Informal;
"1647174";291;291;BOYACÁ;RAMIRIQUI;"29/10/2025";"3-4";"15599000000000023";"155990000000000230129000000000";Cambio_Numero_Predial_NPH_a_Informal;Publico_Presunto_Baldio;Informal;
"1647190";321;321;BOYACÁ;RAMIRIQUI;"29/10/2025";"3-4";"15599000000000023";"155990000000000230145000000000";Cambio_Numero_Predial_NPH_a_Informal;Publico_Presunto_Baldio;Informal;
"1647191";317;317;BOYACÁ;RAMIRIQUI;"29/10/2025";"3-4";"15599000000000023";"155990000000000230146000000000";Cambio_Numero_Predial_NPH_a_Informal;Publico_Presunto_Baldio;Informal;
"1647194";322;322;BOYACÁ;RAMIRIQUI;"29/10/2025";"3-4";"15599000000000023";"155990000000000230149000000000";Cambio_Numero_Predial_NPH_a_Informal;Publico_Presunto_Baldio;Informal;
"1647200";324;324;BOYACÁ;RAMIRIQUI;"29/10/2025";"3-4";"15599000000000023";"155990000000000230155000000000";Cambio_Numero_Predial_NPH_a_Informal;Publico_Presunto_Baldio;Informal;
"1647202";319;319;BOYACÁ;RAMIRIQUI;"29/10/2025";"3-4";"15599000000000023";"155990000000000230157000000000";Cambio_Numero_Predial_NPH_a_Informal;Publico_Presunto_Baldio;Informal;
"1647205";323;323;BOYACÁ;RAMIRIQUI;"29/10/2025";"3-4";"15599000000000023";"155990000000000230161000000000";Cambio_Numero_Predial_NPH_a_Informal;Publico_Presunto_Baldio;Informal;
"1647211";318;318;BOYACÁ;RAMIRIQUI;"29/10/2025";"3-4";"15599000000000023";"155990000000000230167000000000";Cambio_Numero_Predial_NPH_a_Informal;Publico_Presunto_Baldio;Informal;
"1647220";315;315;BOYACÁ;RAMIRIQUI;"29/10/2025";"3-4";"15599000000000023";"155990000000000230176000000000";Cambio_Numero_Predial_NPH_a_Informal;Publico_Presunto_Baldio;Informal;
"1647228";287;287;BOYACÁ;RAMIRIQUI;"29/10/2025";"3-4";"15599000000000023";"155990000000000230184000000000";Cambio_Numero_Predial_NPH_a_Informal;Publico_Presunto_Baldio;Informal;
"1647230";294;294;BOYACÁ;RAMIRIQUI;"29/10/2025";"3-4";"15599000000000023";"155990000000000230186000000000";Cambio_Numero_Predial_NPH_a_Informal;Publico_Presunto_Baldio;Informal;
"1647231";296;296;BOYACÁ;RAMIRIQUI;"29/10/2025";"3-4";"15599000000000023";"155990000000000230187000000000";Cambio_Numero_Predial_NPH_a_Informal;Publico_Presunto_Baldio;Informal;
"1647233";320;320;BOYACÁ;RAMIRIQUI;"29/10/2025";"3-4";"15599000000000023";"155990000000000230189000000000";Cambio_Numero_Predial_NPH_a_Informal;Publico_Presunto_Baldio;Informal;
"1647234";289;289;BOYACÁ;RAMIRIQUI;"29/10/2025";"3-4";"15599000000000023";"155990000000000230190000000000";Cambio_Numero_Predial_NPH_a_Informal;Publico_Presunto_Baldio;Informal;
"1647250";297;297;BOYACÁ;RAMIRIQUI;"29/10/2025";"3-4";"15599000000000023";"155990000000000230207000000000";Cambio_Numero_Predial_NPH_a_Informal;Publico_Presunto_Baldio;Informal;
"1647251";316;316;BOYACÁ;RAMIRIQUI;"29/10/2025";"3-4";"15599000000000023";"155990000000000230208000000000";Cambio_Numero_Predial_NPH_a_Informal;Publico_Presunto_Baldio;Informal;
"1647252";314;314;BOYACÁ;RAMIRIQUI;"29/10/2025";"3-4";"15599000000000023";"155990000000000230209000000000";Cambio_Numero_Predial_NPH_a_Informal;Publico_Presunto_Baldio;Informal;
"1647253";305;305;BOYACÁ;RAMIRIQUI;"29/10/2025";"3-4";"15599000000000023";"155990000000000230210000000000";Cambio_Numero_Predial_NPH_a_Informal;Publico_Presunto_Baldio;Informal;
"1647281";388;388;BOYACÁ;RAMIRIQUI;"29/10/2025";"3-4";"15599000000000024";"155990000000000240009000000000";Cambio_Numero_Predial_NPH_a_Informal;Publico_Presunto_Baldio;Informal;
"1647282";389;389;BOYACÁ;RAMIRIQUI;"29/10/2025";"3-4";"15599000000000024";"155990000000000240010000000000";Cambio_Numero_Predial_NPH_a_Informal;Publico_Presunto_Baldio;Informal;
"1647289";390;390;BOYACÁ;RAMIRIQUI;"29/10/2025";"3-4";"15599000000000024";"155990000000000240017000000000";Cambio_Numero_Predial_NPH_a_Informal;Publico_Presunto_Baldio;Informal;
"1647298";391;391;BOYACÁ;RAMIRIQUI;"29/10/2025";"3-4";"15599000000000024";"155990000000000240026000000000";Cambio_Numero_Predial_NPH_a_Informal;Publico_Presunto_Baldio;Informal;
"1647309";392;392;BOYACÁ;RAMIRIQUI;"29/10/2025";"3-4";"15599000000000024";"155990000000000240039000000000";Cambio_Numero_Predial_NPH_a_Informal;Publico_Presunto_Baldio;Informal;
"1647310";393;393;BOYACÁ;RAMIRIQUI;"29/10/2025";"3-4";"15599000000000024";"155990000000000240040000000000";Cambio_Numero_Predial_NPH_a_Informal;Publico_Presunto_Baldio;Informal;
"1647313";394;394;BOYACÁ;RAMIRIQUI;"29/10/2025";"3-4";"15599000000000024";"155990000000000240043000000000";Cambio_Numero_Predial_NPH_a_Informal;Publico_Presunto_Baldio;Informal;
"1647314";395;395;BOYACÁ;RAMIRIQUI;"29/10/2025";"3-4";"15599000000000024";"155990000000000240044000000000";Cambio_Numero_Predial_NPH_a_Informal;Publico_Presunto_Baldio;Informal;
"1647316";396;396;BOYACÁ;RAMIRIQUI;"29/10/2025";"3-4";"15599000000000024";"155990000000000240046000000000";Cambio_Numero_Predial_NPH_a_Informal;Publico_Presunto_Baldio;Informal;
"1647323";397;397;BOYACÁ;RAMIRIQUI;"29/10/2025";"3-4";"15599000000000024";"155990000000000240053000000000";Cambio_Numero_Predial_NPH_a_Informal;Publico_Presunto_Baldio;Informal;
"1647332";398;398;BOYACÁ;RAMIRIQUI;"29/10/2025";"3-4";"15599000000000024";"155990000000000240065000000000";Cambio_Numero_Predial_NPH_a_Informal;Publico_Presunto_Baldio;Informal;
"1647345";414;414;BOYACÁ;RAMIRIQUI;"29/10/2025";"3-4";"15599000000000024";"155990000000000240078000000000";Cambio_Numero_Predial_NPH_a_Informal;Publico_Presunto_Baldio;Informal;
"1647349";415;415;BOYACÁ;RAMIRIQUI;"29/10/2025";"3-4";"15599000000000024";"155990000000000240083000000000";Cambio_Numero_Predial_NPH_a_Informal;Publico_Presunto_Baldio;Informal;
"1647367";416;416;BOYACÁ;RAMIRIQUI;"29/10/2025";"3-4";"15599000000000024";"155990000000000240103000000000";Cambio_Numero_Predial_NPH_a_Informal;Publico_Presunto_Baldio;Informal;
"1647371";417;417;BOYACÁ;RAMIRIQUI;"29/10/2025";"3-4";"15599000000000024";"155990000000000240107000000000";Cambio_Numero_Predial_NPH_a_Informal;Publico_Presunto_Baldio;Informal;
"1647372";418;418;BOYACÁ;RAMIRIQUI;"29/10/2025";"3-4";"15599000000000024";"155990000000000240108000000000";Cambio_Numero_Predial_NPH_a_Informal;Publico_Presunto_Baldio;Informal;
"1647403";419;419;BOYACÁ;RAMIRIQUI;"29/10/2025";"3-4";"15599000000000024";"155990000000000240139000000000";Cambio_Numero_Predial_NPH_a_Informal;Publico_Presunto_Baldio;Informal;
"1647405";420;420;BOYACÁ;RAMIRIQUI;"29/10/2025";"3-4";"15599000000000024";"155990000000000240141000000000";Cambio_Numero_Predial_NPH_a_Informal;Publico_Presunto_Baldio;Informal;
"1647417";387;387;BOYACÁ;RAMIRIQUI;"29/10/2025";"3-4";"15599000000000024";"155990000000000240153000000000";Cambio_Numero_Predial_NPH_a_Informal;Publico_Presunto_Baldio;Informal;
"1647441";412;412;BOYACÁ;RAMIRIQUI;"29/10/2025";"3-4";"15599000000000024";"155990000000000240178000000000";Cambio_Numero_Predial_NPH_a_Informal;Publico_Presunto_Baldio;Informal;
"1647442";405;405;BOYACÁ;RAMIRIQUI;"29/10/2025";"3-4";"15599000000000024";"155990000000000240179000000000";Cambio_Numero_Predial_NPH_a_Informal;Publico_Presunto_Baldio;Informal;
"1647446";409;409;BOYACÁ;RAMIRIQUI;"29/10/2025";"3-4";"15599000000000024";"155990000000000240183000000000";Cambio_Numero_Predial_NPH_a_Informal;Publico_Presunto_Baldio;Informal;
"1647453";421;421;BOYACÁ;RAMIRIQUI;"29/10/2025";"3-4";"15599000000000024";"155990000000000240191000000000";Cambio_Numero_Predial_NPH_a_Informal;Publico_Presunto_Baldio;Informal;
"1647454";422;422;BOYACÁ;RAMIRIQUI;"29/10/2025";"3-4";"15599000000000024";"155990000000000240192000000000";Cambio_Numero_Predial_NPH_a_Informal;Publico_Presunto_Baldio;Informal;
"1647455";429;429;BOYACÁ;RAMIRIQUI;"29/10/2025";"3-4";"15599000000000024";"155990000000000240193000000000";Cambio_Numero_Predial_NPH_a_Informal;Publico_Presunto_Baldio;Informal;
"1647458";423;423;BOYACÁ;RAMIRIQUI;"29/10/2025";"3-4";"15599000000000024";"155990000000000240196000000000";Cambio_Numero_Predial_NPH_a_Informal;Publico_Presunto_Baldio;Informal;
"1647459";424;424;BOYACÁ;RAMIRIQUI;"29/10/2025";"3-4";"15599000000000024";"155990000000000240197000000000";Cambio_Numero_Predial_NPH_a_Informal;Publico_Presunto_Baldio;Informal;
"1647460";425;425;BOYACÁ;RAMIRIQUI;"29/10/2025";"3-4";"15599000000000024";"155990000000000240198000000000";Cambio_Numero_Predial_NPH_a_Informal;Publico_Presunto_Baldio;Informal;
"1647462";426;426;BOYACÁ;RAMIRIQUI;"29/10/2025";"3-4";"15599000000000024";"155990000000000240200000000000";Cambio_Numero_Predial_NPH_a_Informal;Publico_Presunto_Baldio;Informal;
"1647476";430;430;BOYACÁ;RAMIRIQUI;"29/10/2025";"3-4";"15599000000000024";"155990000000000240214000000000";Cambio_Numero_Predial_NPH_a_Informal;Publico_Presunto_Baldio;Informal;
"1647477";431;431;BOYACÁ;RAMIRIQUI;"29/10/2025";"3-4";"15599000000000024";"155990000000000240215000000000";Cambio_Numero_Predial_NPH_a_Informal;Publico_Presunto_Baldio;Informal;
"1647504";432;432;BOYACÁ;RAMIRIQUI;"29/10/2025";"3-4";"15599000000000024";"155990000000000240242000000000";Cambio_Numero_Predial_NPH_a_Informal;Publico_Presunto_Baldio;Informal;
"1647525";433;433;BOYACÁ;RAMIRIQUI;"29/10/2025";"3-4";"15599000000000024";"155990000000000240263000000000";Cambio_Numero_Predial_NPH_a_Informal;Publico_Presunto_Baldio;Informal;
"1647532";434;434;BOYACÁ;RAMIRIQUI;"29/10/2025";"3-4";"15599000000000024";"155990000000000240270000000000";Cambio_Numero_Predial_NPH_a_Informal;Publico_Presunto_Baldio;Informal;
"1647534";386;386;BOYACÁ;RAMIRIQUI;"29/10/2025";"3-4";"15599000000000024";"155990000000000240272000000000";Cambio_Numero_Predial_NPH_a_Informal;Publico_Presunto_Baldio;Informal;
"1647538";385;385;BOYACÁ;RAMIRIQUI;"29/10/2025";"3-4";"15599000000000024";"155990000000000240276000000000";Cambio_Numero_Predial_NPH_a_Informal;Publico_Presunto_Baldio;Informal;
"1647542";384;384;BOYACÁ;RAMIRIQUI;"29/10/2025";"3-4";"15599000000000024";"155990000000000240280000000000";Cambio_Numero_Predial_NPH_a_Informal;Publico_Presunto_Baldio;Informal;
"1647546";374;374;BOYACÁ;RAMIRIQUI;"29/10/2025";"3-4";"15599000000000024";"155990000000000240284000000000";Cambio_Numero_Predial_NPH_a_Informal;Publico_Presunto_Baldio;Informal;
"1647555";344;344;BOYACÁ;RAMIRIQUI;"29/10/2025";"3-4";"15599000000000024";"155990000000000240293000000000";Cambio_Numero_Predial_NPH_a_Informal;Publico_Presunto_Baldio;Informal;
"1647558";340;340;BOYACÁ;RAMIRIQUI;"29/10/2025";"3-4";"15599000000000024";"155990000000000240296000000000";Cambio_Numero_Predial_NPH_a_Informal;Publico_Presunto_Baldio;Informal;
"1647561";341;341;BOYACÁ;RAMIRIQUI;"29/10/2025";"3-4";"15599000000000024";"155990000000000240299000000000";Cambio_Numero_Predial_NPH_a_Informal;Publico_Presunto_Baldio;Informal;
"1647564";348;348;BOYACÁ;RAMIRIQUI;"29/10/2025";"3-4";"15599000000000024";"155990000000000240302000000000";Cambio_Numero_Predial_NPH_a_Informal;Publico_Presunto_Baldio;Informal;
"1647582";435;435;BOYACÁ;RAMIRIQUI;"29/10/2025";"3-4";"15599000000000024";"155990000000000240320000000000";Cambio_Numero_Predial_NPH_a_Informal;Publico_Presunto_Baldio;Informal;
"1647583";436;436;BOYACÁ;RAMIRIQUI;"29/10/2025";"3-4";"15599000000000024";"155990000000000240321000000000";Cambio_Numero_Predial_NPH_a_Informal;Publico_Presunto_Baldio;Informal;
"1647591";381;381;BOYACÁ;RAMIRIQUI;"29/10/2025";"3-4";"15599000000000024";"155990000000000240329000000000";Cambio_Numero_Predial_NPH_a_Informal;Publico_Presunto_Baldio;Informal;
"1647594";339;339;BOYACÁ;RAMIRIQUI;"29/10/2025";"3-4";"15599000000000024";"155990000000000240332000000000";Cambio_Numero_Predial_NPH_a_Informal;Publico_Presunto_Baldio;Informal;
"1647606";345;345;BOYACÁ;RAMIRIQUI;"29/10/2025";"3-4";"15599000000000024";"155990000000000240345000000000";Cambio_Numero_Predial_NPH_a_Informal;Publico_Presunto_Baldio;Informal;
"1647610";347;347;BOYACÁ;RAMIRIQUI;"29/10/2025";"3-4";"15599000000000024";"155990000000000240349000000000";Cambio_Numero_Predial_NPH_a_Informal;Publico_Presunto_Baldio;Informal;
"1647616";349;349;BOYACÁ;RAMIRIQUI;"29/10/2025";"3-4";"15599000000000024";"155990000000000240356000000000";Cambio_Numero_Predial_NPH_a_Informal;Publico_Presunto_Baldio;Informal;
"1647619";342;342;BOYACÁ;RAMIRIQUI;"29/10/2025";"3-4";"15599000000000024";"155990000000000240359000000000";Cambio_Numero_Predial_NPH_a_Informal;Publico_Presunto_Baldio;Informal;
"1647622";343;343;BOYACÁ;RAMIRIQUI;"29/10/2025";"3-4";"15599000000000024";"155990000000000240362000000000";Cambio_Numero_Predial_NPH_a_Informal;Publico_Presunto_Baldio;Informal;
"1647623";346;346;BOYACÁ;RAMIRIQUI;"29/10/2025";"3-4";"15599000000000024";"155990000000000240363000000000";Cambio_Numero_Predial_NPH_a_Informal;Publico_Presunto_Baldio;Informal;
"1647625";354;354;BOYACÁ;RAMIRIQUI;"29/10/2025";"3-4";"15599000000000024";"155990000000000240365000000000";Cambio_Numero_Predial_NPH_a_Informal;Publico_Presunto_Baldio;Informal;
"1647626";351;351;BOYACÁ;RAMIRIQUI;"29/10/2025";"3-4";"15599000000000024";"155990000000000240366000000000";Cambio_Numero_Predial_NPH_a_Informal;Publico_Presunto_Baldio;Informal;
"1647636";402;402;BOYACÁ;RAMIRIQUI;"29/10/2025";"3-4";"15599000000000024";"155990000000000240377000000000";Cambio_Numero_Predial_NPH_a_Informal;Publico_Presunto_Baldio;Informal;
"1647643";406;406;BOYACÁ;RAMIRIQUI;"29/10/2025";"3-4";"15599000000000024";"155990000000000240384000000000";Cambio_Numero_Predial_NPH_a_Informal;Publico_Presunto_Baldio;Informal;
"1647644";408;408;BOYACÁ;RAMIRIQUI;"29/10/2025";"3-4";"15599000000000024";"155990000000000240385000000000";Cambio_Numero_Predial_NPH_a_Informal;Publico_Presunto_Baldio;Informal;
"1647657";427;427;BOYACÁ;RAMIRIQUI;"29/10/2025";"3-4";"15599000000000024";"155990000000000240398000000000";Cambio_Numero_Predial_NPH_a_Informal;Publico_Presunto_Baldio;Informal;
"1647672";413;413;BOYACÁ;RAMIRIQUI;"29/10/2025";"3-4";"15599000000000024";"155990000000000240415000000000";Cambio_Numero_Predial_NPH_a_Informal;Publico_Presunto_Baldio;Informal;
"1647674";407;407;BOYACÁ;RAMIRIQUI;"29/10/2025";"3-4";"15599000000000024";"155990000000000240417000000000";Cambio_Numero_Predial_NPH_a_Informal;Publico_Presunto_Baldio;Informal;
"1647675";411;411;BOYACÁ;RAMIRIQUI;"29/10/2025";"3-4";"15599000000000024";"155990000000000240418000000000";Cambio_Numero_Predial_NPH_a_Informal;Publico_Presunto_Baldio;Informal;
"1647677";355;355;BOYACÁ;RAMIRIQUI;"29/10/2025";"3-4";"15599000000000024";"155990000000000240420000000000";Cambio_Numero_Predial_NPH_a_Informal;Publico_Presunto_Baldio;Informal;
"1647683";410;410;BOYACÁ;RAMIRIQUI;"29/10/2025";"3-4";"15599000000000024";"155990000000000240426000000000";Cambio_Numero_Predial_NPH_a_Informal;Publico_Presunto_Baldio;Informal;
"1647685";437;437;BOYACÁ;RAMIRIQUI;"29/10/2025";"3-4";"15599000000000024";"155990000000000240428000000000";Cambio_Numero_Predial_NPH_a_Informal;Publico_Presunto_Baldio;Informal;
"1647686";404;404;BOYACÁ;RAMIRIQUI;"29/10/2025";"3-4";"15599000000000024";"155990000000000240429000000000";Cambio_Numero_Predial_NPH_a_Informal;Publico_Presunto_Baldio;Informal;
"1647688";403;403;BOYACÁ;RAMIRIQUI;"29/10/2025";"3-4";"15599000000000024";"155990000000000240431000000000";Cambio_Numero_Predial_NPH_a_Informal;Publico_Presunto_Baldio;Informal;
"1647693";438;438;BOYACÁ;RAMIRIQUI;"29/10/2025";"3-4";"15599000000000024";"155990000000000240437000000000";Cambio_Numero_Predial_NPH_a_Informal;Publico_Presunto_Baldio;Informal;
"1647694";439;439;BOYACÁ;RAMIRIQUI;"29/10/2025";"3-4";"15599000000000024";"155990000000000240438000000000";Cambio_Numero_Predial_NPH_a_Informal;Publico_Presunto_Baldio;Informal;
"1647695";440;440;BOYACÁ;RAMIRIQUI;"29/10/2025";"3-4";"15599000000000024";"155990000000000240439000000000";Cambio_Numero_Predial_NPH_a_Informal;Publico_Presunto_Baldio;Informal;
"1647697";383;383;BOYACÁ;RAMIRIQUI;"29/10/2025";"3-4";"15599000000000024";"155990000000000240441000000000";Cambio_Numero_Predial_NPH_a_Informal;Publico_Presunto_Baldio;Informal;
"1647699";372;372;BOYACÁ;RAMIRIQUI;"29/10/2025";"3-4";"15599000000000024";"155990000000000240443000000000";Cambio_Numero_Predial_NPH_a_Informal;Publico_Presunto_Baldio;Informal;
"1647700";369;369;BOYACÁ;RAMIRIQUI;"29/10/2025";"3-4";"15599000000000024";"155990000000000240444000000000";Cambio_Numero_Predial_NPH_a_Informal;Publico_Presunto_Baldio;Informal;
"1647705";370;370;BOYACÁ;RAMIRIQUI;"29/10/2025";"3-4";"15599000000000024";"155990000000000240450000000000";Cambio_Numero_Predial_NPH_a_Informal;Publico_Presunto_Baldio;Informal;
"1647711";367;367;BOYACÁ;RAMIRIQUI;"29/10/2025";"3-4";"15599000000000024";"155990000000000240460000000000";Cambio_Numero_Predial_NPH_a_Informal;Publico_Presunto_Baldio;Informal;
"1647712";366;366;BOYACÁ;RAMIRIQUI;"29/10/2025";"3-4";"15599000000000024";"155990000000000240461000000000";Cambio_Numero_Predial_NPH_a_Informal;Publico_Presunto_Baldio;Informal;
"1647715";361;361;BOYACÁ;RAMIRIQUI;"29/10/2025";"3-4";"15599000000000024";"155990000000000240465000000000";Cambio_Numero_Predial_NPH_a_Informal;Publico_Presunto_Baldio;Informal;
"1647716";338;338;BOYACÁ;RAMIRIQUI;"29/10/2025";"3-4";"15599000000000024";"155990000000000240465500000001";Cambio_Numero_Predial_Mejora_a_Informal;Publico_Presunto_Baldio;Informal;
"1647717";357;357;BOYACÁ;RAMIRIQUI;"29/10/2025";"3-4";"15599000000000024";"155990000000000240466000000000";Cambio_Numero_Predial_NPH_a_Informal;Publico_Presunto_Baldio;Informal;
"1647718";336;336;BOYACÁ;RAMIRIQUI;"29/10/2025";"3-4";"15599000000000024";"155990000000000240466500000001";Cancelacion;;;
"1647721";382;382;BOYACÁ;RAMIRIQUI;"29/10/2025";"3-4";"15599000000000024";"155990000000000240491000000000";Cambio_Numero_Predial_NPH_a_Informal;Publico_Presunto_Baldio;Informal;
"1647724";373;373;BOYACÁ;RAMIRIQUI;"29/10/2025";"3-4";"15599000000000024";"155990000000000240509000000000";Cambio_Numero_Predial_NPH_a_Informal;Publico_Presunto_Baldio;Informal;
"1647765";337;337;BOYACÁ;RAMIRIQUI;"29/10/2025";"3-4";"15599000000000024";"155990000000000240555500000001";Cancelacion;;;
"1647785";399;399;BOYACÁ;RAMIRIQUI;"29/10/2025";"3-4";"15599000000000024";"155990000000000240577000000000";Cambio_Numero_Predial_NPH_a_Informal;Publico_Presunto_Baldio;Informal;
"1647786";400;400;BOYACÁ;RAMIRIQUI;"29/10/2025";"3-4";"15599000000000024";"155990000000000240578000000000";Cambio_Numero_Predial_NPH_a_Informal;Publico_Presunto_Baldio;Informal;
"1647787";428;428;BOYACÁ;RAMIRIQUI;"29/10/2025";"3-4";"15599000000000024";"155990000000000240579000000000";Cambio_Numero_Predial_NPH_a_Informal;Publico_Presunto_Baldio;Informal;
"1647788";441;441;BOYACÁ;RAMIRIQUI;"29/10/2025";"3-4";"15599000000000024";"155990000000000240580000000000";Cambio_Numero_Predial_NPH_a_Informal;Publico_Presunto_Baldio;Informal;
"1647789";350;350;BOYACÁ;RAMIRIQUI;"29/10/2025";"3-4";"15599000000000024";"155990000000000240581000000000";Cambio_Numero_Predial_NPH_a_Informal;Publico_Presunto_Baldio;Informal;
"1647792";363;363;BOYACÁ;RAMIRIQUI;"29/10/2025";"3-4";"15599000000000024";"155990000000000240584000000000";Cambio_Numero_Predial_NPH_a_Informal;Publico_Presunto_Baldio;Informal;
"1647793";401;401;BOYACÁ;RAMIRIQUI;"29/10/2025";"3-4";"15599000000000024";"155990000000000240585000000000";Cambio_Numero_Predial_NPH_a_Informal;Publico_Presunto_Baldio;Informal;
"1647834";378;378;BOYACÁ;RAMIRIQUI;"29/10/2025";"3-4";"15599000000000024";"155990000000000240630000000000";Cambio_Numero_Predial_NPH_a_Informal;Publico_Presunto_Baldio;Informal;
"1647837";364;364;BOYACÁ;RAMIRIQUI;"29/10/2025";"3-4";"15599000000000024";"155990000000000240633000000000";Cambio_Numero_Predial_NPH_a_Informal;Publico_Presunto_Baldio;Informal;
"1647838";376;376;BOYACÁ;RAMIRIQUI;"29/10/2025";"3-4";"15599000000000024";"155990000000000240634000000000";Cambio_Numero_Predial_NPH_a_Informal;Publico_Presunto_Baldio;Informal;
"1647840";362;362;BOYACÁ;RAMIRIQUI;"29/10/2025";"3-4";"15599000000000024";"155990000000000240636000000000";Cambio_Numero_Predial_NPH_a_Informal;Publico_Presunto_Baldio;Informal;
"1647842";353;353;BOYACÁ;RAMIRIQUI;"29/10/2025";"3-4";"15599000000000024";"155990000000000240638000000000";Cambio_Numero_Predial_NPH_a_Informal;Publico_Presunto_Baldio;Informal;
"1647843";356;356;BOYACÁ;RAMIRIQUI;"29/10/2025";"3-4";"15599000000000024";"155990000000000240639000000000";Cambio_Numero_Predial_NPH_a_Informal;Publico_Presunto_Baldio;Informal;
"1647846";360;360;BOYACÁ;RAMIRIQUI;"29/10/2025";"3-4";"15599000000000024";"155990000000000240642000000000";Cambio_Numero_Predial_NPH_a_Informal;Publico_Presunto_Baldio;Informal;
"1647849";379;379;BOYACÁ;RAMIRIQUI;"29/10/2025";"3-4";"15599000000000024";"155990000000000240645000000000";Cambio_Numero_Predial_NPH_a_Informal;Publico_Presunto_Baldio;Informal;
"1647850";359;359;BOYACÁ;RAMIRIQUI;"29/10/2025";"3-4";"15599000000000024";"155990000000000240646000000000";Cambio_Numero_Predial_NPH_a_Informal;Publico_Presunto_Baldio;Informal;
"1647855";358;358;BOYACÁ;RAMIRIQUI;"29/10/2025";"3-4";"15599000000000024";"155990000000000240651000000000";Cambio_Numero_Predial_NPH_a_Informal;Publico_Presunto_Baldio;Informal;
"1647857";368;368;BOYACÁ;RAMIRIQUI;"29/10/2025";"3-4";"15599000000000024";"155990000000000240653000000000";Cambio_Numero_Predial_NPH_a_Informal;Publico_Presunto_Baldio;Informal;
"1647858";377;377;BOYACÁ;RAMIRIQUI;"29/10/2025";"3-4";"15599000000000024";"155990000000000240654000000000";Cambio_Numero_Predial_NPH_a_Informal;Publico_Presunto_Baldio;Informal;
"1647859";380;380;BOYACÁ;RAMIRIQUI;"29/10/2025";"3-4";"15599000000000024";"155990000000000240655000000000";Cambio_Numero_Predial_NPH_a_Informal;Publico_Presunto_Baldio;Informal;
"1647861";371;371;BOYACÁ;RAMIRIQUI;"29/10/2025";"3-4";"15599000000000024";"155990000000000240657000000000";Cambio_Numero_Predial_NPH_a_Informal;Publico_Presunto_Baldio;Informal;
"1647868";365;365;BOYACÁ;RAMIRIQUI;"29/10/2025";"3-4";"15599000000000024";"155990000000000240666000000000";Cambio_Numero_Predial_NPH_a_Informal;Publico_Presunto_Baldio;Informal;
"1647876";352;352;BOYACÁ;RAMIRIQUI;"29/10/2025";"3-4";"15599000000000024";"155990000000000240674000000000";Cambio_Numero_Predial_NPH_a_Informal;Publico_Presunto_Baldio;Informal;
"1647881";375;375;BOYACÁ;RAMIRIQUI;"29/10/2025";"3-4";"15599000000000024";"155990000000000240679000000000";Cambio_Numero_Predial_NPH_a_Informal;Publico_Presunto_Baldio;Informal;
Inf1_54;54;54;BOYACÁ;RAMIRIQUI;"29/10/2025";"2";"15599000000000020";;Predio_Nuevo;Privado_Privado;Informal;
