"objectid";"id_operacion";"id";"no, fmi";"dirección territorial";"municipio";"fecha_envio_juridico";"folio_matriz";"divipola";"vereda";"novedadfmi_tipo";"npnmatriz";"novedad_numero_predial";"folio_derivados";"predio tipo";"condicion prop derivado";"área registral m2";"coeficiente";"área coefieciente"
1530798;"1104709";57;57;BOLÍVAR;TURBACO;"12/11/2025";"060-113661";"13836";"13836010100000309";;"138360101000003090010000000000";Cancelacion_por_Englobe;;;;;;
1304146;"1104710";58;58;BOLÍVAR;TURBACO;"12/11/2025";"060-113662";"13836";"13836010100000309";;"138360101000003090011000000000";Cancelacion_por_Englobe;;;;;;
1368640;"1116447";62;62;BOLÍVAR;TURBACO;"12/11/2025";"060-218540";"13836";"13836010300000177";;"138360103000001770015000000000";Cancelacion_por_Englobe;;;;;;
1499642;"1116448";63;63;BOLÍVAR;TURBACO;"12/11/2025";"060-218541";"13836";"13836010300000177";;"138360103000001770016000000000";Cancelacion_por_Englobe;;;;;;
1142706;"1116449";64;64;BOLÍVAR;TURBACO;"12/11/2025";"060-218542";"13836";"13836010300000177";;"138360103000001770017000000000";Cancelacion_por_Englobe;;;;;;
1649186;L11_59;61;61;BOLÍVAR;TURBACO;"12/11/2025";"060-218542";"13836";"13836010300000177";;"138360103000001770017000000000";Englobe_Nuevo_FMI;"060-263634";Privado_Privado;NPH;"294";;
1649186;L11_59;60;60;BOLÍVAR;TURBACO;"12/11/2025";"060-218541";"13836";"13836010300000177";;"138360103000001770016000000000";Englobe_Nuevo_FMI;"060-263634";Privado_Privado;NPH;"294";;
1649186;L11_59;59;59;BOLÍVAR;TURBACO;"12/11/2025";"060-218540";"13836";"13836010300000177";;"138360103000001770015000000000";Englobe_Nuevo_FMI;"060-263634";Privado_Privado;NPH;"294";;
1649188;L11_55;56;56;BOLÍVAR;TURBACO;"12/11/2025";"060-113662";"13836";"13836010100000309";;"138360101000003090011000000000";Englobe_Nuevo_FMI;"060-321701";Privado_Privado;NPH;"361.9";;
1649188;L11_55;55;55;BOLÍVAR;TURBACO;"12/11/2025";"060-113661";"13836";"13836010100000309";;"138360101000003090010000000000";Englobe_Nuevo_FMI;"060-321701";Privado_Privado;NPH;"361.9";;
1649682;L11_403;403;403;BOLÍVAR;MAGANGUÉ;"12/11/2025";;"13430";SIN NPN;;SIN NPN;Predio_Nuevo;"064-10109";Privado_Privado;NPH;;;
1649535;L11_550;550;550;BOLÍVAR;MAGANGUÉ;"12/11/2025";;"13430";SIN NPN;;SIN NPN;Predio_Nuevo;"064-10285";Privado_Privado;NPH;;;
1649681;L11_404;404;404;BOLÍVAR;MAGANGUÉ;"12/11/2025";;"13430";SIN NPN;;SIN NPN;Predio_Nuevo;"064-10354";Privado_Privado;NPH;;;
1649508;L11_577;577;577;BOLÍVAR;MAGANGUÉ;"12/11/2025";;"13430";SIN NPN;;SIN NPN;Predio_Nuevo;"064-10582";Privado_Privado;NPH;;;
1649680;L11_405;405;405;BOLÍVAR;MAGANGUÉ;"12/11/2025";;"13430";SIN NPN;;SIN NPN;Predio_Nuevo;"064-10704";Privado_Privado;NPH;;;
1649679;L11_406;406;406;BOLÍVAR;MAGANGUÉ;"12/11/2025";;"13430";SIN NPN;;SIN NPN;Predio_Nuevo;"064-11223";Privado_Privado;NPH;;;
1649678;L11_407;407;407;BOLÍVAR;MAGANGUÉ;"12/11/2025";;"13430";SIN NPN;;SIN NPN;Predio_Nuevo;"064-11241";Privado_Privado;NPH;;;
1649677;L11_408;408;408;BOLÍVAR;MAGANGUÉ;"12/11/2025";;"13430";SIN NPN;;SIN NPN;Predio_Nuevo;"064-11310";Privado_Privado;NPH;;;
1649676;L11_409;409;409;BOLÍVAR;MAGANGUÉ;"12/11/2025";;"13430";SIN NPN;;SIN NPN;Predio_Nuevo;"064-11321";Privado_Privado;NPH;;;
1649534;L11_551;551;551;BOLÍVAR;MAGANGUÉ;"12/11/2025";;"13430";SIN NPN;;SIN NPN;Predio_Nuevo;"064-11433";Privado_Privado;NPH;;;
1236908;"942976";278;278;BOLÍVAR;MAGANGUÉ;"12/11/2025";"064-11629";"13430";"13430010100000080";;"134300101000000800005000000000";Cancelacion_por_Desenglobe;;;;;;
1649675;L11_410;410;410;BOLÍVAR;MAGANGUÉ;"12/11/2025";;"13430";SIN NPN;;SIN NPN;Predio_Nuevo;"064-11726";Privado_Privado;NPH;;;
1649533;L11_552;552;552;BOLÍVAR;MAGANGUÉ;"12/11/2025";;"13430";SIN NPN;;SIN NPN;Predio_Nuevo;"064-12034";Privado_Privado;NPH;;;
1649674;L11_411;411;411;BOLÍVAR;MAGANGUÉ;"12/11/2025";;"13430";SIN NPN;;SIN NPN;Predio_Nuevo;"064-12120";Privado_Privado;NPH;;;
1649673;L11_412;412;412;BOLÍVAR;MAGANGUÉ;"12/11/2025";;"13430";SIN NPN;;SIN NPN;Predio_Nuevo;"064-12125";Privado_Privado;NPH;;;
1649672;L11_413;413;413;BOLÍVAR;MAGANGUÉ;"12/11/2025";;"13430";SIN NPN;;SIN NPN;Predio_Nuevo;"064-12215";Privado_Privado;NPH;;;
1649671;L11_414;414;414;BOLÍVAR;MAGANGUÉ;"12/11/2025";;"13430";SIN NPN;;SIN NPN;Predio_Nuevo;"064-12570";Privado_Privado;NPH;;;
1649532;L11_553;553;553;BOLÍVAR;MAGANGUÉ;"12/11/2025";;"13430";SIN NPN;;SIN NPN;Predio_Nuevo;"064-12745";Privado_Privado;NPH;;;
1649670;L11_415;415;415;BOLÍVAR;MAGANGUÉ;"12/11/2025";;"13430";SIN NPN;;SIN NPN;Predio_Nuevo;"064-12766";Privado_Privado;NPH;;;
1649669;L11_416;416;416;BOLÍVAR;MAGANGUÉ;"12/11/2025";;"13430";SIN NPN;;SIN NPN;Predio_Nuevo;"064-12947";Privado_Privado;NPH;;;
1649531;L11_554;554;554;BOLÍVAR;MAGANGUÉ;"12/11/2025";;"13430";SIN NPN;;SIN NPN;Predio_Nuevo;"064-13220";Privado_Privado;NPH;;;
1649668;L11_417;417;417;BOLÍVAR;MAGANGUÉ;"12/11/2025";;"13430";SIN NPN;;SIN NPN;Predio_Nuevo;"064-13329";Privado_Privado;NPH;;;
1237172;"948164";288;288;BOLÍVAR;MAGANGUÉ;"12/11/2025";"064-13637";"13430";"13430010100000410";;"134300101000004100031000000000";Cancelacion_por_Desenglobe;;;;;;
1649530;L11_555;555;555;BOLÍVAR;MAGANGUÉ;"12/11/2025";;"13430";SIN NPN;;SIN NPN;Predio_Nuevo;"064-13661";Privado_Privado;NPH;;;
1649529;L11_556;556;556;BOLÍVAR;MAGANGUÉ;"12/11/2025";;"13430";SIN NPN;;SIN NPN;Predio_Nuevo;"064-13698";Privado_Privado;NPH;;;
1649667;L11_418;418;418;BOLÍVAR;MAGANGUÉ;"12/11/2025";;"13430";SIN NPN;;SIN NPN;Predio_Nuevo;"064-13819";Privado_Privado;NPH;;;
1649666;L11_419;419;419;BOLÍVAR;MAGANGUÉ;"12/11/2025";;"13430";SIN NPN;;SIN NPN;Predio_Nuevo;"064-13872";Privado_Privado;NPH;;;
1649665;L11_420;420;420;BOLÍVAR;MAGANGUÉ;"12/11/2025";;"13430";SIN NPN;;SIN NPN;Predio_Nuevo;"064-14174";Privado_Privado;NPH;;;
1649664;L11_421;421;421;BOLÍVAR;MAGANGUÉ;"12/11/2025";;"13430";SIN NPN;;SIN NPN;Predio_Nuevo;"064-14367";Privado_Privado;NPH;;;
1649663;L11_422;422;422;BOLÍVAR;MAGANGUÉ;"12/11/2025";;"13430";SIN NPN;;SIN NPN;Predio_Nuevo;"064-14512";Privado_Privado;NPH;;;
1649662;L11_423;423;423;BOLÍVAR;MAGANGUÉ;"12/11/2025";;"13430";SIN NPN;;SIN NPN;Predio_Nuevo;"064-14571";Privado_Privado;NPH;;;
1649661;L11_424;424;424;BOLÍVAR;MAGANGUÉ;"12/11/2025";;"13430";SIN NPN;;SIN NPN;Predio_Nuevo;"064-1474";Privado_Privado;NPH;;;
1649660;L11_425;425;425;BOLÍVAR;MAGANGUÉ;"12/11/2025";;"13430";SIN NPN;;SIN NPN;Predio_Nuevo;"064-15288";Privado_Privado;NPH;;;
1649659;L11_426;426;426;BOLÍVAR;MAGANGUÉ;"12/11/2025";;"13430";SIN NPN;;SIN NPN;Predio_Nuevo;"064-15305";Privado_Privado;NPH;;;
1649658;L11_427;427;427;BOLÍVAR;MAGANGUÉ;"12/11/2025";;"13430";SIN NPN;;SIN NPN;Predio_Nuevo;"064-15749";Privado_Privado;NPH;;;
1649657;L11_428;428;428;BOLÍVAR;MAGANGUÉ;"12/11/2025";;"13430";SIN NPN;;SIN NPN;Predio_Nuevo;"064-15812";Privado_Privado;NPH;;;
1649656;L11_429;429;429;BOLÍVAR;MAGANGUÉ;"12/11/2025";;"13430";SIN NPN;;SIN NPN;Predio_Nuevo;"064-16232";Privado_Privado;NPH;;;
1649655;L11_430;430;430;BOLÍVAR;MAGANGUÉ;"12/11/2025";;"13430";SIN NPN;;SIN NPN;Predio_Nuevo;"064-16273";Privado_Privado;NPH;;;
1649654;L11_431;431;431;BOLÍVAR;MAGANGUÉ;"12/11/2025";;"13430";SIN NPN;;SIN NPN;Predio_Nuevo;"064-16329";Privado_Privado;NPH;;;
1649653;L11_432;432;432;BOLÍVAR;MAGANGUÉ;"12/11/2025";;"13430";SIN NPN;;SIN NPN;Predio_Nuevo;"064-16376";Privado_Privado;NPH;;;
1649652;L11_433;433;433;BOLÍVAR;MAGANGUÉ;"12/11/2025";;"13430";SIN NPN;;SIN NPN;Predio_Nuevo;"064-17326";Privado_Privado;NPH;;;
1649651;L11_434;434;434;BOLÍVAR;MAGANGUÉ;"12/11/2025";;"13430";SIN NPN;;SIN NPN;Predio_Nuevo;"064-17570";Privado_Privado;NPH;;;
1649650;L11_435;435;435;BOLÍVAR;MAGANGUÉ;"12/11/2025";;"13430";SIN NPN;;SIN NPN;Predio_Nuevo;"064-17875";Privado_Privado;NPH;;;
1649528;L11_557;557;557;BOLÍVAR;MAGANGUÉ;"12/11/2025";;"13430";SIN NPN;;SIN NPN;Predio_Nuevo;"064-17940";Privado_Privado;NPH;;;
1649649;L11_436;436;436;BOLÍVAR;MAGANGUÉ;"12/11/2025";;"13430";SIN NPN;;SIN NPN;Predio_Nuevo;"064-18010";Privado_Privado;NPH;;;
1649648;L11_437;437;437;BOLÍVAR;MAGANGUÉ;"12/11/2025";;"13430";SIN NPN;;SIN NPN;Predio_Nuevo;"064-18271";Privado_Privado;NPH;;;
1649527;L11_558;558;558;BOLÍVAR;MAGANGUÉ;"12/11/2025";;"13430";SIN NPN;;SIN NPN;Predio_Nuevo;"064-18443";Privado_Privado;NPH;;;
1649647;L11_438;438;438;BOLÍVAR;MAGANGUÉ;"12/11/2025";;"13430";SIN NPN;;SIN NPN;Predio_Nuevo;"064-18569";Privado_Privado;NPH;;;
1649646;L11_439;439;439;BOLÍVAR;MAGANGUÉ;"12/11/2025";;"13430";SIN NPN;;SIN NPN;Predio_Nuevo;"064-18687";Privado_Privado;NPH;;;
1649645;L11_440;440;440;BOLÍVAR;MAGANGUÉ;"12/11/2025";;"13430";SIN NPN;;SIN NPN;Predio_Nuevo;"064-1883";Privado_Privado;NPH;;;
1649644;L11_441;441;441;BOLÍVAR;MAGANGUÉ;"12/11/2025";;"13430";SIN NPN;;SIN NPN;Predio_Nuevo;"064-1887";Privado_Privado;NPH;;;
1649507;L11_578;578;578;BOLÍVAR;MAGANGUÉ;"12/11/2025";;"13430";SIN NPN;;SIN NPN;Predio_Nuevo;"064-18941";Privado_Privado;NPH;;;
1649643;L11_442;442;442;BOLÍVAR;MAGANGUÉ;"12/11/2025";;"13430";SIN NPN;;SIN NPN;Predio_Nuevo;"064-1927";Privado_Privado;NPH;;;
1649642;L11_443;443;443;BOLÍVAR;MAGANGUÉ;"12/11/2025";;"13430";SIN NPN;;SIN NPN;Predio_Nuevo;"064-19433";Privado_Privado;NPH;;;
1649641;L11_444;444;444;BOLÍVAR;MAGANGUÉ;"12/11/2025";;"13430";SIN NPN;;SIN NPN;Predio_Nuevo;"064-19453";Privado_Privado;NPH;;;
1237347;"13261347";335;335;BOLÍVAR;MAGANGUÉ;"12/11/2025";"064-19713";"13430";"13430010100000677";;"134300101000006770063000000000";Cancelacion_por_Desenglobe;;;;;;
1649640;L11_445;445;445;BOLÍVAR;MAGANGUÉ;"12/11/2025";;"13430";SIN NPN;;SIN NPN;Predio_Nuevo;"064-19875";Privado_Privado;NPH;;;
1649639;L11_446;446;446;BOLÍVAR;MAGANGUÉ;"12/11/2025";;"13430";SIN NPN;;SIN NPN;Predio_Nuevo;"064-20016";Privado_Privado;NPH;;;
1649638;L11_447;447;447;BOLÍVAR;MAGANGUÉ;"12/11/2025";;"13430";SIN NPN;;SIN NPN;Predio_Nuevo;"064-20247";Privado_Privado;NPH;;;
1649637;L11_448;448;448;BOLÍVAR;MAGANGUÉ;"12/11/2025";;"13430";SIN NPN;;SIN NPN;Predio_Nuevo;"064-20248";Privado_Privado;NPH;;;
1649352;L11_336;336;336;BOLÍVAR;MAGANGUÉ;"12/11/2025";"064-19713";"13430";"13430010100000677";;"134300101000006770063000000000";Desenglobe_Division_Material;"064-20425";Privado_Privado;NPH;;;
1649351;L11_337;337;337;BOLÍVAR;MAGANGUÉ;"12/11/2025";"064-19713";"13430";"13430010100000677";;"134300101000006770063000000000";Desenglobe_Division_Material;"064-20426";Privado_Privado;NPH;;;
1649350;L11_338;338;338;BOLÍVAR;MAGANGUÉ;"12/11/2025";"064-19713";"13430";"13430010100000677";;"134300101000006770063000000000";Desenglobe_Division_Material;"064-20427";Privado_Privado;NPH;;;
1649636;L11_449;449;449;BOLÍVAR;MAGANGUÉ;"12/11/2025";;"13430";SIN NPN;;SIN NPN;Predio_Nuevo;"064-20722";Privado_Privado;NPH;;;
1649635;L11_450;450;450;BOLÍVAR;MAGANGUÉ;"12/11/2025";;"13430";SIN NPN;;SIN NPN;Predio_Nuevo;"064-21068";Privado_Privado;NPH;;;
1649634;L11_451;451;451;BOLÍVAR;MAGANGUÉ;"12/11/2025";;"13430";SIN NPN;;SIN NPN;Predio_Nuevo;"064-21100";Privado_Privado;NPH;;;
1649633;L11_452;452;452;BOLÍVAR;MAGANGUÉ;"12/11/2025";;"13430";SIN NPN;;SIN NPN;Predio_Nuevo;"064-21103";Privado_Privado;NPH;;;
1649506;L11_579;579;579;BOLÍVAR;MAGANGUÉ;"12/11/2025";;"13430";SIN NPN;;SIN NPN;Predio_Nuevo;"064-21219";Privado_Privado;NPH;;;
1649177;L11_281;279;279;BOLÍVAR;MAGANGUÉ;"12/11/2025";"064-11629";"13430";"13430010100000080";;"134300101000000800005000000000";Desenglobe_Division_Material;"064-21245";Privado_Privado;NPH;;;
1649177;L11_281;281;281;BOLÍVAR;MAGANGUÉ;"12/11/2025";"064-21245";"13430";SIN NPN;;SIN NPN;Cancelacion_por_Desenglobe;;;;;;
1649202;L11_285;285;285;BOLÍVAR;MAGANGUÉ;"12/11/2025";"064-21245";"13430";SIN NPN;;SIN NPN;Desenglobe_Division_Material;"064-21288";Privado_Privado;NPH;;;
1649203;L11_284;284;284;BOLÍVAR;MAGANGUÉ;"12/11/2025";"064-21245";"13430";SIN NPN;;SIN NPN;Desenglobe_Division_Material;"064-21289";Privado_Privado;NPH;;;
1649204;L11_283;283;283;BOLÍVAR;MAGANGUÉ;"12/11/2025";"064-21245";"13430";SIN NPN;;SIN NPN;Desenglobe_Division_Material;"064-21290";Privado_Privado;NPH;;;
1649205;L11_282;282;282;BOLÍVAR;MAGANGUÉ;"12/11/2025";"064-21245";"13430";SIN NPN;;SIN NPN;Desenglobe_Division_Material;"064-21291";Privado_Privado;NPH;;;
1649200;L11_287;287;287;BOLÍVAR;MAGANGUÉ;"12/11/2025";"064-21245";"13430";SIN NPN;;SIN NPN;Desenglobe_Division_Material;"064-21292";Privado_Privado;NPH;;;
1649201;L11_286;286;286;BOLÍVAR;MAGANGUÉ;"12/11/2025";"064-21245";"13430";SIN NPN;;SIN NPN;Desenglobe_Division_Material;"064-21293";Privado_Privado;NPH;;;
1649632;L11_453;453;453;BOLÍVAR;MAGANGUÉ;"12/11/2025";;"13430";SIN NPN;;SIN NPN;Predio_Nuevo;"064-21337";Privado_Privado;NPH;;;
1649505;L11_580;580;580;BOLÍVAR;MAGANGUÉ;"12/11/2025";;"13430";SIN NPN;;SIN NPN;Predio_Nuevo;"064-21356";Privado_Privado;NPH;;;
1649631;L11_454;454;454;BOLÍVAR;MAGANGUÉ;"12/11/2025";;"13430";SIN NPN;;SIN NPN;Predio_Nuevo;"064-21365";Privado_Privado;NPH;;;
1649353;L11_280;280;280;BOLÍVAR;MAGANGUÉ;"12/11/2025";"064-11629";"13430";"13430010100000080";;"134300101000000800005000000000";Desenglobe_Division_Material;"064-2144";Privado_Privado;NPH;;;
1140732;"958263";343;343;BOLÍVAR;MAGANGUÉ;"12/11/2025";"064-21482";"13430";"13430010200000216";;"134300102000002160014000000000";Cancelacion_por_Desenglobe;;;;;;
1649630;L11_455;455;455;BOLÍVAR;MAGANGUÉ;"12/11/2025";;"13430";SIN NPN;;SIN NPN;Predio_Nuevo;"064-21691";Privado_Privado;NPH;;;
1649504;L11_581;581;581;BOLÍVAR;MAGANGUÉ;"12/11/2025";;"13430";SIN NPN;;SIN NPN;Predio_Nuevo;"064-21705";Privado_Privado;NPH;;;
1649503;L11_582;582;582;BOLÍVAR;MAGANGUÉ;"12/11/2025";;"13430";SIN NPN;;SIN NPN;Predio_Nuevo;"064-21706";Privado_Privado;NPH;;;
1528950;"944312";319;319;BOLÍVAR;MAGANGUÉ;"12/11/2025";"064-22219";"13430";"13430010100000167";;"134300101000001670019000000000";Cancelacion_por_Desenglobe;;;;;;
1649449;L11_332;332;332;BOLÍVAR;MAGANGUÉ;"12/11/2025";"064-829";"13430";"13430010200000028";;"134300102000000280011000000000";Desenglobe_Division_Material;"064-22458";Privado_Privado;NPH;;;
1649448;L11_333;333;333;BOLÍVAR;MAGANGUÉ;"12/11/2025";"064-829";"13430";"13430010200000028";;"134300102000000280011000000000";Desenglobe_Division_Material;"064-22459";Privado_Privado;NPH;;;
1649447;L11_334;334;334;BOLÍVAR;MAGANGUÉ;"12/11/2025";"064-829";"13430";"13430010200000028";;"134300102000000280011000000000";Desenglobe_Division_Material;"064-22460";Privado_Privado;NPH;;;
1649526;L11_559;559;559;BOLÍVAR;MAGANGUÉ;"12/11/2025";;"13430";SIN NPN;;SIN NPN;Predio_Nuevo;"064-2256";Privado_Privado;NPH;;;
1237954;"963502";592;592;BOLÍVAR;MAGANGUÉ;"12/11/2025";"064-22666";"13430";"13430010300000097";;"134300103000000970002000000000";Cancelacion_por_Desenglobe;;;;;;
1649629;L11_456;456;456;BOLÍVAR;MAGANGUÉ;"12/11/2025";;"13430";SIN NPN;;SIN NPN;Predio_Nuevo;"064-22782";Privado_Privado;NPH;;;
1649628;L11_457;457;457;BOLÍVAR;MAGANGUÉ;"12/11/2025";;"13430";SIN NPN;;SIN NPN;Predio_Nuevo;"064-23068";Privado_Privado;NPH;;;
1649627;L11_458;458;458;BOLÍVAR;MAGANGUÉ;"12/11/2025";;"13430";SIN NPN;;SIN NPN;Predio_Nuevo;"064-23073";Privado_Privado;NPH;;;
1649626;L11_459;459;459;BOLÍVAR;MAGANGUÉ;"12/11/2025";;"13430";SIN NPN;;SIN NPN;Predio_Nuevo;"064-23140";Privado_Privado;NPH;;;
1649625;L11_460;460;460;BOLÍVAR;MAGANGUÉ;"12/11/2025";;"13430";SIN NPN;;SIN NPN;Predio_Nuevo;"064-23227";Privado_Privado;NPH;;;
1649624;L11_461;461;461;BOLÍVAR;MAGANGUÉ;"12/11/2025";;"13430";SIN NPN;;SIN NPN;Predio_Nuevo;"064-2325";Privado_Privado;NPH;;;
1649623;L11_462;462;462;BOLÍVAR;MAGANGUÉ;"12/11/2025";;"13430";SIN NPN;;SIN NPN;Predio_Nuevo;"064-2332";Privado_Privado;NPH;;;
1649622;L11_463;463;463;BOLÍVAR;MAGANGUÉ;"12/11/2025";;"13430";SIN NPN;;SIN NPN;Predio_Nuevo;"064-23339";Privado_Privado;NPH;;;
1649621;L11_464;464;464;BOLÍVAR;MAGANGUÉ;"12/11/2025";;"13430";SIN NPN;;SIN NPN;Predio_Nuevo;"064-23467";Privado_Privado;NPH;;;
1649620;L11_465;465;465;BOLÍVAR;MAGANGUÉ;"12/11/2025";;"13430";SIN NPN;;SIN NPN;Predio_Nuevo;"064-23506";Privado_Privado;NPH;;;
1649619;L11_466;466;466;BOLÍVAR;MAGANGUÉ;"12/11/2025";;"13430";SIN NPN;;SIN NPN;Predio_Nuevo;"064-23535";Privado_Privado;NPH;;;
1649618;L11_467;467;467;BOLÍVAR;MAGANGUÉ;"12/11/2025";;"13430";SIN NPN;;SIN NPN;Predio_Nuevo;"064-23635";Privado_Privado;NPH;;;
1649712;L11_373;373;373;BOLÍVAR;MAGANGUÉ;"12/11/2025";;"13430";SIN NPN;;SIN NPN;Predio_Nuevo;"064-23821";Privado_Privado;NPH;;;
1649711;L11_374;374;374;BOLÍVAR;MAGANGUÉ;"12/11/2025";;"13430";SIN NPN;;SIN NPN;Predio_Nuevo;"064-23822";Privado_Privado;NPH;;;
1649710;L11_375;375;375;BOLÍVAR;MAGANGUÉ;"12/11/2025";;"13430";SIN NPN;;SIN NPN;Predio_Nuevo;"064-23823";Privado_Privado;NPH;;;
1649709;L11_376;376;376;BOLÍVAR;MAGANGUÉ;"12/11/2025";;"13430";SIN NPN;;SIN NPN;Predio_Nuevo;"064-23824";Privado_Privado;NPH;;;
1649708;L11_377;377;377;BOLÍVAR;MAGANGUÉ;"12/11/2025";;"13430";SIN NPN;;SIN NPN;Predio_Nuevo;"064-23825";Privado_Privado;NPH;;;
1649707;L11_378;378;378;BOLÍVAR;MAGANGUÉ;"12/11/2025";;"13430";SIN NPN;;SIN NPN;Predio_Nuevo;"064-23826";Privado_Privado;NPH;;;
1649706;L11_379;379;379;BOLÍVAR;MAGANGUÉ;"12/11/2025";;"13430";SIN NPN;;SIN NPN;Predio_Nuevo;"064-23827";Privado_Privado;NPH;;;
1649705;L11_380;380;380;BOLÍVAR;MAGANGUÉ;"12/11/2025";;"13430";SIN NPN;;SIN NPN;Predio_Nuevo;"064-23828";Privado_Privado;NPH;;;
1649617;L11_468;468;468;BOLÍVAR;MAGANGUÉ;"12/11/2025";;"13430";SIN NPN;;SIN NPN;Predio_Nuevo;"064-23875";Privado_Privado;NPH;;;
1649616;L11_469;469;469;BOLÍVAR;MAGANGUÉ;"12/11/2025";;"13430";SIN NPN;;SIN NPN;Predio_Nuevo;"064-24071";Privado_Privado;NPH;;;
1649615;L11_470;470;470;BOLÍVAR;MAGANGUÉ;"12/11/2025";;"13430";SIN NPN;;SIN NPN;Predio_Nuevo;"064-24083";Privado_Privado;NPH;;;
1649614;L11_471;471;471;BOLÍVAR;MAGANGUÉ;"12/11/2025";;"13430";SIN NPN;;SIN NPN;Predio_Nuevo;"064-24104";Privado_Privado;NPH;;;
1649613;L11_472;472;472;BOLÍVAR;MAGANGUÉ;"12/11/2025";;"13430";SIN NPN;;SIN NPN;Predio_Nuevo;"064-24273";Privado_Privado;NPH;;;
1649612;L11_473;473;473;BOLÍVAR;MAGANGUÉ;"12/11/2025";;"13430";SIN NPN;;SIN NPN;Predio_Nuevo;"064-24372";Privado_Privado;NPH;;;
1649611;L11_474;474;474;BOLÍVAR;MAGANGUÉ;"12/11/2025";;"13430";SIN NPN;;SIN NPN;Predio_Nuevo;"064-24448";Privado_Privado;NPH;;;
1649610;L11_475;475;475;BOLÍVAR;MAGANGUÉ;"12/11/2025";;"13430";SIN NPN;;SIN NPN;Predio_Nuevo;"064-24571";Privado_Privado;NPH;;;
1649609;L11_476;476;476;BOLÍVAR;MAGANGUÉ;"12/11/2025";;"13430";SIN NPN;;SIN NPN;Predio_Nuevo;"064-24576";Privado_Privado;NPH;;;
1649608;L11_477;477;477;BOLÍVAR;MAGANGUÉ;"12/11/2025";;"13430";SIN NPN;;SIN NPN;Predio_Nuevo;"064-24588";Privado_Privado;NPH;;;
1649607;L11_478;478;478;BOLÍVAR;MAGANGUÉ;"12/11/2025";;"13430";SIN NPN;;SIN NPN;Predio_Nuevo;"064-24941";Privado_Privado;NPH;;;
1649606;L11_479;479;479;BOLÍVAR;MAGANGUÉ;"12/11/2025";;"13430";SIN NPN;;SIN NPN;Predio_Nuevo;"064-24985";Privado_Privado;NPH;;;
1302458;"946350";595;595;BOLÍVAR;MAGANGUÉ;"12/11/2025";"064-25149";"13430";"13430010100000280";;"134300101000002800009000000000";Cancelacion_por_Desenglobe;;;;;;
1649431;L11_596;596;596;BOLÍVAR;MAGANGUÉ;"12/11/2025";"064-25149";"13430";"13430010100000280";;"134300101000002800009000000000";Desenglobe_Division_Material;"064-25319";Privado_Privado;NPH;;;
1649430;L11_597;597;597;BOLÍVAR;MAGANGUÉ;"12/11/2025";"064-25149";"13430";"13430010100000280";;"134300101000002800009000000000";Desenglobe_Division_Material;"064-25320";Privado_Privado;NPH;;;
1649605;L11_480;480;480;BOLÍVAR;MAGANGUÉ;"12/11/2025";;"13430";SIN NPN;;SIN NPN;Predio_Nuevo;"064-25575";Privado_Privado;NPH;;;
1649604;L11_481;481;481;BOLÍVAR;MAGANGUÉ;"12/11/2025";;"13430";SIN NPN;;SIN NPN;Predio_Nuevo;"064-25675";Privado_Privado;NPH;;;
1649603;L11_482;482;482;BOLÍVAR;MAGANGUÉ;"12/11/2025";;"13430";SIN NPN;;SIN NPN;Predio_Nuevo;"064-25863";Privado_Privado;NPH;;;
1649602;L11_483;483;483;BOLÍVAR;MAGANGUÉ;"12/11/2025";;"13430";SIN NPN;;SIN NPN;Predio_Nuevo;"064-25875";Privado_Privado;NPH;;;
1555671;"957221";339;339;BOLÍVAR;MAGANGUÉ;"12/11/2025";"064-25887";"13430";"13430010200000167";;"134300102000001670008000000000";Cancelacion_por_Desenglobe;;;;;;
1649601;L11_484;484;484;BOLÍVAR;MAGANGUÉ;"12/11/2025";;"13430";SIN NPN;;SIN NPN;Predio_Nuevo;"064-25959";Privado_Privado;NPH;;;
1649600;L11_485;485;485;BOLÍVAR;MAGANGUÉ;"12/11/2025";;"13430";SIN NPN;;SIN NPN;Predio_Nuevo;"064-25970";Privado_Privado;NPH;;;
1649599;L11_486;486;486;BOLÍVAR;MAGANGUÉ;"12/11/2025";;"13430";SIN NPN;;SIN NPN;Predio_Nuevo;"064-26126";Privado_Privado;NPH;;;
1649525;L11_560;560;560;BOLÍVAR;MAGANGUÉ;"12/11/2025";;"13430";SIN NPN;;SIN NPN;Predio_Nuevo;"064-26415";Privado_Privado;NPH;;;
1649429;L11_289;289;289;BOLÍVAR;MAGANGUÉ;"12/11/2025";"064-13637";"13430";"13430010100000410";;"134300101000004100031000000000";Desenglobe_Division_Material;"064-26550";Privado_Privado;NPH;;;
1649428;L11_290;290;290;BOLÍVAR;MAGANGUÉ;"12/11/2025";"064-13637";"13430";"13430010100000410";;"134300101000004100031000000000";Desenglobe_Division_Material;"064-26552";Privado_Privado;NPH;;;
1649427;L11_291;291;291;BOLÍVAR;MAGANGUÉ;"12/11/2025";"064-13637";"13430";"13430010100000410";;"134300101000004100031000000000";Desenglobe_Division_Material;"064-26553";Privado_Privado;NPH;;;
1649524;L11_561;561;561;BOLÍVAR;MAGANGUÉ;"12/11/2025";;"13430";SIN NPN;;SIN NPN;Predio_Nuevo;"064-26628";Privado_Privado;NPH;;;
1649292;L11_324;324;324;BOLÍVAR;MAGANGUÉ;"12/11/2025";"064-4206";"13430";"13430010100000336";;"134300101000003360011000000000";Desenglobe_Division_Material;"064-26817";Privado_Privado;NPH;;;
1649291;L11_325;325;325;BOLÍVAR;MAGANGUÉ;"12/11/2025";"064-4206";"13430";"13430010100000336";;"134300101000003360011000000000";Desenglobe_Division_Material;"064-26818";Privado_Privado;NPH;;;
1649290;L11_326;326;326;BOLÍVAR;MAGANGUÉ;"12/11/2025";"064-4206";"13430";"13430010100000336";;"134300101000003360011000000000";Desenglobe_Division_Material;"064-26819";Privado_Privado;NPH;;;
1334114;"945949";583;583;BOLÍVAR;MAGANGUÉ;"12/11/2025";"064-26993";"13430";"13430010100000264";;"134300101000002640017000000000";Cancelacion_por_Desenglobe;;;;;;
1649598;L11_487;487;487;BOLÍVAR;MAGANGUÉ;"12/11/2025";;"13430";SIN NPN;;SIN NPN;Predio_Nuevo;"064-27022";Privado_Privado;NPH;;;
1649597;L11_488;488;488;BOLÍVAR;MAGANGUÉ;"12/11/2025";;"13430";SIN NPN;;SIN NPN;Predio_Nuevo;"064-27030";Privado_Privado;NPH;;;
1649523;L11_562;562;562;BOLÍVAR;MAGANGUÉ;"12/11/2025";;"13430";SIN NPN;;SIN NPN;Predio_Nuevo;"064-2723";Privado_Privado;NPH;;;
1649596;L11_489;489;489;BOLÍVAR;MAGANGUÉ;"12/11/2025";;"13430";SIN NPN;;SIN NPN;Predio_Nuevo;"064-27334";Privado_Privado;NPH;;;
1649595;L11_490;490;490;BOLÍVAR;MAGANGUÉ;"12/11/2025";;"13430";SIN NPN;;SIN NPN;Predio_Nuevo;"064-2737";Privado_Privado;NPH;;;
1649594;L11_491;491;491;BOLÍVAR;MAGANGUÉ;"12/11/2025";;"13430";SIN NPN;;SIN NPN;Predio_Nuevo;"064-27388";Privado_Privado;NPH;;;
1649593;L11_492;492;492;BOLÍVAR;MAGANGUÉ;"12/11/2025";;"13430";SIN NPN;;SIN NPN;Predio_Nuevo;"064-2767";Privado_Privado;NPH;;;
1649356;L11_320;320;320;BOLÍVAR;MAGANGUÉ;"12/11/2025";"064-22219";"13430";"13430010100000167";;"134300101000001670019000000000";Desenglobe_Division_Material;"064-27797";Privado_Privado;NPH;;;
1649355;L11_321;321;321;BOLÍVAR;MAGANGUÉ;"12/11/2025";"064-22219";"13430";"13430010100000167";;"134300101000001670019000000000";Desenglobe_Division_Material;"064-27798";Privado_Privado;NPH;;;
1649354;L11_322;322;322;BOLÍVAR;MAGANGUÉ;"12/11/2025";"064-22219";"13430";"13430010100000167";;"134300101000001670019000000000";Desenglobe_Division_Material;"064-27799";Privado_Privado;NPH;;;
1649592;L11_493;493;493;BOLÍVAR;MAGANGUÉ;"12/11/2025";;"13430";SIN NPN;;SIN NPN;Predio_Nuevo;"064-27853";Privado_Privado;NPH;;;
1649591;L11_494;494;494;BOLÍVAR;MAGANGUÉ;"12/11/2025";;"13430";SIN NPN;;SIN NPN;Predio_Nuevo;"064-27854";Privado_Privado;NPH;;;
1649590;L11_495;495;495;BOLÍVAR;MAGANGUÉ;"12/11/2025";;"13430";SIN NPN;;SIN NPN;Predio_Nuevo;"064-27935";Privado_Privado;NPH;;;
1399863;"941263";327;327;BOLÍVAR;MAGANGUÉ;"12/11/2025";"064-27965";"13430";"13430010100000004";;"134300101000000040003000000000";Cancelacion_por_Desenglobe;;;;;;
1649522;L11_563;563;563;BOLÍVAR;MAGANGUÉ;"12/11/2025";;"13430";SIN NPN;;SIN NPN;Predio_Nuevo;"064-27994";Privado_Privado;NPH;;;
1649589;L11_496;496;496;BOLÍVAR;MAGANGUÉ;"12/11/2025";;"13430";SIN NPN;;SIN NPN;Predio_Nuevo;"064-28043";Privado_Privado;NPH;;;
1646315;L9_3;590;590;BOLÍVAR;MAGANGUÉ;"12/11/2025";"064-5543";"13430";"13430010200000163";;"134300102000001630011000000000";Desenglobe_Division_Material;"064-28144";Privado_Privado;NPH;;;
1646314;L9_4;591;591;BOLÍVAR;MAGANGUÉ;"12/11/2025";"064-5543";"13430";"13430010200000163";;"134300102000001630011000000000";Desenglobe_Division_Material;"064-28145";Privado_Privado;NPH;;;
1649588;L11_497;497;497;BOLÍVAR;MAGANGUÉ;"12/11/2025";;"13430";SIN NPN;;SIN NPN;Predio_Nuevo;"064-28168";Privado_Privado;NPH;;;
1649521;L11_564;564;564;BOLÍVAR;MAGANGUÉ;"12/11/2025";;"13430";SIN NPN;;SIN NPN;Predio_Nuevo;"064-2817";Privado_Privado;NPH;;;
1649587;L11_498;498;498;BOLÍVAR;MAGANGUÉ;"12/11/2025";;"13430";SIN NPN;;SIN NPN;Predio_Nuevo;"064-28210";Privado_Privado;NPH;;;
1649294;L11_587;587;587;BOLÍVAR;MAGANGUÉ;"12/11/2025";"064-3189";"13430";"13430010100000089";;"134300101000000890017000000000";Desenglobe_Division_Material;"064-28262";Privado_Privado;NPH;;;
1649293;L11_588;588;588;BOLÍVAR;MAGANGUÉ;"12/11/2025";"064-3189";"13430";"13430010100000089";;"134300101000000890017000000000";Desenglobe_Division_Material;"064-28263";Privado_Privado;NPH;;;
1464441;"947087";307;307;BOLÍVAR;MAGANGUÉ;"12/11/2025";"064-28490";"13430";"13430010100000345";;"134300101000003450008000000000";Cancelacion_por_Desenglobe;;;;;;
1649586;L11_499;499;499;BOLÍVAR;MAGANGUÉ;"12/11/2025";;"13430";SIN NPN;;SIN NPN;Predio_Nuevo;"064-28857";Privado_Privado;NPH;;;
1649585;L11_500;500;500;BOLÍVAR;MAGANGUÉ;"12/11/2025";;"13430";SIN NPN;;SIN NPN;Predio_Nuevo;"064-289";Privado_Privado;NPH;;;
1649520;L11_565;565;565;BOLÍVAR;MAGANGUÉ;"12/11/2025";;"13430";SIN NPN;;SIN NPN;Predio_Nuevo;"064-28938";Privado_Privado;NPH;;;
1649584;L11_501;501;501;BOLÍVAR;MAGANGUÉ;"12/11/2025";;"13430";SIN NPN;;SIN NPN;Predio_Nuevo;"064-2896";Privado_Privado;NPH;;;
1649583;L11_502;502;502;BOLÍVAR;MAGANGUÉ;"12/11/2025";;"13430";SIN NPN;;SIN NPN;Predio_Nuevo;"064-29375";Privado_Privado;NPH;;;
1649519;L11_566;566;566;BOLÍVAR;MAGANGUÉ;"12/11/2025";;"13430";SIN NPN;;SIN NPN;Predio_Nuevo;"064-2951";Privado_Privado;NPH;;;
1649582;L11_503;503;503;BOLÍVAR;MAGANGUÉ;"12/11/2025";;"13430";SIN NPN;;SIN NPN;Predio_Nuevo;"064-30033";Privado_Privado;NPH;;;
1649452;L11_328;328;328;BOLÍVAR;MAGANGUÉ;"12/11/2025";"064-27965";"13430";"13430010100000004";;"134300101000000040003000000000";Desenglobe_Division_Material;"064-30072";Privado_Privado;NPH;;;
1649451;L11_329;329;329;BOLÍVAR;MAGANGUÉ;"12/11/2025";"064-27965";"13430";"13430010100000004";;"134300101000000040003000000000";Desenglobe_Division_Material;"064-30073";Privado_Privado;NPH;;;
1649450;L11_330;330;330;BOLÍVAR;MAGANGUÉ;"12/11/2025";"064-27965";"13430";"13430010100000004";;"134300101000000040003000000000";Desenglobe_Division_Material;"064-30074";Privado_Privado;NPH;;;
1649502;L11_340;340;340;BOLÍVAR;MAGANGUÉ;"12/11/2025";"064-25887";"13430";"13430010200000167";;"134300102000001670008000000000";Desenglobe_Division_Material;"064-30078";Privado_Privado;NPH;;;
1649501;L11_341;341;341;BOLÍVAR;MAGANGUÉ;"12/11/2025";"064-25887";"13430";"13430010200000167";;"134300102000001670008000000000";Desenglobe_Division_Material;"064-30079";Privado_Privado;NPH;;;
1649500;L11_342;342;342;BOLÍVAR;MAGANGUÉ;"12/11/2025";"064-25887";"13430";"13430010200000167";;"134300102000001670008000000000";Desenglobe_Division_Material;"064-30080";Privado_Privado;NPH;;;
1649581;L11_504;504;504;BOLÍVAR;MAGANGUÉ;"12/11/2025";;"13430";SIN NPN;;SIN NPN;Predio_Nuevo;"064-30241";Privado_Privado;NPH;;;
1649580;L11_505;505;505;BOLÍVAR;MAGANGUÉ;"12/11/2025";;"13430";SIN NPN;;SIN NPN;Predio_Nuevo;"064-30284";Privado_Privado;NPH;;;
1649579;L11_506;506;506;BOLÍVAR;MAGANGUÉ;"12/11/2025";;"13430";SIN NPN;;SIN NPN;Predio_Nuevo;"064-3038";Privado_Privado;NPH;;;
1649578;L11_507;507;507;BOLÍVAR;MAGANGUÉ;"12/11/2025";;"13430";SIN NPN;;SIN NPN;Predio_Nuevo;"064-30429";Privado_Privado;NPH;;;
1649577;L11_508;508;508;BOLÍVAR;MAGANGUÉ;"12/11/2025";;"13430";SIN NPN;;SIN NPN;Predio_Nuevo;"064-30437";Privado_Privado;NPH;;;
1649518;L11_567;567;567;BOLÍVAR;MAGANGUÉ;"12/11/2025";;"13430";SIN NPN;;SIN NPN;Predio_Nuevo;"064-30919";Privado_Privado;NPH;;;
1649704;L11_381;381;381;BOLÍVAR;MAGANGUÉ;"12/11/2025";;"13430";SIN NPN;;SIN NPN;Predio_Nuevo;"064-30992";Privado_Privado;NPH;;;
1649576;L11_509;509;509;BOLÍVAR;MAGANGUÉ;"12/11/2025";;"13430";SIN NPN;;SIN NPN;Predio_Nuevo;"064-31153";Privado_Privado;NPH;;;
1649517;L11_568;568;568;BOLÍVAR;MAGANGUÉ;"12/11/2025";;"13430";SIN NPN;;SIN NPN;Predio_Nuevo;"064-31209";Privado_Privado;NPH;;;
1649723;L11_256;256;256;BOLÍVAR;MAGANGUÉ;"12/11/2025";;"13430";SIN NPN;;SIN NPN;Predio_Nuevo;"064-31225";Privado_Privado;NPH;;;
1649722;L11_257;257;257;BOLÍVAR;MAGANGUÉ;"12/11/2025";;"13430";SIN NPN;;SIN NPN;Predio_Nuevo;"064-31226";Privado_Privado;NPH;;;
1649575;L11_510;510;510;BOLÍVAR;MAGANGUÉ;"12/11/2025";;"13430";SIN NPN;;SIN NPN;Predio_Nuevo;"064-31230";Privado_Privado;NPH;;;
1649721;L11_258;258;258;BOLÍVAR;MAGANGUÉ;"12/11/2025";;"13430";SIN NPN;;SIN NPN;Predio_Nuevo;"064-31231";Privado_Privado;NPH;;;
1649720;L11_259;259;259;BOLÍVAR;MAGANGUÉ;"12/11/2025";;"13430";SIN NPN;;SIN NPN;Predio_Nuevo;"064-31232";Privado_Privado;NPH;;;
1649719;L11_260;260;260;BOLÍVAR;MAGANGUÉ;"12/11/2025";;"13430";SIN NPN;;SIN NPN;Predio_Nuevo;"064-31233";Privado_Privado;NPH;;;
1649718;L11_261;261;261;BOLÍVAR;MAGANGUÉ;"12/11/2025";;"13430";SIN NPN;;SIN NPN;Predio_Nuevo;"064-31235";Privado_Privado;NPH;;;
1649717;L11_262;262;262;BOLÍVAR;MAGANGUÉ;"12/11/2025";;"13430";SIN NPN;;SIN NPN;Predio_Nuevo;"064-31237";Privado_Privado;NPH;;;
1649716;L11_263;263;263;BOLÍVAR;MAGANGUÉ;"12/11/2025";;"13430";SIN NPN;;SIN NPN;Predio_Nuevo;"064-31238";Privado_Privado;NPH;;;
1649715;L11_264;264;264;BOLÍVAR;MAGANGUÉ;"12/11/2025";;"13430";SIN NPN;;SIN NPN;Predio_Nuevo;"064-31240";Privado_Privado;NPH;;;
1649714;L11_265;265;265;BOLÍVAR;MAGANGUÉ;"12/11/2025";;"13430";SIN NPN;;SIN NPN;Predio_Nuevo;"064-31242";Privado_Privado;NPH;;;
1649713;L11_266;266;266;BOLÍVAR;MAGANGUÉ;"12/11/2025";;"13430";SIN NPN;;SIN NPN;Predio_Nuevo;"064-31248";Privado_Privado;NPH;;;
1649574;L11_511;511;511;BOLÍVAR;MAGANGUÉ;"12/11/2025";;"13430";SIN NPN;;SIN NPN;Predio_Nuevo;"064-31249";Privado_Privado;NPH;;;
1649573;L11_512;512;512;BOLÍVAR;MAGANGUÉ;"12/11/2025";;"13430";SIN NPN;;SIN NPN;Predio_Nuevo;"064-31300";Privado_Privado;NPH;;;
1649703;L11_382;382;382;BOLÍVAR;MAGANGUÉ;"12/11/2025";;"13430";SIN NPN;;SIN NPN;Predio_Nuevo;"064-31373";Privado_Privado;NPH;;;
1649572;L11_513;513;513;BOLÍVAR;MAGANGUÉ;"12/11/2025";;"13430";SIN NPN;;SIN NPN;Predio_Nuevo;"064-316";Privado_Privado;NPH;;;
1365869;"943263";586;586;BOLÍVAR;MAGANGUÉ;"12/11/2025";"064-3189";"13430";"13430010100000089";;"134300101000000890017000000000";Cancelacion_por_Desenglobe;;;;;;
1400743;"13262528";365;365;BOLÍVAR;MAGANGUÉ;"12/11/2025";"064-32293";"13430";"13430010200000194";;"134300102000001940028000000000";Cancelacion_por_Desenglobe;;;;;;
1649496;L11_584;584;584;BOLÍVAR;MAGANGUÉ;"12/11/2025";"064-26993";"13430";"13430010100000264";;"134300101000002640017000000000";Desenglobe_Division_Material;"064-33631";Privado_Privado;NPH;;;
1649495;L11_585;585;585;BOLÍVAR;MAGANGUÉ;"12/11/2025";"064-26993";"13430";"13430010100000264";;"134300101000002640017000000000";Desenglobe_Division_Material;"064-33632";Privado_Privado;NPH;;;
1237711;"960333";65;65;BOLÍVAR;MAGANGUÉ;"12/11/2025";"064-34119";"13430";"13430010200000340";;"134300102000003400001000000000";Cancelacion_por_Desenglobe;;;;;;
1172653;"13262647";223;223;BOLÍVAR;MAGANGUÉ;"12/11/2025";"064-34120";"13430";"13430010200000340";;"134300102000003400002000000000";Cancelacion_por_Desenglobe;;;;;;
1050426;"13262648";212;212;BOLÍVAR;MAGANGUÉ;"12/11/2025";"064-34121";"13430";"13430010200000340";;"134300102000003400003000000000";Cancelacion_por_Desenglobe;;;;;;
1303106;"13262649";219;219;BOLÍVAR;MAGANGUÉ;"12/11/2025";"064-34122";"13430";"13430010200000340";;"134300102000003400004000000000";Cancelacion_por_Desenglobe;;;;;;
1205594;"13262854";353;353;BOLÍVAR;MAGANGUÉ;"12/11/2025";"064-34126";"13430";"13430010200000540";;"134300102000005400004000000000";Cancelacion_por_Desenglobe;;;;;;
1108247;"13262855";347;347;BOLÍVAR;MAGANGUÉ;"12/11/2025";"064-34127";"13430";"13430010200000540";;"134300102000005400005000000000";Cancelacion_por_Desenglobe;;;;;;
1649289;L11_360;360;360;BOLÍVAR;MAGANGUÉ;"12/11/2025";"064-9971";"13430";"13430010100000061";;"134300101000000610004000000000";Desenglobe_Division_Material;"064-34143";Privado_Privado;NPH;;;
1649288;L11_361;361;361;BOLÍVAR;MAGANGUÉ;"12/11/2025";"064-9971";"13430";"13430010100000061";;"134300101000000610004000000000";Desenglobe_Division_Material;"064-34144";Privado_Privado;NPH;;;
1649287;L11_362;362;362;BOLÍVAR;MAGANGUÉ;"12/11/2025";"064-9971";"13430";"13430010100000061";;"134300101000000610004000000000";Desenglobe_Division_Material;"064-34145";Privado_Privado;NPH;;;
1649286;L11_363;363;363;BOLÍVAR;MAGANGUÉ;"12/11/2025";"064-9971";"13430";"13430010100000061";;"134300101000000610004000000000";Desenglobe_Division_Material;"064-34146";Privado_Privado;NPH;;;
1649285;L11_364;364;364;BOLÍVAR;MAGANGUÉ;"12/11/2025";"064-9971";"13430";"13430010100000061";;"134300101000000610004000000000";Desenglobe_Division_Material;"064-34147";Privado_Privado;NPH;;;
1649197;L11_68;68;68;BOLÍVAR;MAGANGUÉ;"12/11/2025";"064-34119";"13430";"13430010200000340";;"134300102000003400001000000000";Desenglobe_Division_Material;"064-34198";Privado_Privado;NPH;"118";;
1649199;L11_66;66;66;BOLÍVAR;MAGANGUÉ;"12/11/2025";"064-34119";"13430";"13430010200000340";;"134300102000003400001000000000";Desenglobe_Division_Material;"064-34199";Privado_Privado;NPH;"118";;
1649198;L11_67;67;67;BOLÍVAR;MAGANGUÉ;"12/11/2025";"064-34119";"13430";"13430010200000340";;"134300102000003400001000000000";Desenglobe_Division_Material;"064-34200";Privado_Privado;NPH;"118";;
1649349;L11_224;224;224;BOLÍVAR;MAGANGUÉ;"12/11/2025";"064-34120";"13430";"13430010200000340";;"134300102000003400002000000000";Desenglobe_Division_Material;"064-34206";Privado_Privado;NPH;;;
1649348;L11_225;225;225;BOLÍVAR;MAGANGUÉ;"12/11/2025";"064-34120";"13430";"13430010200000340";;"134300102000003400002000000000";Desenglobe_Division_Material;"064-34207";Privado_Privado;NPH;;;
1649347;L11_226;226;226;BOLÍVAR;MAGANGUÉ;"12/11/2025";"064-34120";"13430";"13430010200000340";;"134300102000003400002000000000";Desenglobe_Division_Material;"064-34208";Privado_Privado;NPH;;;
1649346;L11_227;227;227;BOLÍVAR;MAGANGUÉ;"12/11/2025";"064-34120";"13430";"13430010200000340";;"134300102000003400002000000000";Desenglobe_Division_Material;"064-34209";Privado_Privado;NPH;;;
1649344;L11_229;229;229;BOLÍVAR;MAGANGUÉ;"12/11/2025";"064-34120";"13430";"13430010200000340";;"134300102000003400002000000000";Desenglobe_Division_Material;"064-34210";Privado_Privado;NPH;;;
1649345;L11_228;228;228;BOLÍVAR;MAGANGUÉ;"12/11/2025";"064-34120";"13430";"13430010200000340";;"134300102000003400002000000000";Desenglobe_Division_Material;"064-34211";Privado_Privado;NPH;;;
1649340;L11_213;213;213;BOLÍVAR;MAGANGUÉ;"12/11/2025";"064-34121";"13430";"13430010200000340";;"134300102000003400003000000000";Desenglobe_Division_Material;"064-34212";Privado_Privado;NPH;;;
1649339;L11_214;214;214;BOLÍVAR;MAGANGUÉ;"12/11/2025";"064-34121";"13430";"13430010200000340";;"134300102000003400003000000000";Desenglobe_Division_Material;"064-34213";Privado_Privado;NPH;;;
1649337;L11_216;216;216;BOLÍVAR;MAGANGUÉ;"12/11/2025";"064-34121";"13430";"13430010200000340";;"134300102000003400003000000000";Desenglobe_Division_Material;"064-34214";Privado_Privado;NPH;;;
1649335;L11_218;218;218;BOLÍVAR;MAGANGUÉ;"12/11/2025";"064-34121";"13430";"13430010200000340";;"134300102000003400003000000000";Desenglobe_Division_Material;"064-34215";Privado_Privado;NPH;;;
1649338;L11_215;215;215;BOLÍVAR;MAGANGUÉ;"12/11/2025";"064-34121";"13430";"13430010200000340";;"134300102000003400003000000000";Desenglobe_Division_Material;"064-34216";Privado_Privado;NPH;;;
1649336;L11_217;217;217;BOLÍVAR;MAGANGUÉ;"12/11/2025";"064-34121";"13430";"13430010200000340";;"134300102000003400003000000000";Desenglobe_Division_Material;"064-34217";Privado_Privado;NPH;;;
1649284;L11_220;220;220;BOLÍVAR;MAGANGUÉ;"12/11/2025";"064-34122";"13430";"13430010200000340";;"134300102000003400004000000000";Desenglobe_Division_Material;"064-34218";Privado_Privado;NPH;;;
1649283;L11_221;221;221;BOLÍVAR;MAGANGUÉ;"12/11/2025";"064-34122";"13430";"13430010200000340";;"134300102000003400004000000000";Desenglobe_Division_Material;"064-34219";Privado_Privado;NPH;;;
1649282;L11_222;222;222;BOLÍVAR;MAGANGUÉ;"12/11/2025";"064-34122";"13430";"13430010200000340";;"134300102000003400004000000000";Desenglobe_Division_Material;"064-34220";Privado_Privado;NPH;;;
1649494;L11_308;308;308;BOLÍVAR;MAGANGUÉ;"12/11/2025";"064-28490";"13430";"13430010100000345";;"134300101000003450008000000000";Desenglobe_Division_Material;"064-34258";Privado_Privado;NPH;;;
1649493;L11_309;309;309;BOLÍVAR;MAGANGUÉ;"12/11/2025";"064-28490";"13430";"13430010100000345";;"134300101000003450008000000000";Desenglobe_Division_Material;"064-34259";Privado_Privado;NPH;;;
1649492;L11_310;310;310;BOLÍVAR;MAGANGUÉ;"12/11/2025";"064-28490";"13430";"13430010100000345";;"134300101000003450008000000000";Desenglobe_Division_Material;"064-34260";Privado_Privado;NPH;;;
1649571;L11_514;514;514;BOLÍVAR;MAGANGUÉ;"12/11/2025";;"13430";SIN NPN;;SIN NPN;Predio_Nuevo;"064-34277";Privado_Privado;NPH;;;
1649702;L11_383;383;383;BOLÍVAR;MAGANGUÉ;"12/11/2025";;"13430";SIN NPN;;SIN NPN;Predio_Nuevo;"064-34618";Privado_Privado;NPH;;;
1649179;L11_305;301;301;BOLÍVAR;MAGANGUÉ;"12/11/2025";"064-34771";"13430";SIN NPN;;SIN NPN;Cancelacion_por_Desenglobe;;;;;;
1649180;L11_301;301;301;BOLÍVAR;MAGANGUÉ;"12/11/2025";"064-34771";"13430";SIN NPN;;SIN NPN;Cancelacion_por_Desenglobe;;;;;;
1649179;L11_305;300;300;BOLÍVAR;MAGANGUÉ;"12/11/2025";"064-6352";"13430";"13430010200000399";;"134300102000003990001000000000";Desenglobe_Division_Material;"064-34771";Privado_Privado;NPH;;;
1649180;L11_301;300;300;BOLÍVAR;MAGANGUÉ;"12/11/2025";"064-6352";"13430";"13430010200000399";;"134300102000003990001000000000";Desenglobe_Division_Material;"064-34771";Privado_Privado;NPH;;;
1649478;L11_298;298;298;BOLÍVAR;MAGANGUÉ;"12/11/2025";"064-6352";"13430";"13430010200000399";;"134300102000003990001000000000";Desenglobe_Division_Material;"064-34772";Privado_Privado;NPH;;;
1649477;L11_299;299;299;BOLÍVAR;MAGANGUÉ;"12/11/2025";"064-6352";"13430";"13430010200000399";;"134300102000003990001000000000";Desenglobe_Division_Material;"064-34773";Privado_Privado;NPH;;;
1649481;L11_295;295;295;BOLÍVAR;MAGANGUÉ;"12/11/2025";"064-6352";"13430";"13430010200000399";;"134300102000003990001000000000";Desenglobe_Division_Material;"064-34774";Privado_Privado;NPH;;;
1649482;L11_294;294;294;BOLÍVAR;MAGANGUÉ;"12/11/2025";"064-6352";"13430";"13430010200000399";;"134300102000003990001000000000";Desenglobe_Division_Material;"064-34775";Privado_Privado;NPH;;;
1649483;L11_293;293;293;BOLÍVAR;MAGANGUÉ;"12/11/2025";"064-6352";"13430";"13430010200000399";;"134300102000003990001000000000";Desenglobe_Division_Material;"064-34776";Privado_Privado;NPH;;;
1649480;L11_296;296;296;BOLÍVAR;MAGANGUÉ;"12/11/2025";"064-6352";"13430";"13430010200000399";;"134300102000003990001000000000";Desenglobe_Division_Material;"064-34778";Privado_Privado;NPH;;;
1649479;L11_297;297;297;BOLÍVAR;MAGANGUÉ;"12/11/2025";"064-6352";"13430";"13430010200000399";;"134300102000003990001000000000";Desenglobe_Division_Material;"064-34779";Privado_Privado;NPH;;;
1649329;L11_366;366;366;BOLÍVAR;MAGANGUÉ;"12/11/2025";"064-32293";"13430";"13430010200000194";;"134300102000001940028000000000";Desenglobe_Division_Material;"064-34815";Privado_Privado;NPH;;;
1649328;L11_367;367;367;BOLÍVAR;MAGANGUÉ;"12/11/2025";"064-32293";"13430";"13430010200000194";;"134300102000001940028000000000";Desenglobe_Division_Material;"064-34816";Privado_Privado;NPH;;;
1649327;L11_368;368;368;BOLÍVAR;MAGANGUÉ;"12/11/2025";"064-32293";"13430";"13430010200000194";;"134300102000001940028000000000";Desenglobe_Division_Material;"064-34818";Privado_Privado;NPH;;;
1649326;L11_369;369;369;BOLÍVAR;MAGANGUÉ;"12/11/2025";"064-32293";"13430";"13430010200000194";;"134300102000001940028000000000";Desenglobe_Division_Material;"064-34820";Privado_Privado;NPH;;;
1649325;L11_370;370;370;BOLÍVAR;MAGANGUÉ;"12/11/2025";"064-32293";"13430";"13430010200000194";;"134300102000001940028000000000";Desenglobe_Division_Material;"064-34821";Privado_Privado;NPH;;;
1649324;L11_371;371;371;BOLÍVAR;MAGANGUÉ;"12/11/2025";"064-32293";"13430";"13430010200000194";;"134300102000001940028000000000";Desenglobe_Division_Material;"064-34822";Privado_Privado;NPH;;;
1649323;L11_372;372;372;BOLÍVAR;MAGANGUÉ;"12/11/2025";"064-32293";"13430";"13430010200000194";;"134300102000001940028000000000";Desenglobe_Division_Material;"064-34823";Privado_Privado;NPH;;;
1649457;L11_209;209;209;BOLÍVAR;MAGANGUÉ;"12/11/2025";"064-6395";"13430";"13430010200000354";;"134300102000003540001000000000";Desenglobe_Venta_Parcial;"064-34825";Privado_Privado;NPH;;;
1649455;L11_211;211;211;BOLÍVAR;MAGANGUÉ;"12/11/2025";"064-6395";"13430";"13430010200000354";;"134300102000003540001000000000";Desenglobe_Venta_Parcial;"064-34826";Privado_Privado;NPH;;;
1649461;L11_205;205;205;BOLÍVAR;MAGANGUÉ;"12/11/2025";"064-6395";"13430";"13430010200000354";;"134300102000003540001000000000";Desenglobe_Venta_Parcial;"064-34829";Privado_Privado;NPH;;;
1649459;L11_207;207;207;BOLÍVAR;MAGANGUÉ;"12/11/2025";"064-6395";"13430";"13430010200000354";;"134300102000003540001000000000";Desenglobe_Venta_Parcial;"064-34830";Privado_Privado;NPH;;;
1649456;L11_210;210;210;BOLÍVAR;MAGANGUÉ;"12/11/2025";"064-6395";"13430";"13430010200000354";;"134300102000003540001000000000";Desenglobe_Venta_Parcial;"064-34831";Privado_Privado;NPH;;;
1649463;L11_203;203;203;BOLÍVAR;MAGANGUÉ;"12/11/2025";"064-6395";"13430";"13430010200000354";;"134300102000003540001000000000";Desenglobe_Venta_Parcial;"064-34832";Privado_Privado;NPH;;;
1649476;L11_190;190;190;BOLÍVAR;MAGANGUÉ;"12/11/2025";"064-6395";"13430";"13430010200000354";;"134300102000003540001000000000";Desenglobe_Venta_Parcial;"064-34833";Privado_Privado;NPH;;;
1649470;L11_196;196;196;BOLÍVAR;MAGANGUÉ;"12/11/2025";"064-6395";"13430";"13430010200000354";;"134300102000003540001000000000";Desenglobe_Venta_Parcial;"064-34834";Privado_Privado;NPH;;;
1649467;L11_199;199;199;BOLÍVAR;MAGANGUÉ;"12/11/2025";"064-6395";"13430";"13430010200000354";;"134300102000003540001000000000";Desenglobe_Venta_Parcial;"064-34835";Privado_Privado;NPH;;;
1649468;L11_198;198;198;BOLÍVAR;MAGANGUÉ;"12/11/2025";"064-6395";"13430";"13430010200000354";;"134300102000003540001000000000";Desenglobe_Venta_Parcial;"064-34836";Privado_Privado;NPH;;;
1649475;L11_191;191;191;BOLÍVAR;MAGANGUÉ;"12/11/2025";"064-6395";"13430";"13430010200000354";;"134300102000003540001000000000";Desenglobe_Venta_Parcial;"064-34837";Privado_Privado;NPH;;;
1649471;L11_195;195;195;BOLÍVAR;MAGANGUÉ;"12/11/2025";"064-6395";"13430";"13430010200000354";;"134300102000003540001000000000";Desenglobe_Venta_Parcial;"064-34838";Privado_Privado;NPH;;;
1649460;L11_206;206;206;BOLÍVAR;MAGANGUÉ;"12/11/2025";"064-6395";"13430";"13430010200000354";;"134300102000003540001000000000";Desenglobe_Venta_Parcial;"064-34839";Privado_Privado;NPH;;;
1649458;L11_208;208;208;BOLÍVAR;MAGANGUÉ;"12/11/2025";"064-6395";"13430";"13430010200000354";;"134300102000003540001000000000";Desenglobe_Venta_Parcial;"064-34840";Privado_Privado;NPH;;;
1649474;L11_192;192;192;BOLÍVAR;MAGANGUÉ;"12/11/2025";"064-6395";"13430";"13430010200000354";;"134300102000003540001000000000";Desenglobe_Venta_Parcial;"064-34841";Privado_Privado;NPH;;;
1649462;L11_204;204;204;BOLÍVAR;MAGANGUÉ;"12/11/2025";"064-6395";"13430";"13430010200000354";;"134300102000003540001000000000";Desenglobe_Venta_Parcial;"064-34842";Privado_Privado;NPH;;;
1649466;L11_200;200;200;BOLÍVAR;MAGANGUÉ;"12/11/2025";"064-6395";"13430";"13430010200000354";;"134300102000003540001000000000";Desenglobe_Venta_Parcial;"064-34843";Privado_Privado;NPH;;;
1649465;L11_201;201;201;BOLÍVAR;MAGANGUÉ;"12/11/2025";"064-6395";"13430";"13430010200000354";;"134300102000003540001000000000";Desenglobe_Venta_Parcial;"064-34844";Privado_Privado;NPH;;;
1649469;L11_197;197;197;BOLÍVAR;MAGANGUÉ;"12/11/2025";"064-6395";"13430";"13430010200000354";;"134300102000003540001000000000";Desenglobe_Venta_Parcial;"064-34845";Privado_Privado;NPH;;;
1649472;L11_194;194;194;BOLÍVAR;MAGANGUÉ;"12/11/2025";"064-6395";"13430";"13430010200000354";;"134300102000003540001000000000";Desenglobe_Venta_Parcial;"064-34846";Privado_Privado;NPH;;;
1649464;L11_202;202;202;BOLÍVAR;MAGANGUÉ;"12/11/2025";"064-6395";"13430";"13430010200000354";;"134300102000003540001000000000";Desenglobe_Venta_Parcial;"064-34847";Privado_Privado;NPH;;;
1649473;L11_193;193;193;BOLÍVAR;MAGANGUÉ;"12/11/2025";"064-6395";"13430";"13430010200000354";;"134300102000003540001000000000";Desenglobe_Venta_Parcial;"064-34848";Privado_Privado;NPH;;;
1649570;L11_515;515;515;BOLÍVAR;MAGANGUÉ;"12/11/2025";;"13430";SIN NPN;;SIN NPN;Predio_Nuevo;"064-3486";Privado_Privado;NPH;;;
1649434;L11_344;344;344;BOLÍVAR;MAGANGUÉ;"12/11/2025";"064-21482";"13430";"13430010200000216";;"134300102000002160014000000000";Desenglobe_Division_Material;"064-34964";Privado_Privado;NPH;;;
1649433;L11_345;345;345;BOLÍVAR;MAGANGUÉ;"12/11/2025";"064-21482";"13430";"13430010200000216";;"134300102000002160014000000000";Desenglobe_Division_Material;"064-34965";Privado_Privado;NPH;;;
1649432;L11_346;346;346;BOLÍVAR;MAGANGUÉ;"12/11/2025";"064-21482";"13430";"13430010200000216";;"134300102000002160014000000000";Desenglobe_Division_Material;"064-34966";Privado_Privado;NPH;;;
1649701;L11_384;384;384;BOLÍVAR;MAGANGUÉ;"12/11/2025";;"13430";SIN NPN;;SIN NPN;Predio_Nuevo;"064-35026";Privado_Privado;NPH;;;
1649700;L11_385;385;385;BOLÍVAR;MAGANGUÉ;"12/11/2025";;"13430";SIN NPN;;SIN NPN;Predio_Nuevo;"064-35063";Privado_Privado;NPH;;;
1649699;L11_386;386;386;BOLÍVAR;MAGANGUÉ;"12/11/2025";;"13430";SIN NPN;;SIN NPN;Predio_Nuevo;"064-35068";Privado_Privado;NPH;;;
1649446;L11_231;231;231;BOLÍVAR;MAGANGUÉ;"12/11/2025";"064-6357";"13430";"13430010200000401";;"134300102000004010001000000000";Desenglobe_Division_Material;"064-35158";Privado_Privado;NPH;;;
1649445;L11_232;232;232;BOLÍVAR;MAGANGUÉ;"12/11/2025";"064-6357";"13430";"13430010200000401";;"134300102000004010001000000000";Desenglobe_Division_Material;"064-35159";Privado_Privado;NPH;;;
1649444;L11_233;233;233;BOLÍVAR;MAGANGUÉ;"12/11/2025";"064-6357";"13430";"13430010200000401";;"134300102000004010001000000000";Desenglobe_Division_Material;"064-35160";Privado_Privado;NPH;;;
1649443;L11_234;234;234;BOLÍVAR;MAGANGUÉ;"12/11/2025";"064-6357";"13430";"13430010200000401";;"134300102000004010001000000000";Desenglobe_Division_Material;"064-35161";Privado_Privado;NPH;;;
1649442;L11_235;235;235;BOLÍVAR;MAGANGUÉ;"12/11/2025";"064-6357";"13430";"13430010200000401";;"134300102000004010001000000000";Desenglobe_Division_Material;"064-35162";Privado_Privado;NPH;;;
1649441;L11_236;236;236;BOLÍVAR;MAGANGUÉ;"12/11/2025";"064-6357";"13430";"13430010200000401";;"134300102000004010001000000000";Desenglobe_Division_Material;"064-35163";Privado_Privado;NPH;;;
1649440;L11_237;237;237;BOLÍVAR;MAGANGUÉ;"12/11/2025";"064-6357";"13430";"13430010200000401";;"134300102000004010001000000000";Desenglobe_Division_Material;"064-35164";Privado_Privado;NPH;;;
1649439;L11_238;238;238;BOLÍVAR;MAGANGUÉ;"12/11/2025";"064-6357";"13430";"13430010200000401";;"134300102000004010001000000000";Desenglobe_Division_Material;"064-35165";Privado_Privado;NPH;;;
1649438;L11_239;239;239;BOLÍVAR;MAGANGUÉ;"12/11/2025";"064-6357";"13430";"13430010200000401";;"134300102000004010001000000000";Desenglobe_Division_Material;"064-35166";Privado_Privado;NPH;;;
1649437;L11_240;240;240;BOLÍVAR;MAGANGUÉ;"12/11/2025";"064-6357";"13430";"13430010200000401";;"134300102000004010001000000000";Desenglobe_Division_Material;"064-35167";Privado_Privado;NPH;;;
1649436;L11_241;241;241;BOLÍVAR;MAGANGUÉ;"12/11/2025";"064-6357";"13430";"13430010200000401";;"134300102000004010001000000000";Desenglobe_Division_Material;"064-35168";Privado_Privado;NPH;;;
1649435;L11_242;242;242;BOLÍVAR;MAGANGUÉ;"12/11/2025";"064-6357";"13430";"13430010200000401";;"134300102000004010001000000000";Desenglobe_Division_Material;"064-35169";Privado_Privado;NPH;;;
1465004;"14085658";315;315;BOLÍVAR;MAGANGUÉ;"12/11/2025";"064-35190";"13430";"13430010200000287";;"134300102000002870007000000000";Cancelacion_por_Desenglobe;;;;;;
1649488;L11_348;348;348;BOLÍVAR;MAGANGUÉ;"12/11/2025";"064-34127";"13430";"13430010200000540";;"134300102000005400005000000000";Desenglobe_Division_Material;"064-35193";Privado_Privado;NPH;;;
1649487;L11_349;349;349;BOLÍVAR;MAGANGUÉ;"12/11/2025";"064-34127";"13430";"13430010200000540";;"134300102000005400005000000000";Desenglobe_Division_Material;"064-35194";Privado_Privado;NPH;;;
1649486;L11_350;350;350;BOLÍVAR;MAGANGUÉ;"12/11/2025";"064-34127";"13430";"13430010200000540";;"134300102000005400005000000000";Desenglobe_Division_Material;"064-35195";Privado_Privado;NPH;;;
1649485;L11_351;351;351;BOLÍVAR;MAGANGUÉ;"12/11/2025";"064-34127";"13430";"13430010200000540";;"134300102000005400005000000000";Desenglobe_Division_Material;"064-35196";Privado_Privado;NPH;;;
1649484;L11_352;352;352;BOLÍVAR;MAGANGUÉ;"12/11/2025";"064-34127";"13430";"13430010200000540";;"134300102000005400005000000000";Desenglobe_Division_Material;"064-35197";Privado_Privado;NPH;;;
1649334;L11_354;354;354;BOLÍVAR;MAGANGUÉ;"12/11/2025";"064-34126";"13430";"13430010200000540";;"134300102000005400004000000000";Desenglobe_Division_Material;"064-35198";Privado_Privado;NPH;;;
1649333;L11_355;355;355;BOLÍVAR;MAGANGUÉ;"12/11/2025";"064-34126";"13430";"13430010200000540";;"134300102000005400004000000000";Desenglobe_Division_Material;"064-35199";Privado_Privado;NPH;;;
1649332;L11_356;356;356;BOLÍVAR;MAGANGUÉ;"12/11/2025";"064-34126";"13430";"13430010200000540";;"134300102000005400004000000000";Desenglobe_Division_Material;"064-35200";Privado_Privado;NPH;;;
1649331;L11_357;357;357;BOLÍVAR;MAGANGUÉ;"12/11/2025";"064-34126";"13430";"13430010200000540";;"134300102000005400004000000000";Desenglobe_Division_Material;"064-35201";Privado_Privado;NPH;;;
1649330;L11_358;358;358;BOLÍVAR;MAGANGUÉ;"12/11/2025";"064-34126";"13430";"13430010200000540";;"134300102000005400004000000000";Desenglobe_Division_Material;"064-35202";Privado_Privado;NPH;;;
1649516;L11_569;569;569;BOLÍVAR;MAGANGUÉ;"12/11/2025";;"13430";SIN NPN;;SIN NPN;Predio_Nuevo;"064-3533";Privado_Privado;NPH;;;
1649698;L11_387;387;387;BOLÍVAR;MAGANGUÉ;"12/11/2025";;"13430";SIN NPN;;SIN NPN;Predio_Nuevo;"064-35451";Privado_Privado;NPH;;;
1649697;L11_388;388;388;BOLÍVAR;MAGANGUÉ;"12/11/2025";;"13430";SIN NPN;;SIN NPN;Predio_Nuevo;"064-35459";Privado_Privado;NPH;;;
1649491;L11_316;316;316;BOLÍVAR;MAGANGUÉ;"12/11/2025";"064-35190";"13430";"13430010200000287";;"134300102000002870007000000000";Desenglobe_Division_Material;"064-36336";Privado_Privado;NPH;;;
1649490;L11_317;317;317;BOLÍVAR;MAGANGUÉ;"12/11/2025";"064-35190";"13430";"13430010200000287";;"134300102000002870007000000000";Desenglobe_Division_Material;"064-36337";Privado_Privado;NPH;;;
1649489;L11_318;318;318;BOLÍVAR;MAGANGUÉ;"12/11/2025";"064-35190";"13430";"13430010200000287";;"134300102000002870007000000000";Desenglobe_Division_Material;"064-36338";Privado_Privado;NPH;;;
1649569;L11_516;516;516;BOLÍVAR;MAGANGUÉ;"12/11/2025";;"13430";SIN NPN;;SIN NPN;Predio_Nuevo;"064-3653";Privado_Privado;NPH;;;
1649696;L11_389;389;389;BOLÍVAR;MAGANGUÉ;"12/11/2025";;"13430";SIN NPN;;SIN NPN;Predio_Nuevo;"064-36582";Privado_Privado;NPH;;;
1649695;L11_390;390;390;BOLÍVAR;MAGANGUÉ;"12/11/2025";;"13430";SIN NPN;;SIN NPN;Predio_Nuevo;"064-36654";Privado_Privado;NPH;;;
1649184;L11_267;267;267;BOLÍVAR;MAGANGUÉ;"12/11/2025";"064-36998";"13430";SIN NPN;;SIN NPN;Cancelacion_por_Desenglobe;;;;;;
1649184;L11_267;255;255;BOLÍVAR;MAGANGUÉ;"12/11/2025";"064-6368";"13430";"13430010200000404";;"134300102000004040001000000000";Desenglobe_Division_Material;"064-36998";Privado_Privado;NPH;;;
1649299;L11_252;252;252;BOLÍVAR;MAGANGUÉ;"12/11/2025";"064-6368";"13430";"13430010200000404";;"134300102000004040001000000000";Desenglobe_Division_Material;"064-36999";Privado_Privado;NPH;;;
1649298;L11_253;253;253;BOLÍVAR;MAGANGUÉ;"12/11/2025";"064-6368";"13430";"13430010200000404";;"134300102000004040001000000000";Desenglobe_Division_Material;"064-37000";Privado_Privado;NPH;;;
1649297;L11_254;254;254;BOLÍVAR;MAGANGUÉ;"12/11/2025";"064-6368";"13430";"13430010200000404";;"134300102000004040001000000000";Desenglobe_Division_Material;"064-37001";Privado_Privado;NPH;;;
1649300;L11_251;251;251;BOLÍVAR;MAGANGUÉ;"12/11/2025";"064-6368";"13430";"13430010200000404";;"134300102000004040001000000000";Desenglobe_Division_Material;"064-37002";Privado_Privado;NPH;;;
1649301;L11_250;250;250;BOLÍVAR;MAGANGUÉ;"12/11/2025";"064-6368";"13430";"13430010200000404";;"134300102000004040001000000000";Desenglobe_Division_Material;"064-37003";Privado_Privado;NPH;;;
1649302;L11_249;249;249;BOLÍVAR;MAGANGUÉ;"12/11/2025";"064-6368";"13430";"13430010200000404";;"134300102000004040001000000000";Desenglobe_Division_Material;"064-37004";Privado_Privado;NPH;;;
1649306;L11_245;245;245;BOLÍVAR;MAGANGUÉ;"12/11/2025";"064-6368";"13430";"13430010200000404";;"134300102000004040001000000000";Desenglobe_Division_Material;"064-37005";Privado_Privado;NPH;;;
1649307;L11_244;244;244;BOLÍVAR;MAGANGUÉ;"12/11/2025";"064-6368";"13430";"13430010200000404";;"134300102000004040001000000000";Desenglobe_Division_Material;"064-37006";Privado_Privado;NPH;;;
1649304;L11_247;247;247;BOLÍVAR;MAGANGUÉ;"12/11/2025";"064-6368";"13430";"13430010200000404";;"134300102000004040001000000000";Desenglobe_Division_Material;"064-37007";Privado_Privado;NPH;;;
1649305;L11_246;246;246;BOLÍVAR;MAGANGUÉ;"12/11/2025";"064-6368";"13430";"13430010200000404";;"134300102000004040001000000000";Desenglobe_Division_Material;"064-37008";Privado_Privado;NPH;;;
1649303;L11_248;248;248;BOLÍVAR;MAGANGUÉ;"12/11/2025";"064-6368";"13430";"13430010200000404";;"134300102000004040001000000000";Desenglobe_Division_Material;"064-37009";Privado_Privado;NPH;;;
1649694;L11_391;391;391;BOLÍVAR;MAGANGUÉ;"12/11/2025";;"13430";SIN NPN;;SIN NPN;Predio_Nuevo;"064-37011";Privado_Privado;NPH;;;
1649568;L11_517;517;517;BOLÍVAR;MAGANGUÉ;"12/11/2025";;"13430";SIN NPN;;SIN NPN;Predio_Nuevo;"064-37053";Privado_Privado;NPH;;;
1649693;L11_392;392;392;BOLÍVAR;MAGANGUÉ;"12/11/2025";;"13430";SIN NPN;;SIN NPN;Predio_Nuevo;"064-37103";Privado_Privado;NPH;;;
1649567;L11_518;518;518;BOLÍVAR;MAGANGUÉ;"12/11/2025";;"13430";SIN NPN;;SIN NPN;Predio_Nuevo;"064-37529";Privado_Privado;NPH;;;
1649692;L11_393;393;393;BOLÍVAR;MAGANGUÉ;"12/11/2025";;"13430";SIN NPN;;SIN NPN;Predio_Nuevo;"064-37959";Privado_Privado;NPH;;;
1649691;L11_394;394;394;BOLÍVAR;MAGANGUÉ;"12/11/2025";;"13430";SIN NPN;;SIN NPN;Predio_Nuevo;"064-37960";Privado_Privado;NPH;;;
1649566;L11_519;519;519;BOLÍVAR;MAGANGUÉ;"12/11/2025";;"13430";SIN NPN;;SIN NPN;Predio_Nuevo;"064-3826";Privado_Privado;NPH;;;
1649690;L11_395;395;395;BOLÍVAR;MAGANGUÉ;"12/11/2025";;"13430";SIN NPN;;SIN NPN;Predio_Nuevo;"064-38466";Privado_Privado;NPH;;;
1649343;L11_312;312;312;BOLÍVAR;MAGANGUÉ;"12/11/2025";"064-6340";"13430";"13430010200000395";;"134300102000003950001000000000";Desenglobe_Division_Material;"064-38467";Privado_Privado;NPH;;;
1649342;L11_313;313;313;BOLÍVAR;MAGANGUÉ;"12/11/2025";"064-6340";"13430";"13430010200000395";;"134300102000003950001000000000";Desenglobe_Division_Material;"064-38468";Privado_Privado;NPH;;;
1649341;L11_314;314;314;BOLÍVAR;MAGANGUÉ;"12/11/2025";"064-6340";"13430";"13430010200000395";;"134300102000003950001000000000";Desenglobe_Division_Material;"064-38469";Privado_Privado;NPH;;;
1649689;L11_396;396;396;BOLÍVAR;MAGANGUÉ;"12/11/2025";;"13430";SIN NPN;;SIN NPN;Predio_Nuevo;"064-38484";Privado_Privado;NPH;;;
1649688;L11_397;397;397;BOLÍVAR;MAGANGUÉ;"12/11/2025";;"13430";SIN NPN;;SIN NPN;Predio_Nuevo;"064-38485";Privado_Privado;NPH;;;
1649687;L11_398;398;398;BOLÍVAR;MAGANGUÉ;"12/11/2025";;"13430";SIN NPN;;SIN NPN;Predio_Nuevo;"064-38503";Privado_Privado;NPH;;;
1649686;L11_399;399;399;BOLÍVAR;MAGANGUÉ;"12/11/2025";;"13430";SIN NPN;;SIN NPN;Predio_Nuevo;"064-38505";Privado_Privado;NPH;;;
1172514;"14173716";126;126;BOLÍVAR;MAGANGUÉ;"12/11/2025";"064-38999";"13430";"13430010200000167";;"134300102000001670029000000000";Cancelacion_por_Desenglobe;;;;;;
1649182;L11_144;144;144;BOLÍVAR;MAGANGUÉ;"12/11/2025";"064-39001";"13430";SIN NPN;;SIN NPN;Cancelacion_por_Desenglobe;;;;;;
1649182;L11_144;127;127;BOLÍVAR;MAGANGUÉ;"12/11/2025";"064-38999";"13430";"13430010200000167";;"134300102000001670029000000000";Desenglobe_Division_Material;"064-39001";Privado_Privado;NPH;;;
1649178;L11_134;131;131;BOLÍVAR;MAGANGUÉ;"12/11/2025";"064-38999";"13430";"13430010200000167";;"134300102000001670029000000000";Desenglobe_Division_Material;"064-39002";Privado_Privado;NPH;;;
1649178;L11_134;134;134;BOLÍVAR;MAGANGUÉ;"12/11/2025";"064-39002";"13430";SIN NPN;;SIN NPN;Cancelacion_por_Desenglobe;;;;;;
1649183;L11_151;151;151;BOLÍVAR;MAGANGUÉ;"12/11/2025";"064-39003";"13430";SIN NPN;;SIN NPN;Cancelacion_por_Desenglobe;;;;;;
1649183;L11_151;132;132;BOLÍVAR;MAGANGUÉ;"12/11/2025";"064-38999";"13430";"13430010200000167";;"134300102000001670029000000000";Desenglobe_Division_Material;"064-39003";Privado_Privado;NPH;;;
1649181;L11_170;130;130;BOLÍVAR;MAGANGUÉ;"12/11/2025";"064-38999";"13430";"13430010200000167";;"134300102000001670029000000000";Desenglobe_Division_Material;"064-39004";Privado_Privado;NPH;;;
1649181;L11_170;170;170;BOLÍVAR;MAGANGUÉ;"12/11/2025";"064-39004";"13430";SIN NPN;;SIN NPN;Cancelacion_por_Desenglobe;;;;;;
1649185;L11_180;180;180;BOLÍVAR;MAGANGUÉ;"12/11/2025";"064-39005";"13430";SIN NPN;;SIN NPN;Cancelacion_por_Desenglobe;;;;;;
1649185;L11_180;128;128;BOLÍVAR;MAGANGUÉ;"12/11/2025";"064-38999";"13430";"13430010200000167";;"134300102000001670029000000000";Desenglobe_Division_Material;"064-39005";Privado_Privado;NPH;;;
1649426;L11_129;129;129;BOLÍVAR;MAGANGUÉ;"12/11/2025";"064-38999";"13430";"13430010200000167";;"134300102000001670029000000000";Desenglobe_Division_Material;"064-39006";Privado_Privado;NPH;;;
1649425;L11_133;133;133;BOLÍVAR;MAGANGUÉ;"12/11/2025";"064-38999";"13430";"13430010200000167";;"134300102000001670029000000000";Desenglobe_Division_Material;"064-39007";Privado_Privado;NPH;;;
1649234;L11_148;148;148;BOLÍVAR;MAGANGUÉ;"12/11/2025";"064-39001";"13430";SIN NPN;;SIN NPN;Desenglobe_Division_Material;"064-39008";Privado_Privado;NPH;;;
1649232;L11_150;150;150;BOLÍVAR;MAGANGUÉ;"12/11/2025";"064-39001";"13430";SIN NPN;;SIN NPN;Desenglobe_Division_Material;"064-39009";Privado_Privado;NPH;;;
1649233;L11_149;149;149;BOLÍVAR;MAGANGUÉ;"12/11/2025";"064-39001";"13430";SIN NPN;;SIN NPN;Desenglobe_Division_Material;"064-39010";Privado_Privado;NPH;;;
1649235;L11_147;147;147;BOLÍVAR;MAGANGUÉ;"12/11/2025";"064-39001";"13430";SIN NPN;;SIN NPN;Desenglobe_Division_Material;"064-39011";Privado_Privado;NPH;;;
1649236;L11_146;146;146;BOLÍVAR;MAGANGUÉ;"12/11/2025";"064-39001";"13430";SIN NPN;;SIN NPN;Desenglobe_Division_Material;"064-39012";Privado_Privado;NPH;;;
1649237;L11_145;145;145;BOLÍVAR;MAGANGUÉ;"12/11/2025";"064-39001";"13430";SIN NPN;;SIN NPN;Desenglobe_Division_Material;"064-39013";Privado_Privado;NPH;;;
1649209;L11_140;140;140;BOLÍVAR;MAGANGUÉ;"12/11/2025";"064-39002";"13430";SIN NPN;;SIN NPN;Desenglobe_Division_Material;"064-39014";Privado_Privado;NPH;;;
1649208;L11_141;141;141;BOLÍVAR;MAGANGUÉ;"12/11/2025";"064-39002";"13430";SIN NPN;;SIN NPN;Desenglobe_Division_Material;"064-39015";Privado_Privado;NPH;;;
1649207;L11_142;142;142;BOLÍVAR;MAGANGUÉ;"12/11/2025";"064-39002";"13430";SIN NPN;;SIN NPN;Desenglobe_Division_Material;"064-39016";Privado_Privado;NPH;;;
1649206;L11_143;143;143;BOLÍVAR;MAGANGUÉ;"12/11/2025";"064-39002";"13430";SIN NPN;;SIN NPN;Desenglobe_Division_Material;"064-39017";Privado_Privado;NPH;;;
1649210;L11_139;139;139;BOLÍVAR;MAGANGUÉ;"12/11/2025";"064-39002";"13430";SIN NPN;;SIN NPN;Desenglobe_Division_Material;"064-39018";Privado_Privado;NPH;;;
1649212;L11_137;137;137;BOLÍVAR;MAGANGUÉ;"12/11/2025";"064-39002";"13430";SIN NPN;;SIN NPN;Desenglobe_Division_Material;"064-39019";Privado_Privado;NPH;;;
1649213;L11_136;136;136;BOLÍVAR;MAGANGUÉ;"12/11/2025";"064-39002";"13430";SIN NPN;;SIN NPN;Desenglobe_Division_Material;"064-39020";Privado_Privado;NPH;;;
1649211;L11_138;138;138;BOLÍVAR;MAGANGUÉ;"12/11/2025";"064-39002";"13430";SIN NPN;;SIN NPN;Desenglobe_Division_Material;"064-39021";Privado_Privado;NPH;;;
1649214;L11_135;135;135;BOLÍVAR;MAGANGUÉ;"12/11/2025";"064-39002";"13430";SIN NPN;;SIN NPN;Desenglobe_Division_Material;"064-39022";Privado_Privado;NPH;;;
1649246;L11_161;161;161;BOLÍVAR;MAGANGUÉ;"12/11/2025";"064-39003";"13430";SIN NPN;;SIN NPN;Desenglobe_Division_Material;"064-39023";Privado_Privado;NPH;;;
1649247;L11_160;160;160;BOLÍVAR;MAGANGUÉ;"12/11/2025";"064-39003";"13430";SIN NPN;;SIN NPN;Desenglobe_Division_Material;"064-39024";Privado_Privado;NPH;;;
1649248;L11_159;159;159;BOLÍVAR;MAGANGUÉ;"12/11/2025";"064-39003";"13430";SIN NPN;;SIN NPN;Desenglobe_Division_Material;"064-39025";Privado_Privado;NPH;;;
1649249;L11_158;158;158;BOLÍVAR;MAGANGUÉ;"12/11/2025";"064-39003";"13430";SIN NPN;;SIN NPN;Desenglobe_Division_Material;"064-39026";Privado_Privado;NPH;;;
1649250;L11_157;157;157;BOLÍVAR;MAGANGUÉ;"12/11/2025";"064-39003";"13430";SIN NPN;;SIN NPN;Desenglobe_Division_Material;"064-39027";Privado_Privado;NPH;;;
1649245;L11_162;162;162;BOLÍVAR;MAGANGUÉ;"12/11/2025";"064-39003";"13430";SIN NPN;;SIN NPN;Desenglobe_Division_Material;"064-39028";Privado_Privado;NPH;;;
1649244;L11_163;163;163;BOLÍVAR;MAGANGUÉ;"12/11/2025";"064-39003";"13430";SIN NPN;;SIN NPN;Desenglobe_Division_Material;"064-39029";Privado_Privado;NPH;;;
1649240;L11_167;167;167;BOLÍVAR;MAGANGUÉ;"12/11/2025";"064-39003";"13430";SIN NPN;;SIN NPN;Desenglobe_Division_Material;"064-39030";Privado_Privado;NPH;;;
1649243;L11_164;164;164;BOLÍVAR;MAGANGUÉ;"12/11/2025";"064-39003";"13430";SIN NPN;;SIN NPN;Desenglobe_Division_Material;"064-39031";Privado_Privado;NPH;;;
1649241;L11_166;166;166;BOLÍVAR;MAGANGUÉ;"12/11/2025";"064-39003";"13430";SIN NPN;;SIN NPN;Desenglobe_Division_Material;"064-39032";Privado_Privado;NPH;;;
1649242;L11_165;165;165;BOLÍVAR;MAGANGUÉ;"12/11/2025";"064-39003";"13430";SIN NPN;;SIN NPN;Desenglobe_Division_Material;"064-39033";Privado_Privado;NPH;;;
1649239;L11_168;168;168;BOLÍVAR;MAGANGUÉ;"12/11/2025";"064-39003";"13430";SIN NPN;;SIN NPN;Desenglobe_Division_Material;"064-39034";Privado_Privado;NPH;;;
1649251;L11_156;156;156;BOLÍVAR;MAGANGUÉ;"12/11/2025";"064-39003";"13430";SIN NPN;;SIN NPN;Desenglobe_Division_Material;"064-39035";Privado_Privado;NPH;;;
1649252;L11_155;155;155;BOLÍVAR;MAGANGUÉ;"12/11/2025";"064-39003";"13430";SIN NPN;;SIN NPN;Desenglobe_Division_Material;"064-39036";Privado_Privado;NPH;;;
1649253;L11_154;154;154;BOLÍVAR;MAGANGUÉ;"12/11/2025";"064-39003";"13430";SIN NPN;;SIN NPN;Desenglobe_Division_Material;"064-39037";Privado_Privado;NPH;;;
1649255;L11_152;152;152;BOLÍVAR;MAGANGUÉ;"12/11/2025";"064-39003";"13430";SIN NPN;;SIN NPN;Desenglobe_Division_Material;"064-39038";Privado_Privado;NPH;;;
1649254;L11_153;153;153;BOLÍVAR;MAGANGUÉ;"12/11/2025";"064-39003";"13430";SIN NPN;;SIN NPN;Desenglobe_Division_Material;"064-39039";Privado_Privado;NPH;;;
1649238;L11_169;169;169;BOLÍVAR;MAGANGUÉ;"12/11/2025";"064-39003";"13430";SIN NPN;;SIN NPN;Desenglobe_Division_Material;"064-39040";Privado_Privado;NPH;;;
1649231;L11_171;171;171;BOLÍVAR;MAGANGUÉ;"12/11/2025";"064-39004";"13430";SIN NPN;;SIN NPN;Desenglobe_Division_Material;"064-39041";Privado_Privado;NPH;;;
1649224;L11_178;178;178;BOLÍVAR;MAGANGUÉ;"12/11/2025";"064-39004";"13430";SIN NPN;;SIN NPN;Desenglobe_Division_Material;"064-39042";Privado_Privado;NPH;;;
1649223;L11_179;179;179;BOLÍVAR;MAGANGUÉ;"12/11/2025";"064-39004";"13430";SIN NPN;;SIN NPN;Desenglobe_Division_Material;"064-39043";Privado_Privado;NPH;;;
1649227;L11_175;175;175;BOLÍVAR;MAGANGUÉ;"12/11/2025";"064-39004";"13430";SIN NPN;;SIN NPN;Desenglobe_Division_Material;"064-39044";Privado_Privado;NPH;;;
1649229;L11_173;173;173;BOLÍVAR;MAGANGUÉ;"12/11/2025";"064-39004";"13430";SIN NPN;;SIN NPN;Desenglobe_Division_Material;"064-39045";Privado_Privado;NPH;;;
1649230;L11_172;172;172;BOLÍVAR;MAGANGUÉ;"12/11/2025";"064-39004";"13430";SIN NPN;;SIN NPN;Desenglobe_Division_Material;"064-39046";Privado_Privado;NPH;;;
1649226;L11_176;176;176;BOLÍVAR;MAGANGUÉ;"12/11/2025";"064-39004";"13430";SIN NPN;;SIN NPN;Desenglobe_Division_Material;"064-39047";Privado_Privado;NPH;;;
1649228;L11_174;174;174;BOLÍVAR;MAGANGUÉ;"12/11/2025";"064-39004";"13430";SIN NPN;;SIN NPN;Desenglobe_Division_Material;"064-39048";Privado_Privado;NPH;;;
1649225;L11_177;177;177;BOLÍVAR;MAGANGUÉ;"12/11/2025";"064-39004";"13430";SIN NPN;;SIN NPN;Desenglobe_Division_Material;"064-39049";Privado_Privado;NPH;;;
1649268;L11_187;187;187;BOLÍVAR;MAGANGUÉ;"12/11/2025";"064-39005";"13430";SIN NPN;;SIN NPN;Desenglobe_Division_Material;"064-39050";Privado_Privado;NPH;;;
1649267;L11_188;188;188;BOLÍVAR;MAGANGUÉ;"12/11/2025";"064-39005";"13430";SIN NPN;;SIN NPN;Desenglobe_Division_Material;"064-39051";Privado_Privado;NPH;;;
1649266;L11_189;189;189;BOLÍVAR;MAGANGUÉ;"12/11/2025";"064-39005";"13430";SIN NPN;;SIN NPN;Desenglobe_Division_Material;"064-39052";Privado_Privado;NPH;;;
1649273;L11_182;182;182;BOLÍVAR;MAGANGUÉ;"12/11/2025";"064-39005";"13430";SIN NPN;;SIN NPN;Desenglobe_Division_Material;"064-39053";Privado_Privado;NPH;;;
1649270;L11_185;185;185;BOLÍVAR;MAGANGUÉ;"12/11/2025";"064-39005";"13430";SIN NPN;;SIN NPN;Desenglobe_Division_Material;"064-39054";Privado_Privado;NPH;;;
1649271;L11_184;184;184;BOLÍVAR;MAGANGUÉ;"12/11/2025";"064-39005";"13430";SIN NPN;;SIN NPN;Desenglobe_Division_Material;"064-39055";Privado_Privado;NPH;;;
1649274;L11_181;181;181;BOLÍVAR;MAGANGUÉ;"12/11/2025";"064-39005";"13430";SIN NPN;;SIN NPN;Desenglobe_Division_Material;"064-39056";Privado_Privado;NPH;;;
1649272;L11_183;183;183;BOLÍVAR;MAGANGUÉ;"12/11/2025";"064-39005";"13430";SIN NPN;;SIN NPN;Desenglobe_Division_Material;"064-39057";Privado_Privado;NPH;;;
1649269;L11_186;186;186;BOLÍVAR;MAGANGUÉ;"12/11/2025";"064-39005";"13430";SIN NPN;;SIN NPN;Desenglobe_Division_Material;"064-39058";Privado_Privado;NPH;;;
1649454;L11_599;599;599;BOLÍVAR;MAGANGUÉ;"12/11/2025";"064-4194";"13430";"13430010100000336";;"134300101000003360005000000000";Desenglobe_Division_Material;"064-39084";Privado_Privado;NPH;;;
1649453;L11_600;600;600;BOLÍVAR;MAGANGUÉ;"12/11/2025";"064-4194";"13430";"13430010100000336";;"134300101000003360005000000000";Desenglobe_Division_Material;"064-39085";Privado_Privado;NPH;;;
1649412;L11_70;70;70;BOLÍVAR;MAGANGUÉ;"12/11/2025";"064-6387";"13430";"13430010200000365";;"134300102000003650001000000000";Desenglobe_Division_Material;"064-39124";Privado_Privado;NPH;"120";;
1649411;L11_71;71;71;BOLÍVAR;MAGANGUÉ;"12/11/2025";"064-6387";"13430";"13430010200000365";;"134300102000003650001000000000";Desenglobe_Division_Material;"064-39125";Privado_Privado;NPH;"105";;
1649410;L11_72;72;72;BOLÍVAR;MAGANGUÉ;"12/11/2025";"064-6387";"13430";"13430010200000365";;"134300102000003650001000000000";Desenglobe_Division_Material;"064-39126";Privado_Privado;NPH;"105";;
1649409;L11_73;73;73;BOLÍVAR;MAGANGUÉ;"12/11/2025";"064-6387";"13430";"13430010200000365";;"134300102000003650001000000000";Desenglobe_Division_Material;"064-39127";Privado_Privado;NPH;"105";;
1649408;L11_74;74;74;BOLÍVAR;MAGANGUÉ;"12/11/2025";"064-6387";"13430";"13430010200000365";;"134300102000003650001000000000";Desenglobe_Division_Material;"064-39128";Privado_Privado;NPH;"105";;
1649407;L11_75;75;75;BOLÍVAR;MAGANGUÉ;"12/11/2025";"064-6387";"13430";"13430010200000365";;"134300102000003650001000000000";Desenglobe_Division_Material;"064-39129";Privado_Privado;NPH;"105";;
1649406;L11_76;76;76;BOLÍVAR;MAGANGUÉ;"12/11/2025";"064-6387";"13430";"13430010200000365";;"134300102000003650001000000000";Desenglobe_Division_Material;"064-39130";Privado_Privado;NPH;"105";;
1649405;L11_77;77;77;BOLÍVAR;MAGANGUÉ;"12/11/2025";"064-6387";"13430";"13430010200000365";;"134300102000003650001000000000";Desenglobe_Division_Material;"064-39131";Privado_Privado;NPH;"105";;
1649404;L11_78;78;78;BOLÍVAR;MAGANGUÉ;"12/11/2025";"064-6387";"13430";"13430010200000365";;"134300102000003650001000000000";Desenglobe_Division_Material;"064-39132";Privado_Privado;NPH;"105";;
1649403;L11_79;79;79;BOLÍVAR;MAGANGUÉ;"12/11/2025";"064-6387";"13430";"13430010200000365";;"134300102000003650001000000000";Desenglobe_Division_Material;"064-39133";Privado_Privado;NPH;"105";;
1649402;L11_80;80;80;BOLÍVAR;MAGANGUÉ;"12/11/2025";"064-6387";"13430";"13430010200000365";;"134300102000003650001000000000";Desenglobe_Division_Material;"064-39134";Privado_Privado;NPH;"105";;
1649401;L11_81;81;81;BOLÍVAR;MAGANGUÉ;"12/11/2025";"064-6387";"13430";"13430010200000365";;"134300102000003650001000000000";Desenglobe_Division_Material;"064-39135";Privado_Privado;NPH;"120";;
1649400;L11_82;82;82;BOLÍVAR;MAGANGUÉ;"12/11/2025";"064-6387";"13430";"13430010200000365";;"134300102000003650001000000000";Desenglobe_Division_Material;"064-39136";Privado_Privado;NPH;"105";;
1649399;L11_83;83;83;BOLÍVAR;MAGANGUÉ;"12/11/2025";"064-6387";"13430";"13430010200000365";;"134300102000003650001000000000";Desenglobe_Division_Material;"064-39137";Privado_Privado;NPH;"105";;
1649398;L11_84;84;84;BOLÍVAR;MAGANGUÉ;"12/11/2025";"064-6387";"13430";"13430010200000365";;"134300102000003650001000000000";Desenglobe_Division_Material;"064-39138";Privado_Privado;NPH;"120";;
1649397;L11_85;85;85;BOLÍVAR;MAGANGUÉ;"12/11/2025";"064-6387";"13430";"13430010200000365";;"134300102000003650001000000000";Desenglobe_Division_Material;"064-39139";Privado_Privado;NPH;"105";;
1649396;L11_86;86;86;BOLÍVAR;MAGANGUÉ;"12/11/2025";"064-6387";"13430";"13430010200000365";;"134300102000003650001000000000";Desenglobe_Division_Material;"064-39140";Privado_Privado;NPH;"105,0";;
1649395;L11_87;87;87;BOLÍVAR;MAGANGUÉ;"12/11/2025";"064-6387";"13430";"13430010200000365";;"134300102000003650001000000000";Desenglobe_Division_Material;"064-39141";Privado_Privado;NPH;"105,0";;
1649394;L11_88;88;88;BOLÍVAR;MAGANGUÉ;"12/11/2025";"064-6387";"13430";"13430010200000365";;"134300102000003650001000000000";Desenglobe_Division_Material;"064-39142";Privado_Privado;NPH;"105,0";;
1649393;L11_89;89;89;BOLÍVAR;MAGANGUÉ;"12/11/2025";"064-6387";"13430";"13430010200000365";;"134300102000003650001000000000";Desenglobe_Division_Material;"064-39143";Privado_Privado;NPH;"105,0";;
1649392;L11_90;90;90;BOLÍVAR;MAGANGUÉ;"12/11/2025";"064-6387";"13430";"13430010200000365";;"134300102000003650001000000000";Desenglobe_Division_Material;"064-39144";Privado_Privado;NPH;"105,0";;
1649391;L11_91;91;91;BOLÍVAR;MAGANGUÉ;"12/11/2025";"064-6387";"13430";"13430010200000365";;"134300102000003650001000000000";Desenglobe_Division_Material;"064-39145";Privado_Privado;NPH;"105,0";;
1649390;L11_92;92;92;BOLÍVAR;MAGANGUÉ;"12/11/2025";"064-6387";"13430";"13430010200000365";;"134300102000003650001000000000";Desenglobe_Division_Material;"064-39146";Privado_Privado;NPH;"105,0";;
1649389;L11_93;93;93;BOLÍVAR;MAGANGUÉ;"12/11/2025";"064-6387";"13430";"13430010200000365";;"134300102000003650001000000000";Desenglobe_Division_Material;"064-39147";Privado_Privado;NPH;"105,0";;
1649388;L11_94;94;94;BOLÍVAR;MAGANGUÉ;"12/11/2025";"064-6387";"13430";"13430010200000365";;"134300102000003650001000000000";Desenglobe_Division_Material;"064-39148";Privado_Privado;NPH;"105,0";;
1649387;L11_95;95;95;BOLÍVAR;MAGANGUÉ;"12/11/2025";"064-6387";"13430";"13430010200000365";;"134300102000003650001000000000";Desenglobe_Division_Material;"064-39149";Privado_Privado;NPH;"120,0";;
1649386;L11_96;96;96;BOLÍVAR;MAGANGUÉ;"12/11/2025";"064-6387";"13430";"13430010200000365";;"134300102000003650001000000000";Desenglobe_Division_Material;"064-39150";Privado_Privado;NPH;"105,0";;
1649385;L11_97;97;97;BOLÍVAR;MAGANGUÉ;"12/11/2025";"064-6387";"13430";"13430010200000365";;"134300102000003650001000000000";Desenglobe_Division_Material;"064-39151";Privado_Privado;NPH;"105,0";;
1649384;L11_98;98;98;BOLÍVAR;MAGANGUÉ;"12/11/2025";"064-6387";"13430";"13430010200000365";;"134300102000003650001000000000";Desenglobe_Division_Material;"064-39152";Privado_Privado;NPH;"120,0";;
1649383;L11_99;99;99;BOLÍVAR;MAGANGUÉ;"12/11/2025";"064-6387";"13430";"13430010200000365";;"134300102000003650001000000000";Desenglobe_Division_Material;"064-39153";Privado_Privado;NPH;"105,0";;
1649382;L11_100;100;100;BOLÍVAR;MAGANGUÉ;"12/11/2025";"064-6387";"13430";"13430010200000365";;"134300102000003650001000000000";Desenglobe_Division_Material;"064-39154";Privado_Privado;NPH;"105,0";;
1649381;L11_101;101;101;BOLÍVAR;MAGANGUÉ;"12/11/2025";"064-6387";"13430";"13430010200000365";;"134300102000003650001000000000";Desenglobe_Division_Material;"064-39155";Privado_Privado;NPH;"105,0";;
1649380;L11_102;102;102;BOLÍVAR;MAGANGUÉ;"12/11/2025";"064-6387";"13430";"13430010200000365";;"134300102000003650001000000000";Desenglobe_Division_Material;"064-39156";Privado_Privado;NPH;"105,0";;
1649379;L11_103;103;103;BOLÍVAR;MAGANGUÉ;"12/11/2025";"064-6387";"13430";"13430010200000365";;"134300102000003650001000000000";Desenglobe_Division_Material;"064-39157";Privado_Privado;NPH;"105,0";;
1649378;L11_104;104;104;BOLÍVAR;MAGANGUÉ;"12/11/2025";"064-6387";"13430";"13430010200000365";;"134300102000003650001000000000";Desenglobe_Division_Material;"064-39158";Privado_Privado;NPH;"105,0";;
1649377;L11_105;105;105;BOLÍVAR;MAGANGUÉ;"12/11/2025";"064-6387";"13430";"13430010200000365";;"134300102000003650001000000000";Desenglobe_Division_Material;"064-39159";Privado_Privado;NPH;"105,0";;
1649376;L11_106;106;106;BOLÍVAR;MAGANGUÉ;"12/11/2025";"064-6387";"13430";"13430010200000365";;"134300102000003650001000000000";Desenglobe_Division_Material;"064-39160";Privado_Privado;NPH;"105,0";;
1649375;L11_107;107;107;BOLÍVAR;MAGANGUÉ;"12/11/2025";"064-6387";"13430";"13430010200000365";;"134300102000003650001000000000";Desenglobe_Division_Material;"064-39161";Privado_Privado;NPH;"105,0";;
1649374;L11_108;108;108;BOLÍVAR;MAGANGUÉ;"12/11/2025";"064-6387";"13430";"13430010200000365";;"134300102000003650001000000000";Desenglobe_Division_Material;"064-39162";Privado_Privado;NPH;"105,0";;
1649373;L11_109;109;109;BOLÍVAR;MAGANGUÉ;"12/11/2025";"064-6387";"13430";"13430010200000365";;"134300102000003650001000000000";Desenglobe_Division_Material;"064-39163";Privado_Privado;NPH;"120,0";;
1649372;L11_110;110;110;BOLÍVAR;MAGANGUÉ;"12/11/2025";"064-6387";"13430";"13430010200000365";;"134300102000003650001000000000";Desenglobe_Division_Material;"064-39164";Privado_Privado;NPH;"105,0";;
1649371;L11_111;111;111;BOLÍVAR;MAGANGUÉ;"12/11/2025";"064-6387";"13430";"13430010200000365";;"134300102000003650001000000000";Desenglobe_Division_Material;"064-39165";Privado_Privado;NPH;"105,0";;
1649370;L11_112;112;112;BOLÍVAR;MAGANGUÉ;"12/11/2025";"064-6387";"13430";"13430010200000365";;"134300102000003650001000000000";Desenglobe_Division_Material;"064-39166";Privado_Privado;NPH;"120,0";;
1649369;L11_113;113;113;BOLÍVAR;MAGANGUÉ;"12/11/2025";"064-6387";"13430";"13430010200000365";;"134300102000003650001000000000";Desenglobe_Division_Material;"064-39167";Privado_Privado;NPH;"105,0";;
1649368;L11_114;114;114;BOLÍVAR;MAGANGUÉ;"12/11/2025";"064-6387";"13430";"13430010200000365";;"134300102000003650001000000000";Desenglobe_Division_Material;"064-39168";Privado_Privado;NPH;"105,0";;
1649367;L11_115;115;115;BOLÍVAR;MAGANGUÉ;"12/11/2025";"064-6387";"13430";"13430010200000365";;"134300102000003650001000000000";Desenglobe_Division_Material;"064-39169";Privado_Privado;NPH;"105,0";;
1649366;L11_116;116;116;BOLÍVAR;MAGANGUÉ;"12/11/2025";"064-6387";"13430";"13430010200000365";;"134300102000003650001000000000";Desenglobe_Division_Material;"064-39170";Privado_Privado;NPH;"105,0";;
1649365;L11_117;117;117;BOLÍVAR;MAGANGUÉ;"12/11/2025";"064-6387";"13430";"13430010200000365";;"134300102000003650001000000000";Desenglobe_Division_Material;"064-39171";Privado_Privado;NPH;"105,0";;
1649364;L11_118;118;118;BOLÍVAR;MAGANGUÉ;"12/11/2025";"064-6387";"13430";"13430010200000365";;"134300102000003650001000000000";Desenglobe_Division_Material;"064-39172";Privado_Privado;NPH;"105,0";;
1649363;L11_119;119;119;BOLÍVAR;MAGANGUÉ;"12/11/2025";"064-6387";"13430";"13430010200000365";;"134300102000003650001000000000";Desenglobe_Division_Material;"064-39173";Privado_Privado;NPH;"105,0";;
1649362;L11_120;120;120;BOLÍVAR;MAGANGUÉ;"12/11/2025";"064-6387";"13430";"13430010200000365";;"134300102000003650001000000000";Desenglobe_Division_Material;"064-39174";Privado_Privado;NPH;"105,0";;
1649361;L11_121;121;121;BOLÍVAR;MAGANGUÉ;"12/11/2025";"064-6387";"13430";"13430010200000365";;"134300102000003650001000000000";Desenglobe_Division_Material;"064-39175";Privado_Privado;NPH;"105,0";;
1649360;L11_122;122;122;BOLÍVAR;MAGANGUÉ;"12/11/2025";"064-6387";"13430";"13430010200000365";;"134300102000003650001000000000";Desenglobe_Division_Material;"064-39176";Privado_Privado;NPH;"105,0";;
1649359;L11_123;123;123;BOLÍVAR;MAGANGUÉ;"12/11/2025";"064-6387";"13430";"13430010200000365";;"134300102000003650001000000000";Desenglobe_Division_Material;"064-39177";Privado_Privado;NPH;"120,0";;
1649358;L11_124;124;124;BOLÍVAR;MAGANGUÉ;"12/11/2025";"064-6387";"13430";"13430010200000365";;"134300102000003650001000000000";Desenglobe_Division_Material;"064-39178";Privado_Privado;NPH;"105,0";;
1649357;L11_125;125;125;BOLÍVAR;MAGANGUÉ;"12/11/2025";"064-6387";"13430";"13430010200000365";;"134300102000003650001000000000";Desenglobe_Division_Material;"064-39179";Privado_Privado;NPH;"105,0";;
1649685;L11_400;400;400;BOLÍVAR;MAGANGUÉ;"12/11/2025";;"13430";SIN NPN;;SIN NPN;Predio_Nuevo;"064-39181";Privado_Privado;NPH;;;
1649684;L11_401;401;401;BOLÍVAR;MAGANGUÉ;"12/11/2025";;"13430";SIN NPN;;SIN NPN;Predio_Nuevo;"064-39194";Privado_Privado;NPH;;;
1649683;L11_402;402;402;BOLÍVAR;MAGANGUÉ;"12/11/2025";;"13430";SIN NPN;;SIN NPN;Predio_Nuevo;"064-39203";Privado_Privado;NPH;;;
1649265;L11_268;268;268;BOLÍVAR;MAGANGUÉ;"12/11/2025";"064-36998";"13430";SIN NPN;;SIN NPN;Desenglobe_Division_Material;"064-39449";Privado_Privado;NPH;;;
1649264;L11_269;269;269;BOLÍVAR;MAGANGUÉ;"12/11/2025";"064-36998";"13430";SIN NPN;;SIN NPN;Desenglobe_Division_Material;"064-39450";Privado_Privado;NPH;;;
1649263;L11_270;270;270;BOLÍVAR;MAGANGUÉ;"12/11/2025";"064-36998";"13430";SIN NPN;;SIN NPN;Desenglobe_Division_Material;"064-39451";Privado_Privado;NPH;;;
1649262;L11_271;271;271;BOLÍVAR;MAGANGUÉ;"12/11/2025";"064-36998";"13430";SIN NPN;;SIN NPN;Desenglobe_Division_Material;"064-39452";Privado_Privado;NPH;;;
1649261;L11_272;272;272;BOLÍVAR;MAGANGUÉ;"12/11/2025";"064-36998";"13430";SIN NPN;;SIN NPN;Desenglobe_Division_Material;"064-39453";Privado_Privado;NPH;;;
1649260;L11_273;273;273;BOLÍVAR;MAGANGUÉ;"12/11/2025";"064-36998";"13430";SIN NPN;;SIN NPN;Desenglobe_Division_Material;"064-39454";Privado_Privado;NPH;;;
1649259;L11_274;274;274;BOLÍVAR;MAGANGUÉ;"12/11/2025";"064-36998";"13430";SIN NPN;;SIN NPN;Desenglobe_Division_Material;"064-39455";Privado_Privado;NPH;;;
1649258;L11_275;275;275;BOLÍVAR;MAGANGUÉ;"12/11/2025";"064-36998";"13430";SIN NPN;;SIN NPN;Desenglobe_Division_Material;"064-39456";Privado_Privado;NPH;;;
1649257;L11_276;276;276;BOLÍVAR;MAGANGUÉ;"12/11/2025";"064-36998";"13430";SIN NPN;;SIN NPN;Desenglobe_Division_Material;"064-39457";Privado_Privado;NPH;;;
1649256;L11_277;277;277;BOLÍVAR;MAGANGUÉ;"12/11/2025";"064-36998";"13430";SIN NPN;;SIN NPN;Desenglobe_Division_Material;"064-39458";Privado_Privado;NPH;;;
1649565;L11_520;520;520;BOLÍVAR;MAGANGUÉ;"12/11/2025";;"13430";SIN NPN;;SIN NPN;Predio_Nuevo;"064-39471";Privado_Privado;NPH;;;
1649296;L11_593;593;593;BOLÍVAR;MAGANGUÉ;"12/11/2025";"064-22666";"13430";"13430010300000097";;"134300103000000970002000000000";Desenglobe_Division_Material;"064-39474";Privado_Privado;NPH;;;
1649295;L11_594;594;594;BOLÍVAR;MAGANGUÉ;"12/11/2025";"064-22666";"13430";"13430010300000097";;"134300103000000970002000000000";Desenglobe_Division_Material;"064-39475";Privado_Privado;NPH;;;
1649220;L11_302;302;302;BOLÍVAR;MAGANGUÉ;"12/11/2025";"064-34771";"13430";SIN NPN;;SIN NPN;Desenglobe_Division_Material;"064-39867";Privado_Privado;NPH;;;
1649216;L11_302;302;302;BOLÍVAR;MAGANGUÉ;"12/11/2025";"064-34771";"13430";SIN NPN;;SIN NPN;Desenglobe_Division_Material;"064-39867";Privado_Privado;NPH;;;
1649222;L11_304;304;304;BOLÍVAR;MAGANGUÉ;"12/11/2025";"064-34771";"13430";SIN NPN;;SIN NPN;Desenglobe_Division_Material;"064-39868";Privado_Privado;NPH;;;
1649218;L11_304;304;304;BOLÍVAR;MAGANGUÉ;"12/11/2025";"064-34771";"13430";SIN NPN;;SIN NPN;Desenglobe_Division_Material;"064-39868";Privado_Privado;NPH;;;
1649215;L11_306;306;306;BOLÍVAR;MAGANGUÉ;"12/11/2025";"064-34771";"13430";SIN NPN;;SIN NPN;Desenglobe_Division_Material;"064-39869";Privado_Privado;NPH;;;
1649219;L11_306;306;306;BOLÍVAR;MAGANGUÉ;"12/11/2025";"064-34771";"13430";SIN NPN;;SIN NPN;Desenglobe_Division_Material;"064-39869";Privado_Privado;NPH;;;
1649221;L11_303;303;303;BOLÍVAR;MAGANGUÉ;"12/11/2025";"064-34771";"13430";SIN NPN;;SIN NPN;Desenglobe_Division_Material;"064-39870";Privado_Privado;NPH;;;
1649217;L11_303;303;303;BOLÍVAR;MAGANGUÉ;"12/11/2025";"064-34771";"13430";SIN NPN;;SIN NPN;Desenglobe_Division_Material;"064-39870";Privado_Privado;NPH;;;
;;305;305;BOLÍVAR;MAGANGUÉ;"12/11/2025";"064-34771";"13430";SIN NPN;;SIN NPN;Cancelacion_por_Desenglobe;"064-39871";Privado_Privado;NPH;;;
1496134;"946961";598;598;BOLÍVAR;MAGANGUÉ;"12/11/2025";"064-4194";"13430";"13430010100000336";;"134300101000003360005000000000";Cancelacion_por_Desenglobe;;;;;;
1079453;"946967";323;323;BOLÍVAR;MAGANGUÉ;"12/11/2025";"064-4206";"13430";"13430010100000336";;"134300101000003360011000000000";Cancelacion_por_Desenglobe;;;;;;
1649564;L11_521;521;521;BOLÍVAR;MAGANGUÉ;"12/11/2025";;"13430";SIN NPN;;SIN NPN;Predio_Nuevo;"064-4244";Privado_Privado;NPH;;;
1649563;L11_522;522;522;BOLÍVAR;MAGANGUÉ;"12/11/2025";;"13430";SIN NPN;;SIN NPN;Predio_Nuevo;"064-4852";Privado_Privado;NPH;;;
1649515;L11_570;570;570;BOLÍVAR;MAGANGUÉ;"12/11/2025";;"13430";SIN NPN;;SIN NPN;Predio_Nuevo;"064-4936";Privado_Privado;NPH;;;
1649562;L11_523;523;523;BOLÍVAR;MAGANGUÉ;"12/11/2025";;"13430";SIN NPN;;SIN NPN;Predio_Nuevo;"064-5030";Privado_Privado;NPH;;;
1649561;L11_524;524;524;BOLÍVAR;MAGANGUÉ;"12/11/2025";;"13430";SIN NPN;;SIN NPN;Predio_Nuevo;"064-5042";Privado_Privado;NPH;;;
1649514;L11_571;571;571;BOLÍVAR;MAGANGUÉ;"12/11/2025";;"13430";SIN NPN;;SIN NPN;Predio_Nuevo;"064-5047";Privado_Privado;NPH;;;
1649560;L11_525;525;525;BOLÍVAR;MAGANGUÉ;"12/11/2025";;"13430";SIN NPN;;SIN NPN;Predio_Nuevo;"064-5144";Privado_Privado;NPH;;;
1649559;L11_526;526;526;BOLÍVAR;MAGANGUÉ;"12/11/2025";;"13430";SIN NPN;;SIN NPN;Predio_Nuevo;"064-5424";Privado_Privado;NPH;;;
1649536;L11_549;549;549;BOLÍVAR;MAGANGUÉ;"12/11/2025";;"13430";SIN NPN;;SIN NPN;Predio_Nuevo;"064-5427";Privado_Privado;NPH;;;
1551630;"957115";589;589;BOLÍVAR;MAGANGUÉ;"12/11/2025";"064-5543";"13430";"13430010200000163";;"134300102000001630011000000000";Cancelacion_por_Desenglobe;;;;;;
1649558;L11_527;527;527;BOLÍVAR;MAGANGUÉ;"12/11/2025";;"13430";SIN NPN;;SIN NPN;Predio_Nuevo;"064-559";Privado_Privado;NPH;;;
1649557;L11_528;528;528;BOLÍVAR;MAGANGUÉ;"12/11/2025";;"13430";SIN NPN;;SIN NPN;Predio_Nuevo;"064-5630";Privado_Privado;NPH;;;
1649556;L11_529;529;529;BOLÍVAR;MAGANGUÉ;"12/11/2025";;"13430";SIN NPN;;SIN NPN;Predio_Nuevo;"064-5755";Privado_Privado;NPH;;;
1649513;L11_572;572;572;BOLÍVAR;MAGANGUÉ;"12/11/2025";;"13430";SIN NPN;;SIN NPN;Predio_Nuevo;"064-5819";Privado_Privado;NPH;;;
1649555;L11_530;530;530;BOLÍVAR;MAGANGUÉ;"12/11/2025";;"13430";SIN NPN;;SIN NPN;Predio_Nuevo;"064-5902";Privado_Privado;NPH;;;
1649554;L11_531;531;531;BOLÍVAR;MAGANGUÉ;"12/11/2025";;"13430";SIN NPN;;SIN NPN;Predio_Nuevo;"064-5941";Privado_Privado;NPH;;;
1649553;L11_532;532;532;BOLÍVAR;MAGANGUÉ;"12/11/2025";;"13430";SIN NPN;;SIN NPN;Predio_Nuevo;"064-6088";Privado_Privado;NPH;;;
1649552;L11_533;533;533;BOLÍVAR;MAGANGUÉ;"12/11/2025";;"13430";SIN NPN;;SIN NPN;Predio_Nuevo;"064-6141";Privado_Privado;NPH;;;
1080074;"960943";311;311;BOLÍVAR;MAGANGUÉ;"12/11/2025";"064-6340";"13430";"13430010200000395";;"134300102000003950001000000000";Cancelacion_por_Desenglobe;;;;;;
1172691;"960947";292;292;BOLÍVAR;MAGANGUÉ;"12/11/2025";"064-6352";"13430";"13430010200000399";;"134300102000003990001000000000";Cancelacion_por_Desenglobe;;;;;;
1172692;"960949";230;230;BOLÍVAR;MAGANGUÉ;"12/11/2025";"064-6357";"13430";"13430010200000401";;"134300102000004010001000000000";Cancelacion_por_Desenglobe;;;;;;
1172693;"960952";243;243;BOLÍVAR;MAGANGUÉ;"12/11/2025";"064-6368";"13430";"13430010200000404";;"134300102000004040001000000000";Cancelacion_por_Desenglobe;;;;;;
1496788;"960567";69;69;BOLÍVAR;MAGANGUÉ;"12/11/2025";"064-6387";"13430";"13430010200000365";;"134300102000003650001000000000";Cancelacion_por_Desenglobe;;;;;;
1649551;L11_534;534;534;BOLÍVAR;MAGANGUÉ;"12/11/2025";;"13430";SIN NPN;;SIN NPN;Predio_Nuevo;"064-6458";Privado_Privado;NPH;;;
1649550;L11_535;535;535;BOLÍVAR;MAGANGUÉ;"12/11/2025";;"13430";SIN NPN;;SIN NPN;Predio_Nuevo;"064-6513";Privado_Privado;NPH;;;
1649549;L11_536;536;536;BOLÍVAR;MAGANGUÉ;"12/11/2025";;"13430";SIN NPN;;SIN NPN;Predio_Nuevo;"064-6534";Privado_Privado;NPH;;;
1649548;L11_537;537;537;BOLÍVAR;MAGANGUÉ;"12/11/2025";;"13430";SIN NPN;;SIN NPN;Predio_Nuevo;"064-6560";Privado_Privado;NPH;;;
1649547;L11_538;538;538;BOLÍVAR;MAGANGUÉ;"12/11/2025";;"13430";SIN NPN;;SIN NPN;Predio_Nuevo;"064-675";Privado_Privado;NPH;;;
1649546;L11_539;539;539;BOLÍVAR;MAGANGUÉ;"12/11/2025";;"13430";SIN NPN;;SIN NPN;Predio_Nuevo;"064-6941";Privado_Privado;NPH;;;
1649545;L11_540;540;540;BOLÍVAR;MAGANGUÉ;"12/11/2025";;"13430";SIN NPN;;SIN NPN;Predio_Nuevo;"064-6942";Privado_Privado;NPH;;;
1649544;L11_541;541;541;BOLÍVAR;MAGANGUÉ;"12/11/2025";;"13430";SIN NPN;;SIN NPN;Predio_Nuevo;"064-703";Privado_Privado;NPH;;;
1649543;L11_542;542;542;BOLÍVAR;MAGANGUÉ;"12/11/2025";;"13430";SIN NPN;;SIN NPN;Predio_Nuevo;"064-7249";Privado_Privado;NPH;;;
1649542;L11_543;543;543;BOLÍVAR;MAGANGUÉ;"12/11/2025";;"13430";SIN NPN;;SIN NPN;Predio_Nuevo;"064-7748";Privado_Privado;NPH;;;
1649512;L11_573;573;573;BOLÍVAR;MAGANGUÉ;"12/11/2025";;"13430";SIN NPN;;SIN NPN;Predio_Nuevo;"064-7813";Privado_Privado;NPH;;;
1649541;L11_544;544;544;BOLÍVAR;MAGANGUÉ;"12/11/2025";;"13430";SIN NPN;;SIN NPN;Predio_Nuevo;"064-8089";Privado_Privado;NPH;;;
1649540;L11_545;545;545;BOLÍVAR;MAGANGUÉ;"12/11/2025";;"13430";SIN NPN;;SIN NPN;Predio_Nuevo;"064-8243";Privado_Privado;NPH;;;
1649539;L11_546;546;546;BOLÍVAR;MAGANGUÉ;"12/11/2025";;"13430";SIN NPN;;SIN NPN;Predio_Nuevo;"064-8285";Privado_Privado;NPH;;;
1302842;"954157";331;331;BOLÍVAR;MAGANGUÉ;"12/11/2025";"064-829";"13430";"13430010200000028";;"134300102000000280011000000000";Cancelacion_por_Desenglobe;;;;;;
1649511;L11_574;574;574;BOLÍVAR;MAGANGUÉ;"12/11/2025";;"13430";SIN NPN;;SIN NPN;Predio_Nuevo;"064-8449";Privado_Privado;NPH;;;
1649510;L11_575;575;575;BOLÍVAR;MAGANGUÉ;"12/11/2025";;"13430";SIN NPN;;SIN NPN;Predio_Nuevo;"064-8605";Privado_Privado;NPH;;;
1649538;L11_547;547;547;BOLÍVAR;MAGANGUÉ;"12/11/2025";;"13430";SIN NPN;;SIN NPN;Predio_Nuevo;"064-8684";Privado_Privado;NPH;;;
1649509;L11_576;576;576;BOLÍVAR;MAGANGUÉ;"12/11/2025";;"13430";SIN NPN;;SIN NPN;Predio_Nuevo;"064-8749";Privado_Privado;NPH;;;
1649537;L11_548;548;548;BOLÍVAR;MAGANGUÉ;"12/11/2025";;"13430";SIN NPN;;SIN NPN;Predio_Nuevo;"064-9684";Privado_Privado;NPH;;;
1139955;"942674";359;359;BOLÍVAR;MAGANGUÉ;"12/11/2025";"064-9971";"13430";"13430010100000061";;"134300101000000610004000000000";Cancelacion_por_Desenglobe;;;;;;
1332733;"9780956";1;1;SANTANDER;CHIPATÁ;"12/11/2025";"324-40654";"68861";"68861000200000005";;"688610002000000050072000000000";Cancelacion_por_Desenglobe;;;;;;
1247580;"13641644";10;10;SANTANDER;VÉLEZ;"12/11/2025";"324-44536";"68861";"68861010000000028";;"688610100000000280018000000000";Cambio_Numero_Predial_NPH_a_Condominio;"324-44536";Privado_Privado;Condominio_Matriz;"1519";;
1236188;"10201881";45;45;SANTANDER;VÉLEZ;"12/11/2025";"324-49977";"68861";"68861000100000004";;"688610001000000040116000000000";Cancelacion_por_Desenglobe;;;;;;
1545006;"10209159";51;51;SANTANDER;VÉLEZ;"12/11/2025";"324-54048";"68861";"68861010000000051";;"688610100000000510034000000000";Cambio_Numero_Predial_NPH_a_Condominio;"324-54048";Privado_Privado;Condominio_Matriz;"379";;
1344675;"10209926";35;35;SANTANDER;VÉLEZ;"12/11/2025";"324-67248";"68861";"68861010000000078";;"688610100000000780011000000000";Cancelacion_por_Englobe;;;;;;
1247657;"10210008";36;36;SANTANDER;VÉLEZ;"12/11/2025";"324-67642";"68861";"68861010000000078";;"688610100000000780084000000000";Cancelacion_por_Englobe;;;;;;
1649417;L11_46;46;46;SANTANDER;VÉLEZ;"12/11/2025";"324-49977";"68861";"68861000100000004";;"688610001000000040116000000000";Desenglobe_Division_Material;"324-89293";Privado_Privado;NPH;"26392";;
1649416;L11_47;47;47;SANTANDER;VÉLEZ;"12/11/2025";"324-49977";"68861";"68861000100000004";;"688610001000000040116000000000";Desenglobe_Division_Material;"324-89294";Privado_Privado;NPH;"17596";;
1649415;L11_48;48;48;SANTANDER;VÉLEZ;"12/11/2025";"324-49977";"68861";"68861000100000004";;"688610001000000040116000000000";Desenglobe_Division_Material;"324-89295";Privado_Privado;NPH;"16830";;
1649414;L11_49;49;49;SANTANDER;VÉLEZ;"12/11/2025";"324-49977";"68861";"68861000100000004";;"688610001000000040116000000000";Desenglobe_Division_Material;"324-89296";Privado_Privado;NPH;"17111";;
1649413;L11_50;50;50;SANTANDER;VÉLEZ;"12/11/2025";"324-49977";"68861";"68861000100000004";;"688610001000000040116000000000";Desenglobe_Division_Material;"324-89297";Privado_Privado;NPH;"17554";;
1649498;L11_52;52;52;SANTANDER;VÉLEZ;"12/11/2025";"324-54048";"68861";"68861010000000051";;"688610100000000510034000000000";Desenglobe_Division_Material;"324-8933";Privado_Privado;Condominio_Unidad_Predial;"89";0.2633;
1649499;L11_53;53;53;SANTANDER;VÉLEZ;"12/11/2025";"324-54048";"68861";"68861010000000051";;"688610100000000510034000000000";Desenglobe_Division_Material;"324-8934";Privado_Privado;Condominio_Unidad_Predial;"91";0.2692;
1649497;L11_54;54;54;SANTANDER;VÉLEZ;"12/11/2025";"324-54048";"68861";"68861010000000051";;"688610100000000510034000000000";Desenglobe_Division_Material;"324-8935";Privado_Privado;Condominio_Unidad_Predial;"81";0.2397;
1649187;L11_33;37;37;SANTANDER;VÉLEZ;"12/11/2025";"324-90139";"68861";SIN NPN;;SIN NPN;Cambio_Numero_Predial_NPH_a_PH;"324-90139";Privado_Privado;PH_Matriz;"349.89";;
1649187;L11_33;34;34;SANTANDER;VÉLEZ;"12/11/2025";"324-67642";"68861";"68861010000000078";;"688610100000000780084000000000";Englobe_Nuevo_FMI;"324-90139";Privado_Privado;NPH;"349.89";;
1649187;L11_33;33;33;SANTANDER;VÉLEZ;"12/11/2025";"324-67248";"68861";"68861010000000078";;"688610100000000780011000000000";Englobe_Nuevo_FMI;"324-90139";Privado_Privado;NPH;"349.89";;
1649424;L11_26;26;26;SANTANDER;VÉLEZ;"12/11/2025";"324-69969";"68861";"68861000100000009";;"688610001000000090484000000000";Desenglobe_Venta_Parcial;"324-92050";Privado_Privado;NPH;"1800";;
1649423;L11_27;27;27;SANTANDER;VÉLEZ;"12/11/2025";"324-69969";"68861";"68861000100000009";;"688610001000000090484000000000";Desenglobe_Venta_Parcial;"324-92051";Privado_Privado;NPH;"1800";;
1649422;L11_28;28;28;SANTANDER;VÉLEZ;"12/11/2025";"324-69969";"68861";"68861000100000009";;"688610001000000090484000000000";Desenglobe_Venta_Parcial;"324-92052";Privado_Privado;NPH;"1800";;
1649421;L11_29;29;29;SANTANDER;VÉLEZ;"12/11/2025";"324-69969";"68861";"68861000100000009";;"688610001000000090484000000000";Desenglobe_Venta_Parcial;"324-92053";Privado_Privado;NPH;"1800";;
1649420;L11_30;30;30;SANTANDER;VÉLEZ;"12/11/2025";"324-69969";"68861";"68861000100000009";;"688610001000000090484000000000";Desenglobe_Venta_Parcial;"324-92054";Privado_Privado;NPH;"1800";;
1649419;L11_31;31;31;SANTANDER;VÉLEZ;"12/11/2025";"324-69969";"68861";"68861000100000009";;"688610001000000090484000000000";Desenglobe_Venta_Parcial;"324-92055";Privado_Privado;NPH;"1800";;
1649418;L11_32;32;32;SANTANDER;VÉLEZ;"12/11/2025";"324-69969";"68861";"68861000100000009";;"688610001000000090484000000000";Desenglobe_Venta_Parcial;"324-92056";Privado_Privado;NPH;"7659";;
1649281;L11_38;38;38;SANTANDER;VÉLEZ;"12/11/2025";"324-90139";"68861";SIN NPN;;SIN NPN;Desenglobe_Division_Material;"324-94451";Privado_Privado;PH_Unidad_Predial;"126.29";0.2377;"126.29"
1649280;L11_39;39;39;SANTANDER;VÉLEZ;"12/11/2025";"324-90139";"68861";SIN NPN;;SIN NPN;Desenglobe_Division_Material;"324-94452";Privado_Privado;PH_Unidad_Predial;"66.60";0.1253;"66.60"
1649279;L11_40;40;40;SANTANDER;VÉLEZ;"12/11/2025";"324-90139";"68861";SIN NPN;;SIN NPN;Desenglobe_Division_Material;"324-94453";Privado_Privado;PH_Unidad_Predial;"68.38";0.12869999999999998;"68.38"
1649278;L11_41;41;41;SANTANDER;VÉLEZ;"12/11/2025";"324-90139";"68861";SIN NPN;;SIN NPN;Desenglobe_Division_Material;"324-94454";Privado_Privado;PH_Unidad_Predial;"134.97";0.254;"134.97"
1649277;L11_42;42;42;SANTANDER;VÉLEZ;"12/11/2025";"324-90139";"68861";SIN NPN;;SIN NPN;Desenglobe_Division_Material;"324-94455";Privado_Privado;PH_Unidad_Predial;"39.50";0.07429999999999999;"39.50"
1649276;L11_43;43;43;SANTANDER;VÉLEZ;"12/11/2025";"324-90139";"68861";SIN NPN;;SIN NPN;Desenglobe_Division_Material;"324-94456";Privado_Privado;PH_Unidad_Predial;"65.52";0.1234;"65.52"
1649275;L11_44;44;44;SANTANDER;VÉLEZ;"12/11/2025";"324-90139";"68861";SIN NPN;;SIN NPN;Desenglobe_Division_Material;"324-94457";Privado_Privado;PH_Unidad_Predial;"29.91";0.056600000000000004;"29.91"
1649322;L11_11;11;11;SANTANDER;VÉLEZ;"12/11/2025";"324-44536";"68861";"68861010000000028";;"688610100000000280018000000000";Desenglobe_Division_Material;"324-95778";Privado_Privado;Condominio_Unidad_Predial;"74.88";0.0642;"74.88"
1649321;L11_12;12;12;SANTANDER;VÉLEZ;"12/11/2025";"324-44536";"68861";"68861010000000028";;"688610100000000280018000000000";Desenglobe_Division_Material;"324-95779";Privado_Privado;Condominio_Unidad_Predial;"77.14";0.0661;"77.14"
1649320;L11_13;13;13;SANTANDER;VÉLEZ;"12/11/2025";"324-44536";"68861";"68861010000000028";;"688610100000000280018000000000";Desenglobe_Division_Material;"324-95780";Privado_Privado;Condominio_Unidad_Predial;"76.76";0.0658;"76.76"
1649319;L11_14;14;14;SANTANDER;VÉLEZ;"12/11/2025";"324-44536";"68861";"68861010000000028";;"688610100000000280018000000000";Desenglobe_Division_Material;"324-95781";Privado_Privado;Condominio_Unidad_Predial;"78.07";0.0669;"78.07"
1649318;L11_15;15;15;SANTANDER;VÉLEZ;"12/11/2025";"324-44536";"68861";"68861010000000028";;"688610100000000280018000000000";Desenglobe_Division_Material;"324-95782";Privado_Privado;Condominio_Unidad_Predial;"115.45";0.0989;"115.45"
1649317;L11_16;16;16;SANTANDER;VÉLEZ;"12/11/2025";"324-44536";"68861";"68861010000000028";;"688610100000000280018000000000";Desenglobe_Division_Material;"324-95783";Privado_Privado;Condominio_Unidad_Predial;"79.98";0.0625;"79.98"
1649316;L11_17;17;17;SANTANDER;VÉLEZ;"12/11/2025";"324-44536";"68861";"68861010000000028";;"688610100000000280018000000000";Desenglobe_Division_Material;"324-95784";Privado_Privado;Condominio_Unidad_Predial;"73.07";0.0626;"73.07"
1649315;L11_18;18;18;SANTANDER;VÉLEZ;"12/11/2025";"324-44536";"68861";"68861010000000028";;"688610100000000280018000000000";Desenglobe_Division_Material;"324-95785";Privado_Privado;Condominio_Unidad_Predial;"85.35";0.0731;"85.35"
1649314;L11_19;19;19;SANTANDER;VÉLEZ;"12/11/2025";"324-44536";"68861";"68861010000000028";;"688610100000000280018000000000";Desenglobe_Division_Material;"324-95786";Privado_Privado;Condominio_Unidad_Predial;"72.03";0.061799999999999994;"72.03"
1649313;L11_20;20;20;SANTANDER;VÉLEZ;"12/11/2025";"324-44536";"68861";"68861010000000028";;"688610100000000280018000000000";Desenglobe_Division_Material;"324-95787";Privado_Privado;Condominio_Unidad_Predial;"72.98";0.0625;"72.98"
1649312;L11_21;21;21;SANTANDER;VÉLEZ;"12/11/2025";"324-44536";"68861";"68861010000000028";;"688610100000000280018000000000";Desenglobe_Division_Material;"324-95788";Privado_Privado;Condominio_Unidad_Predial;"75.86";0.065;"75.86"
1649311;L11_22;22;22;SANTANDER;VÉLEZ;"12/11/2025";"324-44536";"68861";"68861010000000028";;"688610100000000280018000000000";Desenglobe_Division_Material;"324-95789";Privado_Privado;Condominio_Unidad_Predial;"77.76";0.0666;"77.76"
1649310;L11_23;23;23;SANTANDER;VÉLEZ;"12/11/2025";"324-44536";"68861";"68861010000000028";;"688610100000000280018000000000";Desenglobe_Division_Material;"324-95790";Privado_Privado;Condominio_Unidad_Predial;"91.13";0.0781;"91.13"
1649309;L11_24;24;24;SANTANDER;VÉLEZ;"12/11/2025";"324-44536";"68861";"68861010000000028";;"688610100000000280018000000000";Desenglobe_Venta_Parcial;"324-95791";Privado_Privado;Condominio_Unidad_Predial;"123.59";0.1059;"123.59"
1649308;L11_25;25;25;SANTANDER;VÉLEZ;"12/11/2025";"324-44536";"68861";"68861010000000028";;"688610100000000280018000000000";Desenglobe_Venta_Parcial;"324-95792";Privado_Privado;NPH;"1167.05";;"1167.05"
1649196;L11_2;2;2;SANTANDER;CHIPATÁ;"12/11/2025";"324-40654";"68861";"68861000200000005";;"688610002000000050072000000000";Desenglobe_Division_Material;"324-95956";Privado_Privado;NPH;"2000";;
1649195;L11_3;3;3;SANTANDER;CHIPATÁ;"12/11/2025";"324-40654";"68861";"68861000200000005";;"688610002000000050072000000000";Desenglobe_Division_Material;"324-95957";Privado_Privado;NPH;"2000";;
1649194;L11_4;4;4;SANTANDER;CHIPATÁ;"12/11/2025";"324-40654";"68861";"68861000200000005";;"688610002000000050072000000000";Desenglobe_Division_Material;"324-95958";Privado_Privado;NPH;"12653";;
1649193;L11_5;5;5;SANTANDER;CHIPATÁ;"12/11/2025";"324-40654";"68861";"68861000200000005";;"688610002000000050072000000000";Desenglobe_Division_Material;"324-95959";Privado_Privado;NPH;"10849";;
1649192;L11_6;6;6;SANTANDER;CHIPATÁ;"12/11/2025";"324-40654";"68861";"68861000200000005";;"688610002000000050072000000000";Desenglobe_Division_Material;"324-95960";Privado_Privado;NPH;"10836";;
1649191;L11_7;7;7;SANTANDER;CHIPATÁ;"12/11/2025";"324-40654";"68861";"68861000200000005";;"688610002000000050072000000000";Desenglobe_Division_Material;"324-95961";Privado_Privado;NPH;"8000";;
1649190;L11_8;8;8;SANTANDER;CHIPATÁ;"12/11/2025";"324-40654";"68861";"68861000200000005";;"688610002000000050072000000000";Desenglobe_Division_Material;"324-95962";Privado_Privado;NPH;"10000";;
1649189;L11_9;9;9;SANTANDER;CHIPATÁ;"12/11/2025";"324-40654";"68861";"68861000200000005";;"688610002000000050072000000000";Desenglobe_Division_Material;"324-95963";Privado_Privado;NPH;"14974";;
