No, FMI;DIRECCIÓN TERRITORIAL;MUNICIPIO;FECHA_ENVIO_JURIDICO;UIT;VEREDA;NPN;Novedad_Numero_Predial;PREDIO TIPO;CONDICION PROP;NPN PROVISIONAL
1;BOYACÁ;RAMIRIQUI;29/10/2025;7;15599000000000009;155990000000000090995000000000;Cancelacion;;;
2;BOYACÁ;RAMIRIQUI;29/10/2025;7;15599000000000009;155990000000000090660500000001;Cancelacion;;;
3;BOYACÁ;RAMIRIQUI;29/10/2025;7;15599000000000009;155990000000000090660500000002;Cancelacion;;;
4;BOYACÁ;RAMIRIQUI;29/10/2025;7;15599000000000009;155990000000000090671500000001;Cancelacion;;;
5;BOYACÁ;RAMIRIQUI;29/10/2025;7;15599000000000009;155990000000000090671500000002;Cancelacion;;;
6;BOYACÁ;RAMIRIQUI;29/10/2025;7;15599000000000009;155990000000000090840500000001;Cancelacion;;;
7;BOYACÁ;RAMIRIQUI;29/10/2025;7;15599000000000009;155990000000000090938500000001;Cancelacion;;;
8;BOYACÁ;RAMIRIQUI;29/10/2025;7;15599000000000009;155990000000000091038500000001;Cancelacion;;;
9;BOYACÁ;RAMIRIQUI;29/10/2025;7;15599000000000009;155990000000000091038500000002;Cancelacion;;;
10;BOYACÁ;RAMIRIQUI;29/10/2025;7;15599000000000009;155990000000000091038500000003;Cancelacion;;;
11;BOYACÁ;RAMIRIQUI;29/10/2025;7;15599000000000009;155990000000000091038500000004;Cancelacion;;;
12;BOYACÁ;RAMIRIQUI;29/10/2025;7;15599000000000009;155990000000000090597500000001;Cancelacion;;;
13;BOYACÁ;RAMIRIQUI;29/10/2025;7;15599000000000009;155990000000000090953500000001;Cancelacion;;;
14;BOYACÁ;RAMIRIQUI;29/10/2025;7;15599000000000009;155990000000000090809500000001;Cancelacion;;;
15;BOYACÁ;RAMIRIQUI;29/10/2025;7;15599000000000009;155990000000000090488000000000;Cambio_Numero_Predial_NPH_a_Informal;Publico_Presunto_Baldio;Informal;
16;BOYACÁ;RAMIRIQUI;29/10/2025;7;15599000000000009;155990000000000090496000000000;Cambio_Numero_Predial_NPH_a_Informal;Publico_Presunto_Baldio;Informal;
17;BOYACÁ;RAMIRIQUI;29/10/2025;7;15599000000000009;155990000000000090957000000000;Cambio_Numero_Predial_NPH_a_Informal;Publico_Presunto_Baldio;Informal;
18;BOYACÁ;RAMIRIQUI;29/10/2025;7;15599000000000009;155990000000000090248000000000;Cambio_Numero_Predial_NPH_a_Informal;Publico_Presunto_Baldio;Informal;
19;BOYACÁ;RAMIRIQUI;29/10/2025;7;15599000000000009;155990000000000090251000000000;Cambio_Numero_Predial_NPH_a_Informal;Publico_Presunto_Baldio;Informal;
20;BOYACÁ;RAMIRIQUI;29/10/2025;7;15599000000000009;155990000000000090253000000000;Cambio_Numero_Predial_NPH_a_Informal;Publico_Presunto_Baldio;Informal;
21;BOYACÁ;RAMIRIQUI;29/10/2025;7;15599000000000009;155990000000000090256000000000;Cambio_Numero_Predial_NPH_a_Informal;Publico_Presunto_Baldio;Informal;
22;BOYACÁ;RAMIRIQUI;29/10/2025;7;15599000000000009;155990000000000090319000000000;Cambio_Numero_Predial_NPH_a_Informal;Publico_Presunto_Baldio;Informal;
23;BOYACÁ;RAMIRIQUI;29/10/2025;7;15599000000000009;155990000000000090325000000000;Cambio_Numero_Predial_NPH_a_Informal;Publico_Presunto_Baldio;Informal;
24;BOYACÁ;RAMIRIQUI;29/10/2025;7;15599000000000009;155990000000000090328000000000;Cambio_Numero_Predial_NPH_a_Informal;Publico_Presunto_Baldio;Informal;
25;BOYACÁ;RAMIRIQUI;29/10/2025;7;15599000000000009;155990000000000090330000000000;Cambio_Numero_Predial_NPH_a_Informal;Publico_Presunto_Baldio;Informal;
26;BOYACÁ;RAMIRIQUI;29/10/2025;7;15599000000000009;155990000000000090331000000000;Cambio_Numero_Predial_NPH_a_Informal;Publico_Presunto_Baldio;Informal;
27;BOYACÁ;RAMIRIQUI;29/10/2025;7;15599000000000009;155990000000000091596000000000;Cambio_Numero_Predial_NPH_a_Informal;Publico_Presunto_Baldio;Informal;
28;BOYACÁ;RAMIRIQUI;29/10/2025;7;15599000000000009;155990000000000090098000000000;Cambio_Numero_Predial_NPH_a_Informal;Publico_Presunto_Baldio;Informal;
29;BOYACÁ;RAMIRIQUI;29/10/2025;7;15599000000000009;155990000000000091182000000000;Cambio_Numero_Predial_NPH_a_Informal;Publico_Presunto_Baldio;Informal;
30;BOYACÁ;RAMIRIQUI;29/10/2025;7;15599000000000009;155990000000000090047000000000;Cambio_Numero_Predial_NPH_a_Informal;Publico_Presunto_Baldio;Informal;
31;BOYACÁ;RAMIRIQUI;29/10/2025;7;15599000000000009;155990000000000090070000000000;Cambio_Numero_Predial_NPH_a_Informal;Publico_Presunto_Baldio;Informal;
32;BOYACÁ;RAMIRIQUI;29/10/2025;7;15599000000000009;155990000000000090044000000000;Cambio_Numero_Predial_NPH_a_Informal;Publico_Presunto_Baldio;Informal;
33;BOYACÁ;RAMIRIQUI;29/10/2025;7;15599000000000009;155990000000000090992000000000;Cambio_Numero_Predial_NPH_a_Informal;Publico_Presunto_Baldio;Informal;
34;BOYACÁ;RAMIRIQUI;29/10/2025;7;15599000000000009;155990000000000090702000000000;Cambio_Numero_Predial_NPH_a_Informal;Publico_Presunto_Baldio;Informal;
35;BOYACÁ;RAMIRIQUI;29/10/2025;7;15599000000000009;155990000000000090048000000000;Cambio_Numero_Predial_NPH_a_Informal;Publico_Presunto_Baldio;Informal;
36;BOYACÁ;RAMIRIQUI;29/10/2025;7;15599000000000009;155990000000000090373000000000;Cambio_Numero_Predial_NPH_a_Informal;Publico_Presunto_Baldio;Informal;
37;BOYACÁ;RAMIRIQUI;29/10/2025;7;15599000000000009;155990000000000090313000000000;Cambio_Numero_Predial_NPH_a_Informal;Publico_Presunto_Baldio;Informal;
38;BOYACÁ;RAMIRIQUI;29/10/2025;7;15599000000000009;155990000000000090388000000000;Cambio_Numero_Predial_NPH_a_Informal;Publico_Presunto_Baldio;Informal;
39;BOYACÁ;RAMIRIQUI;29/10/2025;7;15599000000000009;155990000000000090538000000000;Cambio_Numero_Predial_NPH_a_Informal;Publico_Presunto_Baldio;Informal;
40;BOYACÁ;RAMIRIQUI;29/10/2025;7;15599000000000009;155990000000000090592000000000;Cambio_Numero_Predial_NPH_a_Informal;Publico_Presunto_Baldio;Informal;
41;BOYACÁ;RAMIRIQUI;29/10/2025;7;15599000000000009;155990000000000090593000000000;Cambio_Numero_Predial_NPH_a_Informal;Publico_Presunto_Baldio;Informal;
42;BOYACÁ;RAMIRIQUI;29/10/2025;7;15599000000000009;155990000000000090540000000000;Cambio_Numero_Predial_NPH_a_Informal;Publico_Presunto_Baldio;Informal;
43;BOYACÁ;RAMIRIQUI;29/10/2025;7;15599000000000009;155990000000000090544000000000;Cambio_Numero_Predial_NPH_a_Informal;Publico_Presunto_Baldio;Informal;
44;BOYACÁ;RAMIRIQUI;29/10/2025;7;15599000000000009;155990000000000090456000000000;Cambio_Numero_Predial_NPH_a_Informal;Publico_Presunto_Baldio;Informal;
45;BOYACÁ;RAMIRIQUI;29/10/2025;7;15599000000000009;155990000000000090434000000000;Cambio_Numero_Predial_NPH_a_Informal;Publico_Presunto_Baldio;Informal;
46;BOYACÁ;RAMIRIQUI;29/10/2025;7;15599000000000009;155990000000000090516000000000;Cambio_Numero_Predial_NPH_a_Informal;Publico_Presunto_Baldio;Informal;
47;BOYACÁ;RAMIRIQUI;29/10/2025;7;15599000000000009;155990000000000090564000000000;Cambio_Numero_Predial_NPH_a_Informal;Publico_Presunto_Baldio;Informal;
48;BOYACÁ;RAMIRIQUI;29/10/2025;7;15599000000000009;155990000000000090566000000000;Cambio_Numero_Predial_NPH_a_Informal;Publico_Presunto_Baldio;Informal;
49;BOYACÁ;RAMIRIQUI;29/10/2025;7;15599000000000009;155990000000000090554000000000;Cambio_Numero_Predial_NPH_a_Informal;Publico_Presunto_Baldio;Informal;
50;BOYACÁ;RAMIRIQUI;29/10/2025;7;15599000000000009;155990000000000090562000000000;Cambio_Numero_Predial_NPH_a_Informal;Publico_Presunto_Baldio;Informal;
51;BOYACÁ;RAMIRIQUI;29/10/2025;7;15599000000000009;155990000000000090549000000000;Cambio_Numero_Predial_NPH_a_Informal;Publico_Presunto_Baldio;Informal;
52;BOYACÁ;RAMIRIQUI;29/10/2025;7;15599000000000009;155990000000000090552000000000;Cambio_Numero_Predial_NPH_a_Informal;Publico_Presunto_Baldio;Informal;
53;BOYACÁ;RAMIRIQUI;29/10/2025;2;15599000000000020;155990000000000200295500000001;Cancelacion;;;
54;BOYACÁ;RAMIRIQUI;29/10/2025;2;15599000000000020;;Predio_Nuevo;Privado_Privado;Informal;
55;BOYACÁ;RAMIRIQUI;29/10/2025;2;15599000000000020;155990000000000200373500000001;Cambio_Numero_Predial_Mejora_a_Informal;Privado_Privado;Informal;
56;BOYACÁ;RAMIRIQUI;29/10/2025;2;15599000000000020;155990000000000200581500000001;Cambio_Numero_Predial_Mejora_a_Informal;Privado_Privado;Informal;
57;BOYACÁ;RAMIRIQUI;29/10/2025;2;15599000000000020;155990000000000200340500000001;Cambio_Numero_Predial_Mejora_a_Informal;Privado_Privado;Informal;
58;BOYACÁ;RAMIRIQUI;29/10/2025;2;15599000000000020;155990000000000200340500000002;Cambio_Numero_Predial_Mejora_a_Informal;Privado_Privado;Informal;
59;BOYACÁ;RAMIRIQUI;29/10/2025;2;15599000000000020;155990000000000200392000000000;Cambio_Numero_Predial_NPH_a_Informal;Publico_Presunto_Baldio;Informal;
60;BOYACÁ;RAMIRIQUI;29/10/2025;2;15599000000000020;155990000000000200508000000000;Cambio_Numero_Predial_NPH_a_Informal;Publico_Presunto_Baldio;Informal;
61;BOYACÁ;RAMIRIQUI;29/10/2025;2;15599000000000020;155990000000000200507000000000;Cambio_Numero_Predial_NPH_a_Informal;Publico_Presunto_Baldio;Informal;
62;BOYACÁ;RAMIRIQUI;29/10/2025;2;15599000000000020;155990000000000200393000000000;Cambio_Numero_Predial_NPH_a_Informal;Publico_Presunto_Baldio;Informal;
63;BOYACÁ;RAMIRIQUI;29/10/2025;2;15599000000000020;155990000000000200499000000000;Cambio_Numero_Predial_NPH_a_Informal;Publico_Presunto_Baldio;Informal;
64;BOYACÁ;RAMIRIQUI;29/10/2025;2;15599000000000020;155990000000000200426000000000;Cambio_Numero_Predial_NPH_a_Informal;Publico_Presunto_Baldio;Informal;
65;BOYACÁ;RAMIRIQUI;29/10/2025;2;15599000000000020;155990000000000200421000000000;Cambio_Numero_Predial_NPH_a_Informal;Publico_Presunto_Baldio;Informal;
66;BOYACÁ;RAMIRIQUI;29/10/2025;2;15599000000000020;155990000000000200425000000000;Cambio_Numero_Predial_NPH_a_Informal;Publico_Presunto_Baldio;Informal;
67;BOYACÁ;RAMIRIQUI;29/10/2025;2;15599000000000020;155990000000000200511000000000;Cambio_Numero_Predial_NPH_a_Informal;Publico_Presunto_Baldio;Informal;
68;BOYACÁ;RAMIRIQUI;29/10/2025;2;15599000000000020;155990000000000200394000000000;Cambio_Numero_Predial_NPH_a_Informal;Publico_Presunto_Baldio;Informal;
69;BOYACÁ;RAMIRIQUI;29/10/2025;2;15599000000000020;155990000000000200407000000000;Cambio_Numero_Predial_NPH_a_Informal;Publico_Presunto_Baldio;Informal;
70;BOYACÁ;RAMIRIQUI;29/10/2025;2;15599000000000020;155990000000000200413000000000;Cambio_Numero_Predial_NPH_a_Informal;Publico_Presunto_Baldio;Informal;
71;BOYACÁ;RAMIRIQUI;29/10/2025;2;15599000000000020;155990000000000200412000000000;Cambio_Numero_Predial_NPH_a_Informal;Publico_Presunto_Baldio;Informal;
72;BOYACÁ;RAMIRIQUI;29/10/2025;2;15599000000000020;155990000000000200299000000000;Cambio_Numero_Predial_NPH_a_Informal;Publico_Presunto_Baldio;Informal;
73;BOYACÁ;RAMIRIQUI;29/10/2025;2;15599000000000020;155990000000000200300000000000;Cambio_Numero_Predial_NPH_a_Informal;Publico_Presunto_Baldio;Informal;
74;BOYACÁ;RAMIRIQUI;29/10/2025;2;15599000000000020;155990000000000200301000000000;Cambio_Numero_Predial_NPH_a_Informal;Publico_Presunto_Baldio;Informal;
75;BOYACÁ;RAMIRIQUI;29/10/2025;2;15599000000000020;155990000000000200302000000000;Cambio_Numero_Predial_NPH_a_Informal;Publico_Presunto_Baldio;Informal;
76;BOYACÁ;RAMIRIQUI;29/10/2025;2;15599000000000020;155990000000000200349000000000;Cambio_Numero_Predial_NPH_a_Informal;Publico_Presunto_Baldio;Informal;
77;BOYACÁ;RAMIRIQUI;29/10/2025;2;15599000000000020;155990000000000200350000000000;Cambio_Numero_Predial_NPH_a_Informal;Publico_Presunto_Baldio;Informal;
78;BOYACÁ;RAMIRIQUI;29/10/2025;2;15599000000000020;155990000000000200358000000000;Cambio_Numero_Predial_NPH_a_Informal;Publico_Presunto_Baldio;Informal;
79;BOYACÁ;RAMIRIQUI;29/10/2025;2;15599000000000020;155990000000000200360000000000;Cambio_Numero_Predial_NPH_a_Informal;Publico_Presunto_Baldio;Informal;
80;BOYACÁ;RAMIRIQUI;29/10/2025;2;15599000000000020;155990000000000200361000000000;Cambio_Numero_Predial_NPH_a_Informal;Publico_Presunto_Baldio;Informal;
81;BOYACÁ;RAMIRIQUI;29/10/2025;2;15599000000000020;155990000000000200362000000000;Cambio_Numero_Predial_NPH_a_Informal;Publico_Presunto_Baldio;Informal;
82;BOYACÁ;RAMIRIQUI;29/10/2025;2;15599000000000020;155990000000000200363000000000;Cambio_Numero_Predial_NPH_a_Informal;Publico_Presunto_Baldio;Informal;
83;BOYACÁ;RAMIRIQUI;29/10/2025;2;15599000000000020;155990000000000200365000000000;Cambio_Numero_Predial_NPH_a_Informal;Publico_Presunto_Baldio;Informal;
84;BOYACÁ;RAMIRIQUI;29/10/2025;2;15599000000000020;155990000000000200371000000000;Cambio_Numero_Predial_NPH_a_Informal;Publico_Presunto_Baldio;Informal;
85;BOYACÁ;RAMIRIQUI;29/10/2025;2;15599000000000020;155990000000000200374000000000;Cambio_Numero_Predial_NPH_a_Informal;Publico_Presunto_Baldio;Informal;
86;BOYACÁ;RAMIRIQUI;29/10/2025;2;15599000000000020;155990000000000200070000000000;Cambio_Numero_Predial_NPH_a_Informal;Publico_Presunto_Baldio;Informal;
87;BOYACÁ;RAMIRIQUI;29/10/2025;2;15599000000000020;155990000000000200073000000000;Cambio_Numero_Predial_NPH_a_Informal;Publico_Presunto_Baldio;Informal;
88;BOYACÁ;RAMIRIQUI;29/10/2025;2;15599000000000020;155990000000000200078000000000;Cambio_Numero_Predial_NPH_a_Informal;Publico_Presunto_Baldio;Informal;
89;BOYACÁ;RAMIRIQUI;29/10/2025;2;15599000000000020;155990000000000200213000000000;Cambio_Numero_Predial_NPH_a_Informal;Publico_Presunto_Baldio;Informal;
90;BOYACÁ;RAMIRIQUI;29/10/2025;2;15599000000000020;155990000000000200214000000000;Cambio_Numero_Predial_NPH_a_Informal;Publico_Presunto_Baldio;Informal;
91;BOYACÁ;RAMIRIQUI;29/10/2025;2;15599000000000020;155990000000000200216000000000;Cambio_Numero_Predial_NPH_a_Informal;Publico_Presunto_Baldio;Informal;
92;BOYACÁ;RAMIRIQUI;29/10/2025;2;15599000000000020;155990000000000200217000000000;Cambio_Numero_Predial_NPH_a_Informal;Publico_Presunto_Baldio;Informal;
93;BOYACÁ;RAMIRIQUI;29/10/2025;2;15599000000000020;155990000000000200218000000000;Cambio_Numero_Predial_NPH_a_Informal;Publico_Presunto_Baldio;Informal;
94;BOYACÁ;RAMIRIQUI;29/10/2025;2;15599000000000020;155990000000000200219000000000;Cambio_Numero_Predial_NPH_a_Informal;Publico_Presunto_Baldio;Informal;
95;BOYACÁ;RAMIRIQUI;29/10/2025;2;15599000000000020;155990000000000200220000000000;Cambio_Numero_Predial_NPH_a_Informal;Publico_Presunto_Baldio;Informal;
96;BOYACÁ;RAMIRIQUI;29/10/2025;2;15599000000000020;155990000000000200221000000000;Cambio_Numero_Predial_NPH_a_Informal;Publico_Presunto_Baldio;Informal;
97;BOYACÁ;RAMIRIQUI;29/10/2025;2;15599000000000020;155990000000000200222000000000;Cambio_Numero_Predial_NPH_a_Informal;Publico_Presunto_Baldio;Informal;
98;BOYACÁ;RAMIRIQUI;29/10/2025;2;15599000000000020;155990000000000200312000000000;Cambio_Numero_Predial_NPH_a_Informal;Publico_Presunto_Baldio;Informal;
99;BOYACÁ;RAMIRIQUI;29/10/2025;2;15599000000000020;155990000000000200315000000000;Cambio_Numero_Predial_NPH_a_Informal;Publico_Presunto_Baldio;Informal;
100;BOYACÁ;RAMIRIQUI;29/10/2025;2;15599000000000020;155990000000000200098000000000;Cambio_Numero_Predial_NPH_a_Informal;Publico_Presunto_Baldio;Informal;
101;BOYACÁ;RAMIRIQUI;29/10/2025;2;15599000000000020;155990000000000200128000000000;Cambio_Numero_Predial_NPH_a_Informal;Publico_Presunto_Baldio;Informal;
102;BOYACÁ;RAMIRIQUI;29/10/2025;2;15599000000000020;155990000000000200127000000000;Cambio_Numero_Predial_NPH_a_Informal;Publico_Presunto_Baldio;Informal;
103;BOYACÁ;RAMIRIQUI;29/10/2025;2;15599000000000020;155990000000000200123000000000;Cambio_Numero_Predial_NPH_a_Informal;Publico_Presunto_Baldio;Informal;
104;BOYACÁ;RAMIRIQUI;29/10/2025;2;15599000000000020;155990000000000200122000000000;Cambio_Numero_Predial_NPH_a_Informal;Publico_Presunto_Baldio;Informal;
105;BOYACÁ;RAMIRIQUI;29/10/2025;2;15599000000000020;155990000000000200120000000000;Cambio_Numero_Predial_NPH_a_Informal;Publico_Presunto_Baldio;Informal;
106;BOYACÁ;RAMIRIQUI;29/10/2025;2;15599000000000020;155990000000000200104000000000;Cambio_Numero_Predial_NPH_a_Informal;Publico_Presunto_Baldio;Informal;
107;BOYACÁ;RAMIRIQUI;29/10/2025;2;15599000000000020;155990000000000200102000000000;Cambio_Numero_Predial_NPH_a_Informal;Publico_Presunto_Baldio;Informal;
108;BOYACÁ;RAMIRIQUI;29/10/2025;2;15599000000000020;155990000000000200101000000000;Cambio_Numero_Predial_NPH_a_Informal;Publico_Presunto_Baldio;Informal;
109;BOYACÁ;RAMIRIQUI;29/10/2025;2;15599000000000020;155990000000000200100000000000;Cambio_Numero_Predial_NPH_a_Informal;Publico_Presunto_Baldio;Informal;
110;BOYACÁ;RAMIRIQUI;29/10/2025;2;15599000000000020;155990000000000200083000000000;Cambio_Numero_Predial_NPH_a_Informal;Publico_Presunto_Baldio;Informal;
111;BOYACÁ;RAMIRIQUI;29/10/2025;2;15599000000000020;155990000000000200112000000000;Cambio_Numero_Predial_NPH_a_Informal;Publico_Presunto_Baldio;Informal;
112;BOYACÁ;RAMIRIQUI;29/10/2025;2;15599000000000020;155990000000000200114000000000;Cambio_Numero_Predial_NPH_a_Informal;Publico_Presunto_Baldio;Informal;
113;BOYACÁ;RAMIRIQUI;29/10/2025;2;15599000000000020;155990000000000200115000000000;Cambio_Numero_Predial_NPH_a_Informal;Publico_Presunto_Baldio;Informal;
114;BOYACÁ;RAMIRIQUI;29/10/2025;2;15599000000000020;155990000000000200110000000000;Cambio_Numero_Predial_NPH_a_Informal;Publico_Presunto_Baldio;Informal;
115;BOYACÁ;RAMIRIQUI;29/10/2025;2;15599000000000020;155990000000000200085000000000;Cambio_Numero_Predial_NPH_a_Informal;Publico_Presunto_Baldio;Informal;
116;BOYACÁ;RAMIRIQUI;29/10/2025;2;15599000000000020;155990000000000200094000000000;Cambio_Numero_Predial_NPH_a_Informal;Publico_Presunto_Baldio;Informal;
117;BOYACÁ;RAMIRIQUI;29/10/2025;2;15599000000000020;155990000000000200129000000000;Cambio_Numero_Predial_NPH_a_Informal;Publico_Presunto_Baldio;Informal;
118;BOYACÁ;RAMIRIQUI;29/10/2025;2;15599000000000020;155990000000000200089000000000;Cambio_Numero_Predial_NPH_a_Informal;Publico_Presunto_Baldio;Informal;
119;BOYACÁ;RAMIRIQUI;29/10/2025;2;15599000000000020;155990000000000200130000000000;Cambio_Numero_Predial_NPH_a_Informal;Publico_Presunto_Baldio;Informal;
120;BOYACÁ;RAMIRIQUI;29/10/2025;2;15599000000000020;155990000000000200090000000000;Cambio_Numero_Predial_NPH_a_Informal;Publico_Presunto_Baldio;Informal;
121;BOYACÁ;RAMIRIQUI;29/10/2025;2;15599000000000020;155990000000000200317000000000;Cambio_Numero_Predial_NPH_a_Informal;Publico_Presunto_Baldio;Informal;
122;BOYACÁ;RAMIRIQUI;29/10/2025;2;15599000000000020;155990000000000200322000000000;Cambio_Numero_Predial_NPH_a_Informal;Publico_Presunto_Baldio;Informal;
123;BOYACÁ;RAMIRIQUI;29/10/2025;2;15599000000000020;155990000000000200324000000000;Cambio_Numero_Predial_NPH_a_Informal;Publico_Presunto_Baldio;Informal;
124;BOYACÁ;RAMIRIQUI;29/10/2025;2;15599000000000020;155990000000000200329000000000;Cambio_Numero_Predial_NPH_a_Informal;Publico_Presunto_Baldio;Informal;
125;BOYACÁ;RAMIRIQUI;29/10/2025;2;15599000000000020;155990000000000200368000000000;Cambio_Numero_Predial_NPH_a_Informal;Publico_Presunto_Baldio;Informal;
126;BOYACÁ;RAMIRIQUI;29/10/2025;2;15599000000000020;155990000000000200387000000000;Cambio_Numero_Predial_NPH_a_Informal;Publico_Presunto_Baldio;Informal;
127;BOYACÁ;RAMIRIQUI;29/10/2025;2;15599000000000020;155990000000000200446000000000;Cambio_Numero_Predial_NPH_a_Informal;Publico_Presunto_Baldio;Informal;
128;BOYACÁ;RAMIRIQUI;29/10/2025;2;15599000000000020;155990000000000200455000000000;Cambio_Numero_Predial_NPH_a_Informal;Publico_Presunto_Baldio;Informal;
129;BOYACÁ;RAMIRIQUI;29/10/2025;2;15599000000000020;155990000000000200553000000000;Cambio_Numero_Predial_NPH_a_Informal;Publico_Presunto_Baldio;Informal;
130;BOYACÁ;RAMIRIQUI;29/10/2025;2;15599000000000020;155990000000000200232000000000;Cambio_Numero_Predial_NPH_a_Informal;Publico_Presunto_Baldio;Informal;
131;BOYACÁ;RAMIRIQUI;29/10/2025;2;15599000000000020;155990000000000200452000000000;Cambio_Numero_Predial_NPH_a_Informal;Publico_Presunto_Baldio;Informal;
132;BOYACÁ;RAMIRIQUI;29/10/2025;2;15599000000000020;155990000000000200456000000000;Cambio_Numero_Predial_NPH_a_Informal;Publico_Presunto_Baldio;Informal;
133;BOYACÁ;RAMIRIQUI;29/10/2025;2;15599000000000020;155990000000000200471000000000;Cambio_Numero_Predial_NPH_a_Informal;Publico_Presunto_Baldio;Informal;
134;BOYACÁ;RAMIRIQUI;29/10/2025;2;15599000000000020;155990000000000200494000000000;Cambio_Numero_Predial_NPH_a_Informal;Publico_Presunto_Baldio;Informal;
135;BOYACÁ;RAMIRIQUI;29/10/2025;2;15599000000000020;155990000000000200237000000000;Cambio_Numero_Predial_NPH_a_Informal;Publico_Presunto_Baldio;Informal;
136;BOYACÁ;RAMIRIQUI;29/10/2025;2;15599000000000020;155990000000000200238000000000;Cambio_Numero_Predial_NPH_a_Informal;Publico_Presunto_Baldio;Informal;
137;BOYACÁ;RAMIRIQUI;29/10/2025;2;15599000000000020;155990000000000200332000000000;Cambio_Numero_Predial_NPH_a_Informal;Publico_Presunto_Baldio;Informal;
138;BOYACÁ;RAMIRIQUI;29/10/2025;2;15599000000000020;155990000000000200431000000000;Cambio_Numero_Predial_NPH_a_Informal;Publico_Presunto_Baldio;Informal;
139;BOYACÁ;RAMIRIQUI;29/10/2025;2;15599000000000020;155990000000000200443000000000;Cambio_Numero_Predial_NPH_a_Informal;Publico_Presunto_Baldio;Informal;
140;BOYACÁ;RAMIRIQUI;29/10/2025;2;15599000000000020;155990000000000200440000000000;Cambio_Numero_Predial_NPH_a_Informal;Publico_Presunto_Baldio;Informal;
141;BOYACÁ;RAMIRIQUI;29/10/2025;2;15599000000000020;155990000000000200235000000000;Cambio_Numero_Predial_NPH_a_Informal;Publico_Presunto_Baldio;Informal;
142;BOYACÁ;RAMIRIQUI;29/10/2025;2;15599000000000020;155990000000000200333000000000;Cambio_Numero_Predial_NPH_a_Informal;Publico_Presunto_Baldio;Informal;
143;BOYACÁ;RAMIRIQUI;29/10/2025;2;15599000000000020;155990000000000200171000000000;Cambio_Numero_Predial_NPH_a_Informal;Publico_Presunto_Baldio;Informal;
144;BOYACÁ;RAMIRIQUI;29/10/2025;2;15599000000000020;155990000000000200022000000000;Cambio_Numero_Predial_NPH_a_Informal;Publico_Presunto_Baldio;Informal;
145;BOYACÁ;RAMIRIQUI;29/10/2025;2;15599000000000020;155990000000000200005000000000;Cambio_Numero_Predial_NPH_a_Informal;Publico_Presunto_Baldio;Informal;
146;BOYACÁ;RAMIRIQUI;29/10/2025;2;15599000000000020;155990000000000200006000000000;Cambio_Numero_Predial_NPH_a_Informal;Publico_Presunto_Baldio;Informal;
147;BOYACÁ;RAMIRIQUI;29/10/2025;2;15599000000000020;155990000000000200182000000000;Cambio_Numero_Predial_NPH_a_Informal;Publico_Presunto_Baldio;Informal;
148;BOYACÁ;RAMIRIQUI;29/10/2025;2;15599000000000020;155990000000000200187000000000;Cambio_Numero_Predial_NPH_a_Informal;Publico_Presunto_Baldio;Informal;
149;BOYACÁ;RAMIRIQUI;29/10/2025;2;15599000000000020;155990000000000200015000000000;Cambio_Numero_Predial_NPH_a_Informal;Publico_Presunto_Baldio;Informal;
150;BOYACÁ;RAMIRIQUI;29/10/2025;2;15599000000000020;155990000000000200024000000000;Cambio_Numero_Predial_NPH_a_Informal;Publico_Presunto_Baldio;Informal;
151;BOYACÁ;RAMIRIQUI;29/10/2025;2;15599000000000020;155990000000000200263000000000;Cambio_Numero_Predial_NPH_a_Informal;Publico_Presunto_Baldio;Informal;
152;BOYACÁ;RAMIRIQUI;29/10/2025;2;15599000000000020;155990000000000200261000000000;Cambio_Numero_Predial_NPH_a_Informal;Publico_Presunto_Baldio;Informal;
153;BOYACÁ;RAMIRIQUI;29/10/2025;2;15599000000000020;155990000000000200269000000000;Cambio_Numero_Predial_NPH_a_Informal;Publico_Presunto_Baldio;Informal;
154;BOYACÁ;RAMIRIQUI;29/10/2025;2;15599000000000020;155990000000000200270000000000;Cambio_Numero_Predial_NPH_a_Informal;Publico_Presunto_Baldio;Informal;
155;BOYACÁ;RAMIRIQUI;29/10/2025;2;15599000000000020;155990000000000200284000000000;Cambio_Numero_Predial_NPH_a_Informal;Publico_Presunto_Baldio;Informal;
156;BOYACÁ;RAMIRIQUI;29/10/2025;2;15599000000000020;155990000000000200285000000000;Cambio_Numero_Predial_NPH_a_Informal;Publico_Presunto_Baldio;Informal;
157;BOYACÁ;RAMIRIQUI;29/10/2025;2;15599000000000020;155990000000000200296000000000;Cambio_Numero_Predial_NPH_a_Informal;Publico_Presunto_Baldio;Informal;
158;BOYACÁ;RAMIRIQUI;29/10/2025;2;15599000000000020;155990000000000200138000000000;Cambio_Numero_Predial_NPH_a_Informal;Publico_Presunto_Baldio;Informal;
159;BOYACÁ;RAMIRIQUI;29/10/2025;2;15599000000000020;155990000000000200142000000000;Cambio_Numero_Predial_NPH_a_Informal;Publico_Presunto_Baldio;Informal;
160;BOYACÁ;RAMIRIQUI;29/10/2025;2;15599000000000020;155990000000000200149000000000;Cambio_Numero_Predial_NPH_a_Informal;Publico_Presunto_Baldio;Informal;
161;BOYACÁ;RAMIRIQUI;29/10/2025;2;15599000000000020;155990000000000200160000000000;Cambio_Numero_Predial_NPH_a_Informal;Publico_Presunto_Baldio;Informal;
162;BOYACÁ;RAMIRIQUI;29/10/2025;2;15599000000000020;155990000000000200164000000000;Cambio_Numero_Predial_NPH_a_Informal;Publico_Presunto_Baldio;Informal;
163;BOYACÁ;RAMIRIQUI;29/10/2025;2;15599000000000020;155990000000000200250000000000;Cambio_Numero_Predial_NPH_a_Informal;Publico_Presunto_Baldio;Informal;
164;BOYACÁ;RAMIRIQUI;29/10/2025;2;15599000000000020;155990000000000200134000000000;Cambio_Numero_Predial_NPH_a_Informal;Publico_Presunto_Baldio;Informal;
165;BOYACÁ;RAMIRIQUI;29/10/2025;2;15599000000000020;155990000000000200146000000000;Cambio_Numero_Predial_NPH_a_Informal;Publico_Presunto_Baldio;Informal;
166;BOYACÁ;RAMIRIQUI;29/10/2025;2;15599000000000020;155990000000000200196000000000;Cambio_Numero_Predial_NPH_a_Informal;Publico_Presunto_Baldio;Informal;
167;BOYACÁ;RAMIRIQUI;29/10/2025;2;15599000000000020;155990000000000200197000000000;Cambio_Numero_Predial_NPH_a_Informal;Publico_Presunto_Baldio;Informal;
168;BOYACÁ;RAMIRIQUI;29/10/2025;2;15599000000000020;155990000000000200046000000000;Cambio_Numero_Predial_NPH_a_Informal;Publico_Presunto_Baldio;Informal;
169;BOYACÁ;RAMIRIQUI;29/10/2025;2;15599000000000020;155990000000000200048000000000;Cambio_Numero_Predial_NPH_a_Informal;Publico_Presunto_Baldio;Informal;
170;BOYACÁ;RAMIRIQUI;29/10/2025;2;15599000000000020;155990000000000200066000000000;Cambio_Numero_Predial_NPH_a_Informal;Publico_Presunto_Baldio;Informal;
171;BOYACÁ;RAMIRIQUI;29/10/2025;2;15599000000000020;155990000000000200050000000000;Cambio_Numero_Predial_NPH_a_Informal;Publico_Presunto_Baldio;Informal;
172;BOYACÁ;RAMIRIQUI;29/10/2025;2;15599000000000020;155990000000000200065000000000;Cambio_Numero_Predial_NPH_a_Informal;Publico_Presunto_Baldio;Informal;
173;BOYACÁ;RAMIRIQUI;29/10/2025;2;15599000000000020;155990000000000200064000000000;Cambio_Numero_Predial_NPH_a_Informal;Publico_Presunto_Baldio;Informal;
174;BOYACÁ;RAMIRIQUI;29/10/2025;2;15599000000000020;155990000000000200053000000000;Cambio_Numero_Predial_NPH_a_Informal;Publico_Presunto_Baldio;Informal;
175;BOYACÁ;RAMIRIQUI;29/10/2025;2;15599000000000020;155990000000000200202000000000;Cambio_Numero_Predial_NPH_a_Informal;Publico_Presunto_Baldio;Informal;
176;BOYACÁ;RAMIRIQUI;29/10/2025;2;15599000000000020;155990000000000200044000000000;Cambio_Numero_Predial_NPH_a_Informal;Publico_Presunto_Baldio;Informal;
177;BOYACÁ;RAMIRIQUI;29/10/2025;2;15599000000000020;155990000000000200014000000000;Cambio_Numero_Predial_NPH_a_Informal;Publico_Presunto_Baldio;Informal;
178;BOYACÁ;RAMIRIQUI;29/10/2025;2;15599000000000020;155990000000000200290000000000;Cambio_Numero_Predial_NPH_a_Informal;Publico_Presunto_Baldio;Informal;
179;BOYACÁ;RAMIRIQUI;29/10/2025;2;15599000000000020;155990000000000200292000000000;Cambio_Numero_Predial_NPH_a_Informal;;Informal;
180;BOYACÁ;RAMIRIQUI;29/10/2025;3-4;15599000000000022;155990000000000220044500000001;Cancelacion;;;
181;BOYACÁ;RAMIRIQUI;29/10/2025;3-4;15599000000000022;155990000000000220045500000001;Cancelacion;;;
182;BOYACÁ;RAMIRIQUI;29/10/2025;3-4;15599000000000022;155990000000000220061500000001;Cancelacion;;;
183;BOYACÁ;RAMIRIQUI;29/10/2025;3-4;15599000000000022;155990000000000220077500000001;Cancelacion;;;
184;BOYACÁ;RAMIRIQUI;29/10/2025;3-4;15599000000000022;155990000000000220090500000001;Cancelacion;;;
185;BOYACÁ;RAMIRIQUI;29/10/2025;3-4;15599000000000022;155990000000000220142500000001;Cancelacion;;;
186;BOYACÁ;RAMIRIQUI;29/10/2025;3-4;15599000000000022;155990000000000220143500000001;Cancelacion;;;
187;BOYACÁ;RAMIRIQUI;29/10/2025;3-4;15599000000000022;155990000000000220143500000002;Cancelacion;;;
188;BOYACÁ;RAMIRIQUI;29/10/2025;3-4;15599000000000022;155990000000000220161500000001;Cancelacion;;;
189;BOYACÁ;RAMIRIQUI;29/10/2025;3-4;15599000000000022;155990000000000220174500000001;Cancelacion;;;
190;BOYACÁ;RAMIRIQUI;29/10/2025;3-4;15599000000000022;155990000000000220199500000001;Cancelacion;;;
191;BOYACÁ;RAMIRIQUI;29/10/2025;3-4;15599000000000022;155990000000000220201500000001;Cancelacion;;;
192;BOYACÁ;RAMIRIQUI;29/10/2025;3-4;15599000000000022;155990000000000220209500000001;Cancelacion;;;
193;BOYACÁ;RAMIRIQUI;29/10/2025;3-4;15599000000000022;155990000000000220220500000001;Cancelacion;;;
194;BOYACÁ;RAMIRIQUI;29/10/2025;3-4;15599000000000022;155990000000000220222500000001;Cancelacion;;;
195;BOYACÁ;RAMIRIQUI;29/10/2025;3-4;15599000000000022;155990000000000220242500000001;Cancelacion;;;
196;BOYACÁ;RAMIRIQUI;29/10/2025;3-4;15599000000000022;155990000000000220303500000001;Cancelacion;;;
197;BOYACÁ;RAMIRIQUI;29/10/2025;3-4;15599000000000022;155990000000000220312500000001;Cancelacion;;;
198;BOYACÁ;RAMIRIQUI;29/10/2025;3-4;15599000000000022;155990000000000220079500000001;Cancelacion;;;
199;BOYACÁ;RAMIRIQUI;29/10/2025;3-4;15599000000000022;155990000000000220013500000001;Cancelacion;;;
200;BOYACÁ;RAMIRIQUI;29/10/2025;3-4;15599000000000022;155990000000000220174500000002;Cambio_Numero_Predial_Mejora_a_Informal;Privado_Privado;Informal;
201;BOYACÁ;RAMIRIQUI;29/10/2025;3-4;15599000000000022;155990000000000220174500000003;Cambio_Numero_Predial_Mejora_a_Informal;Privado_Privado;Informal;
202;BOYACÁ;RAMIRIQUI;29/10/2025;3-4;15599000000000022;155990000000000220174500000004;Cambio_Numero_Predial_Mejora_a_Informal;Privado_Privado;Informal;
203;BOYACÁ;RAMIRIQUI;29/10/2025;3-4;15599000000000022;155990000000000220177500000001;Cambio_Numero_Predial_Mejora_a_Informal;Privado_Privado;Informal;
204;BOYACÁ;RAMIRIQUI;29/10/2025;3-4;15599000000000022;155990000000000220224500000001;Cambio_Numero_Predial_Mejora_a_Informal;Privado_Privado;Informal;
205;BOYACÁ;RAMIRIQUI;29/10/2025;3-4;15599000000000022;155990000000000220232500000001;Cambio_Numero_Predial_Mejora_a_Informal;Privado_Privado;Informal;
206;BOYACÁ;RAMIRIQUI;29/10/2025;3-4;15599000000000022;155990000000000220304500000001;Cambio_Numero_Predial_Mejora_a_Informal;Privado_Privado;Informal;
207;BOYACÁ;RAMIRIQUI;29/10/2025;3-4;15599000000000022;155990000000000220214500000001;Cambio_Numero_Predial_Mejora_a_Informal;Publico_Presunto_Baldio;Informal;
208;BOYACÁ;RAMIRIQUI;29/10/2025;3-4;15599000000000022;155990000000000220032000000000;Cambio_Numero_Predial_NPH_a_Informal;Publico_Presunto_Baldio;Informal;
209;BOYACÁ;RAMIRIQUI;29/10/2025;3-4;15599000000000022;155990000000000220036000000000;Cambio_Numero_Predial_NPH_a_Informal;Publico_Presunto_Baldio;Informal;
210;BOYACÁ;RAMIRIQUI;29/10/2025;3-4;15599000000000022;155990000000000220049000000000;Cambio_Numero_Predial_NPH_a_Informal;Publico_Presunto_Baldio;Informal;
211;BOYACÁ;RAMIRIQUI;29/10/2025;3-4;15599000000000022;155990000000000220089000000000;Cambio_Numero_Predial_NPH_a_Informal;Publico_Presunto_Baldio;Informal;
212;BOYACÁ;RAMIRIQUI;29/10/2025;3-4;15599000000000022;155990000000000220127000000000;Cambio_Numero_Predial_NPH_a_Informal;Publico_Presunto_Baldio;Informal;
213;BOYACÁ;RAMIRIQUI;29/10/2025;3-4;15599000000000022;155990000000000220141000000000;Cambio_Numero_Predial_NPH_a_Informal;Publico_Presunto_Baldio;Informal;
214;BOYACÁ;RAMIRIQUI;29/10/2025;3-4;15599000000000022;155990000000000220135000000000;Cambio_Numero_Predial_NPH_a_Informal;Publico_Presunto_Baldio;Informal;
215;BOYACÁ;RAMIRIQUI;29/10/2025;3-4;15599000000000022;155990000000000220234000000000;Cambio_Numero_Predial_NPH_a_Informal;Publico_Presunto_Baldio;Informal;
216;BOYACÁ;RAMIRIQUI;29/10/2025;3-4;15599000000000022;155990000000000220264000000000;Cambio_Numero_Predial_NPH_a_Informal;Publico_Presunto_Baldio;Informal;
217;BOYACÁ;RAMIRIQUI;29/10/2025;3-4;15599000000000022;155990000000000220126000000000;Cambio_Numero_Predial_NPH_a_Informal;Publico_Presunto_Baldio;Informal;
218;BOYACÁ;RAMIRIQUI;29/10/2025;3-4;15599000000000022;155990000000000220138000000000;Cambio_Numero_Predial_NPH_a_Informal;Publico_Presunto_Baldio;Informal;
219;BOYACÁ;RAMIRIQUI;29/10/2025;3-4;15599000000000022;155990000000000220139000000000;Cambio_Numero_Predial_NPH_a_Informal;Publico_Presunto_Baldio;Informal;
220;BOYACÁ;RAMIRIQUI;29/10/2025;3-4;15599000000000022;155990000000000220238000000000;Cambio_Numero_Predial_NPH_a_Informal;Publico_Presunto_Baldio;Informal;
221;BOYACÁ;RAMIRIQUI;29/10/2025;3-4;15599000000000022;155990000000000220253000000000;Cambio_Numero_Predial_NPH_a_Informal;Publico_Presunto_Baldio;Informal;
222;BOYACÁ;RAMIRIQUI;29/10/2025;3-4;15599000000000022;155990000000000220239000000000;Cambio_Numero_Predial_NPH_a_Informal;Publico_Presunto_Baldio;Informal;
223;BOYACÁ;RAMIRIQUI;29/10/2025;3-4;15599000000000022;155990000000000220185000000000;Cambio_Numero_Predial_NPH_a_Informal;Publico_Presunto_Baldio;Informal;
224;BOYACÁ;RAMIRIQUI;29/10/2025;3-4;15599000000000022;155990000000000220258000000000;Cambio_Numero_Predial_NPH_a_Informal;Publico_Presunto_Baldio;Informal;
225;BOYACÁ;RAMIRIQUI;29/10/2025;3-4;15599000000000022;155990000000000220182000000000;Cambio_Numero_Predial_NPH_a_Informal;Publico_Presunto_Baldio;Informal;
226;BOYACÁ;RAMIRIQUI;29/10/2025;3-4;15599000000000022;155990000000000220131000000000;Cambio_Numero_Predial_NPH_a_Informal;Publico_Presunto_Baldio;Informal;
227;BOYACÁ;RAMIRIQUI;29/10/2025;3-4;15599000000000022;155990000000000220252000000000;Cambio_Numero_Predial_NPH_a_Informal;Publico_Presunto_Baldio;Informal;
228;BOYACÁ;RAMIRIQUI;29/10/2025;3-4;15599000000000022;155990000000000220265000000000;Cambio_Numero_Predial_NPH_a_Informal;Publico_Presunto_Baldio;Informal;
229;BOYACÁ;RAMIRIQUI;29/10/2025;3-4;15599000000000022;155990000000000220111000000000;Cambio_Numero_Predial_NPH_a_Informal;Publico_Presunto_Baldio;Informal;
230;BOYACÁ;RAMIRIQUI;29/10/2025;3-4;15599000000000022;155990000000000220118000000000;Cambio_Numero_Predial_NPH_a_Informal;Publico_Presunto_Baldio;Informal;
231;BOYACÁ;RAMIRIQUI;29/10/2025;3-4;15599000000000022;155990000000000220110000000000;Cambio_Numero_Predial_NPH_a_Informal;Publico_Presunto_Baldio;Informal;
232;BOYACÁ;RAMIRIQUI;29/10/2025;3-4;15599000000000022;155990000000000220016000000000;Cambio_Numero_Predial_NPH_a_Informal;Publico_Presunto_Baldio;Informal;
233;BOYACÁ;RAMIRIQUI;29/10/2025;3-4;15599000000000022;155990000000000220268000000000;Cambio_Numero_Predial_NPH_a_Informal;Publico_Presunto_Baldio;Informal;
234;BOYACÁ;RAMIRIQUI;29/10/2025;3-4;15599000000000022;155990000000000220026000000000;Cambio_Numero_Predial_NPH_a_Informal;Publico_Presunto_Baldio;Informal;
235;BOYACÁ;RAMIRIQUI;29/10/2025;3-4;15599000000000022;155990000000000220269000000000;Cambio_Numero_Predial_NPH_a_Informal;Publico_Presunto_Baldio;Informal;
236;BOYACÁ;RAMIRIQUI;29/10/2025;3-4;15599000000000022;155990000000000220114000000000;Cambio_Numero_Predial_NPH_a_Informal;Publico_Presunto_Baldio;Informal;
237;BOYACÁ;RAMIRIQUI;29/10/2025;3-4;15599000000000022;155990000000000220260000000000;Cambio_Numero_Predial_NPH_a_Informal;Publico_Presunto_Baldio;Informal;
238;BOYACÁ;RAMIRIQUI;29/10/2025;3-4;15599000000000022;155990000000000220272000000000;Cambio_Numero_Predial_NPH_a_Informal;Publico_Presunto_Baldio;Informal;
239;BOYACÁ;RAMIRIQUI;29/10/2025;3-4;15599000000000022;155990000000000220267000000000;Cambio_Numero_Predial_NPH_a_Informal;Publico_Presunto_Baldio;Informal;
240;BOYACÁ;RAMIRIQUI;29/10/2025;3-4;15599000000000022;155990000000000220019000000000;Cambio_Numero_Predial_NPH_a_Informal;Publico_Presunto_Baldio;Informal;
241;BOYACÁ;RAMIRIQUI;29/10/2025;3-4;15599000000000022;155990000000000220041000000000;Cambio_Numero_Predial_NPH_a_Informal;Publico_Presunto_Baldio;Informal;
242;BOYACÁ;RAMIRIQUI;29/10/2025;3-4;15599000000000022;155990000000000220094000000000;Cambio_Numero_Predial_NPH_a_Informal;Publico_Presunto_Baldio;Informal;
243;BOYACÁ;RAMIRIQUI;29/10/2025;3-4;15599000000000022;155990000000000220015000000000;Cambio_Numero_Predial_NPH_a_Informal;Publico_Presunto_Baldio;Informal;
244;BOYACÁ;RAMIRIQUI;29/10/2025;3-4;15599000000000022;155990000000000220042000000000;Cambio_Numero_Predial_NPH_a_Informal;Publico_Presunto_Baldio;Informal;
245;BOYACÁ;RAMIRIQUI;29/10/2025;3-4;15599000000000022;155990000000000220043000000000;Cambio_Numero_Predial_NPH_a_Informal;Publico_Presunto_Baldio;Informal;
246;BOYACÁ;RAMIRIQUI;29/10/2025;3-4;15599000000000022;155990000000000220095000000000;Cambio_Numero_Predial_NPH_a_Informal;Publico_Presunto_Baldio;Informal;
247;BOYACÁ;RAMIRIQUI;29/10/2025;3-4;15599000000000022;155990000000000220108000000000;Cambio_Numero_Predial_NPH_a_Informal;Publico_Presunto_Baldio;Informal;
248;BOYACÁ;RAMIRIQUI;29/10/2025;3-4;15599000000000022;155990000000000220109000000000;Cambio_Numero_Predial_NPH_a_Informal;Publico_Presunto_Baldio;Informal;
249;BOYACÁ;RAMIRIQUI;29/10/2025;3-4;15599000000000022;155990000000000220107000000000;Cambio_Numero_Predial_NPH_a_Informal;Publico_Presunto_Baldio;Informal;
250;BOYACÁ;RAMIRIQUI;29/10/2025;3-4;15599000000000022;155990000000000220038000000000;Cambio_Numero_Predial_NPH_a_Informal;Publico_Presunto_Baldio;Informal;
251;BOYACÁ;RAMIRIQUI;29/10/2025;3-4;15599000000000022;155990000000000220106000000000;Cambio_Numero_Predial_NPH_a_Informal;Publico_Presunto_Baldio;Informal;
252;BOYACÁ;RAMIRIQUI;29/10/2025;3-4;15599000000000022;155990000000000220102000000000;Cambio_Numero_Predial_NPH_a_Informal;Publico_Presunto_Baldio;Informal;
253;BOYACÁ;RAMIRIQUI;29/10/2025;3-4;15599000000000022;155990000000000220105000000000;Cambio_Numero_Predial_NPH_a_Informal;Publico_Presunto_Baldio;Informal;
254;BOYACÁ;RAMIRIQUI;29/10/2025;3-4;15599000000000022;155990000000000220104000000000;Cambio_Numero_Predial_NPH_a_Informal;Publico_Presunto_Baldio;Informal;
255;BOYACÁ;RAMIRIQUI;29/10/2025;3-4;15599000000000022;155990000000000220024000000000;Cambio_Numero_Predial_NPH_a_Informal;Publico_Presunto_Baldio;Informal;
256;BOYACÁ;RAMIRIQUI;29/10/2025;3-4;15599000000000022;155990000000000220103000000000;Cambio_Numero_Predial_NPH_a_Informal;Publico_Presunto_Baldio;Informal;
257;BOYACÁ;RAMIRIQUI;29/10/2025;3-4;15599000000000022;155990000000000220081000000000;Cambio_Numero_Predial_NPH_a_Informal;Publico_Presunto_Baldio;Informal;
258;BOYACÁ;RAMIRIQUI;29/10/2025;3-4;15599000000000022;155990000000000220309000000000;Cambio_Numero_Predial_NPH_a_Informal;Publico_Presunto_Baldio;Informal;
259;BOYACÁ;RAMIRIQUI;29/10/2025;3-4;15599000000000022;155990000000000220282000000000;Cambio_Numero_Predial_NPH_a_Informal;Publico_Presunto_Baldio;Informal;
260;BOYACÁ;RAMIRIQUI;29/10/2025;3-4;15599000000000022;155990000000000220263000000000;Cambio_Numero_Predial_NPH_a_Informal;Publico_Presunto_Baldio;Informal;
261;BOYACÁ;RAMIRIQUI;29/10/2025;3-4;15599000000000022;155990000000000220241000000000;Cambio_Numero_Predial_NPH_a_Informal;Publico_Presunto_Baldio;Informal;
262;BOYACÁ;RAMIRIQUI;29/10/2025;3-4;15599000000000022;155990000000000220228000000000;Cambio_Numero_Predial_NPH_a_Informal;Publico_Presunto_Baldio;Informal;
263;BOYACÁ;RAMIRIQUI;29/10/2025;3-4;15599000000000022;155990000000000220225000000000;Cambio_Numero_Predial_NPH_a_Informal;Publico_Presunto_Baldio;Informal;
264;BOYACÁ;RAMIRIQUI;29/10/2025;3-4;15599000000000022;155990000000000220223000000000;Cambio_Numero_Predial_NPH_a_Informal;Publico_Presunto_Baldio;Informal;
265;BOYACÁ;RAMIRIQUI;29/10/2025;3-4;15599000000000022;155990000000000220214000000000;Cambio_Numero_Predial_NPH_a_Informal;Publico_Presunto_Baldio;Informal;
266;BOYACÁ;RAMIRIQUI;29/10/2025;3-4;15599000000000022;155990000000000220212000000000;Cambio_Numero_Predial_NPH_a_Informal;Publico_Presunto_Baldio;Informal;
267;BOYACÁ;RAMIRIQUI;29/10/2025;3-4;15599000000000022;155990000000000220211000000000;Cambio_Numero_Predial_NPH_a_Informal;Publico_Presunto_Baldio;Informal;
268;BOYACÁ;RAMIRIQUI;29/10/2025;3-4;15599000000000022;155990000000000220208000000000;Cambio_Numero_Predial_NPH_a_Informal;Publico_Presunto_Baldio;Informal;
269;BOYACÁ;RAMIRIQUI;29/10/2025;3-4;15599000000000022;155990000000000220207000000000;Cambio_Numero_Predial_NPH_a_Informal;Publico_Presunto_Baldio;Informal;
270;BOYACÁ;RAMIRIQUI;29/10/2025;3-4;15599000000000022;155990000000000220206000000000;Cambio_Numero_Predial_NPH_a_Informal;Publico_Presunto_Baldio;Informal;
271;BOYACÁ;RAMIRIQUI;29/10/2025;3-4;15599000000000022;155990000000000220205000000000;Cambio_Numero_Predial_NPH_a_Informal;Publico_Presunto_Baldio;Informal;
272;BOYACÁ;RAMIRIQUI;29/10/2025;3-4;15599000000000022;155990000000000220197000000000;Cambio_Numero_Predial_NPH_a_Informal;Publico_Presunto_Baldio;Informal;
273;BOYACÁ;RAMIRIQUI;29/10/2025;3-4;15599000000000022;155990000000000220196000000000;Cambio_Numero_Predial_NPH_a_Informal;Publico_Presunto_Baldio;Informal;
274;BOYACÁ;RAMIRIQUI;29/10/2025;3-4;15599000000000022;155990000000000220173000000000;Cambio_Numero_Predial_NPH_a_Informal;Publico_Presunto_Baldio;Informal;
275;BOYACÁ;RAMIRIQUI;29/10/2025;3-4;15599000000000022;155990000000000220170000000000;Cambio_Numero_Predial_NPH_a_Informal;Publico_Presunto_Baldio;Informal;
276;BOYACÁ;RAMIRIQUI;29/10/2025;3-4;15599000000000022;155990000000000220167000000000;Cambio_Numero_Predial_NPH_a_Informal;Publico_Presunto_Baldio;Informal;
277;BOYACÁ;RAMIRIQUI;29/10/2025;3-4;15599000000000022;155990000000000220164000000000;Cambio_Numero_Predial_NPH_a_Informal;Publico_Presunto_Baldio;Informal;
278;BOYACÁ;RAMIRIQUI;29/10/2025;3-4;15599000000000022;155990000000000220160000000000;Cambio_Numero_Predial_NPH_a_Informal;Publico_Presunto_Baldio;Informal;
279;BOYACÁ;RAMIRIQUI;29/10/2025;3-4;15599000000000022;155990000000000220158000000000;Cambio_Numero_Predial_NPH_a_Informal;Publico_Presunto_Baldio;Informal;
280;BOYACÁ;RAMIRIQUI;29/10/2025;3-4;15599000000000022;155990000000000220156000000000;Cambio_Numero_Predial_NPH_a_Informal;Publico_Presunto_Baldio;Informal;
281;BOYACÁ;RAMIRIQUI;29/10/2025;3-4;15599000000000022;155990000000000220154000000000;Cambio_Numero_Predial_NPH_a_Informal;Publico_Presunto_Baldio;Informal;
282;BOYACÁ;RAMIRIQUI;29/10/2025;3-4;15599000000000022;155990000000000220153000000000;Cambio_Numero_Predial_NPH_a_Informal;Publico_Presunto_Baldio;Informal;
283;BOYACÁ;RAMIRIQUI;29/10/2025;3-4;15599000000000022;155990000000000220147000000000;Cambio_Numero_Predial_NPH_a_Informal;Publico_Presunto_Baldio;Informal;
284;BOYACÁ;RAMIRIQUI;29/10/2025;3-4;15599000000000023;155990000000000230045500000001;Cambio_Numero_Predial_Mejora_a_Informal;Privado_Privado;Informal;
285;BOYACÁ;RAMIRIQUI;29/10/2025;3-4;15599000000000023;155990000000000230034000000000;Cambio_Numero_Predial_NPH_a_Informal;Publico_Presunto_Baldio;Informal;
286;BOYACÁ;RAMIRIQUI;29/10/2025;3-4;15599000000000023;155990000000000230035000000000;Cambio_Numero_Predial_NPH_a_Informal;Publico_Presunto_Baldio;Informal;
287;BOYACÁ;RAMIRIQUI;29/10/2025;3-4;15599000000000023;155990000000000230184000000000;Cambio_Numero_Predial_NPH_a_Informal;Publico_Presunto_Baldio;Informal;
288;BOYACÁ;RAMIRIQUI;29/10/2025;3-4;15599000000000023;155990000000000230013000000000;Cambio_Numero_Predial_NPH_a_Informal;Publico_Presunto_Baldio;Informal;
289;BOYACÁ;RAMIRIQUI;29/10/2025;3-4;15599000000000023;155990000000000230190000000000;Cambio_Numero_Predial_NPH_a_Informal;Publico_Presunto_Baldio;Informal;
290;BOYACÁ;RAMIRIQUI;29/10/2025;3-4;15599000000000023;155990000000000230016000000000;Cambio_Numero_Predial_NPH_a_Informal;Publico_Presunto_Baldio;Informal;
291;BOYACÁ;RAMIRIQUI;29/10/2025;3-4;15599000000000023;155990000000000230129000000000;Cambio_Numero_Predial_NPH_a_Informal;Publico_Presunto_Baldio;Informal;
292;BOYACÁ;RAMIRIQUI;29/10/2025;3-4;15599000000000023;155990000000000230115000000000;Cambio_Numero_Predial_NPH_a_Informal;Publico_Presunto_Baldio;Informal;
293;BOYACÁ;RAMIRIQUI;29/10/2025;3-4;15599000000000023;155990000000000230083000000000;Cambio_Numero_Predial_NPH_a_Informal;Publico_Presunto_Baldio;Informal;
294;BOYACÁ;RAMIRIQUI;29/10/2025;3-4;15599000000000023;155990000000000230186000000000;Cambio_Numero_Predial_NPH_a_Informal;Publico_Presunto_Baldio;Informal;
295;BOYACÁ;RAMIRIQUI;29/10/2025;3-4;15599000000000023;155990000000000230015000000000;Cambio_Numero_Predial_NPH_a_Informal;Publico_Presunto_Baldio;Informal;
296;BOYACÁ;RAMIRIQUI;29/10/2025;3-4;15599000000000023;155990000000000230187000000000;Cambio_Numero_Predial_NPH_a_Informal;Publico_Presunto_Baldio;Informal;
297;BOYACÁ;RAMIRIQUI;29/10/2025;3-4;15599000000000023;155990000000000230207000000000;Cambio_Numero_Predial_NPH_a_Informal;Publico_Presunto_Baldio;Informal;
298;BOYACÁ;RAMIRIQUI;29/10/2025;3-4;15599000000000023;155990000000000230074000000000;Cambio_Numero_Predial_NPH_a_Informal;Publico_Presunto_Baldio;Informal;
299;BOYACÁ;RAMIRIQUI;29/10/2025;3-4;15599000000000023;155990000000000230038000000000;Cambio_Numero_Predial_NPH_a_Informal;Publico_Presunto_Baldio;Informal;
300;BOYACÁ;RAMIRIQUI;29/10/2025;3-4;15599000000000023;155990000000000230039000000000;Cambio_Numero_Predial_NPH_a_Informal;Publico_Presunto_Baldio;Informal;
301;BOYACÁ;RAMIRIQUI;29/10/2025;3-4;15599000000000023;155990000000000230061000000000;Cambio_Numero_Predial_NPH_a_Informal;Publico_Presunto_Baldio;Informal;
302;BOYACÁ;RAMIRIQUI;29/10/2025;3-4;15599000000000023;155990000000000230040000000000;Cambio_Numero_Predial_NPH_a_Informal;Publico_Presunto_Baldio;Informal;
303;BOYACÁ;RAMIRIQUI;29/10/2025;3-4;15599000000000023;155990000000000230057000000000;Cambio_Numero_Predial_NPH_a_Informal;Publico_Presunto_Baldio;Informal;
304;BOYACÁ;RAMIRIQUI;29/10/2025;3-4;15599000000000023;155990000000000230047000000000;Cambio_Numero_Predial_NPH_a_Informal;Publico_Presunto_Baldio;Informal;
305;BOYACÁ;RAMIRIQUI;29/10/2025;3-4;15599000000000023;155990000000000230210000000000;Cambio_Numero_Predial_NPH_a_Informal;Publico_Presunto_Baldio;Informal;
306;BOYACÁ;RAMIRIQUI;29/10/2025;3-4;15599000000000023;155990000000000230044000000000;Cambio_Numero_Predial_NPH_a_Informal;Publico_Presunto_Baldio;Informal;
307;BOYACÁ;RAMIRIQUI;29/10/2025;3-4;15599000000000023;155990000000000230041000000000;Cambio_Numero_Predial_NPH_a_Informal;Publico_Presunto_Baldio;Informal;
308;BOYACÁ;RAMIRIQUI;29/10/2025;3-4;15599000000000023;155990000000000230043000000000;Cambio_Numero_Predial_NPH_a_Informal;Publico_Presunto_Baldio;Informal;
309;BOYACÁ;RAMIRIQUI;29/10/2025;3-4;15599000000000023;155990000000000230079000000000;Cambio_Numero_Predial_NPH_a_Informal;Publico_Presunto_Baldio;Informal;
310;BOYACÁ;RAMIRIQUI;29/10/2025;3-4;15599000000000023;155990000000000230058000000000;Cambio_Numero_Predial_NPH_a_Informal;Publico_Presunto_Baldio;Informal;
311;BOYACÁ;RAMIRIQUI;29/10/2025;3-4;15599000000000023;155990000000000230046000000000;Cambio_Numero_Predial_NPH_a_Informal;Publico_Presunto_Baldio;Informal;
312;BOYACÁ;RAMIRIQUI;29/10/2025;3-4;15599000000000023;155990000000000230059000000000;Cambio_Numero_Predial_NPH_a_Informal;Publico_Presunto_Baldio;Informal;
313;BOYACÁ;RAMIRIQUI;29/10/2025;3-4;15599000000000023;155990000000000230060000000000;Cambio_Numero_Predial_NPH_a_Informal;Publico_Presunto_Baldio;Informal;
314;BOYACÁ;RAMIRIQUI;29/10/2025;3-4;15599000000000023;155990000000000230209000000000;Cambio_Numero_Predial_NPH_a_Informal;Publico_Presunto_Baldio;Informal;
315;BOYACÁ;RAMIRIQUI;29/10/2025;3-4;15599000000000023;155990000000000230176000000000;Cambio_Numero_Predial_NPH_a_Informal;Publico_Presunto_Baldio;Informal;
316;BOYACÁ;RAMIRIQUI;29/10/2025;3-4;15599000000000023;155990000000000230208000000000;Cambio_Numero_Predial_NPH_a_Informal;Publico_Presunto_Baldio;Informal;
317;BOYACÁ;RAMIRIQUI;29/10/2025;3-4;15599000000000023;155990000000000230146000000000;Cambio_Numero_Predial_NPH_a_Informal;Publico_Presunto_Baldio;Informal;
318;BOYACÁ;RAMIRIQUI;29/10/2025;3-4;15599000000000023;155990000000000230167000000000;Cambio_Numero_Predial_NPH_a_Informal;Publico_Presunto_Baldio;Informal;
319;BOYACÁ;RAMIRIQUI;29/10/2025;3-4;15599000000000023;155990000000000230157000000000;Cambio_Numero_Predial_NPH_a_Informal;Publico_Presunto_Baldio;Informal;
320;BOYACÁ;RAMIRIQUI;29/10/2025;3-4;15599000000000023;155990000000000230189000000000;Cambio_Numero_Predial_NPH_a_Informal;Publico_Presunto_Baldio;Informal;
321;BOYACÁ;RAMIRIQUI;29/10/2025;3-4;15599000000000023;155990000000000230145000000000;Cambio_Numero_Predial_NPH_a_Informal;Publico_Presunto_Baldio;Informal;
322;BOYACÁ;RAMIRIQUI;29/10/2025;3-4;15599000000000023;155990000000000230149000000000;Cambio_Numero_Predial_NPH_a_Informal;Publico_Presunto_Baldio;Informal;
323;BOYACÁ;RAMIRIQUI;29/10/2025;3-4;15599000000000023;155990000000000230161000000000;Cambio_Numero_Predial_NPH_a_Informal;Publico_Presunto_Baldio;Informal;
324;BOYACÁ;RAMIRIQUI;29/10/2025;3-4;15599000000000023;155990000000000230155000000000;Cambio_Numero_Predial_NPH_a_Informal;Publico_Presunto_Baldio;Informal;
325;BOYACÁ;RAMIRIQUI;29/10/2025;3-4;15599000000000023;155990000000000230088000000000;Cambio_Numero_Predial_NPH_a_Informal;Publico_Presunto_Baldio;Informal;
326;BOYACÁ;RAMIRIQUI;29/10/2025;3-4;15599000000000023;155990000000000230103000000000;Cambio_Numero_Predial_NPH_a_Informal;Publico_Presunto_Baldio;Informal;
327;BOYACÁ;RAMIRIQUI;29/10/2025;3-4;15599000000000023;155990000000000230101000000000;Cambio_Numero_Predial_NPH_a_Informal;Publico_Presunto_Baldio;Informal;
328;BOYACÁ;RAMIRIQUI;29/10/2025;3-4;15599000000000023;155990000000000230064000000000;Cambio_Numero_Predial_NPH_a_Informal;Publico_Presunto_Baldio;Informal;
329;BOYACÁ;RAMIRIQUI;29/10/2025;3-4;15599000000000023;155990000000000230125000000000;Cambio_Numero_Predial_NPH_a_Informal;Publico_Presunto_Baldio;Informal;
330;BOYACÁ;RAMIRIQUI;29/10/2025;3-4;15599000000000023;155990000000000230073000000000;Cambio_Numero_Predial_NPH_a_Informal;Publico_Presunto_Baldio;Informal;
331;BOYACÁ;RAMIRIQUI;29/10/2025;3-4;15599000000000023;155990000000000230077000000000;Cambio_Numero_Predial_NPH_a_Informal;Publico_Presunto_Baldio;Informal;
332;BOYACÁ;RAMIRIQUI;29/10/2025;3-4;15599000000000023;155990000000000230076000000000;Cambio_Numero_Predial_NPH_a_Informal;Publico_Presunto_Baldio;Informal;
333;BOYACÁ;RAMIRIQUI;29/10/2025;3-4;15599000000000023;155990000000000230123000000000;Cambio_Numero_Predial_NPH_a_Informal;Publico_Presunto_Baldio;Informal;
334;BOYACÁ;RAMIRIQUI;29/10/2025;3-4;15599000000000023;155990000000000230122000000000;Cambio_Numero_Predial_NPH_a_Informal;Publico_Presunto_Baldio;Informal;
335;BOYACÁ;RAMIRIQUI;29/10/2025;3-4;15599000000000023;155990000000000230113000000000;Cambio_Numero_Predial_NPH_a_Informal;Publico_Presunto_Baldio;Informal;
336;BOYACÁ;RAMIRIQUI;29/10/2025;3-4;15599000000000024;155990000000000240466500000001;Cancelacion;;;
337;BOYACÁ;RAMIRIQUI;29/10/2025;3-4;15599000000000024;155990000000000240555500000001;Cancelacion;;;
338;BOYACÁ;RAMIRIQUI;29/10/2025;3-4;15599000000000024;155990000000000240465500000001;Cambio_Numero_Predial_Mejora_a_Informal;Publico_Presunto_Baldio;Informal;
339;BOYACÁ;RAMIRIQUI;29/10/2025;3-4;15599000000000024;155990000000000240332000000000;Cambio_Numero_Predial_NPH_a_Informal;Publico_Presunto_Baldio;Informal;
340;BOYACÁ;RAMIRIQUI;29/10/2025;3-4;15599000000000024;155990000000000240296000000000;Cambio_Numero_Predial_NPH_a_Informal;Publico_Presunto_Baldio;Informal;
341;BOYACÁ;RAMIRIQUI;29/10/2025;3-4;15599000000000024;155990000000000240299000000000;Cambio_Numero_Predial_NPH_a_Informal;Publico_Presunto_Baldio;Informal;
342;BOYACÁ;RAMIRIQUI;29/10/2025;3-4;15599000000000024;155990000000000240359000000000;Cambio_Numero_Predial_NPH_a_Informal;Publico_Presunto_Baldio;Informal;
343;BOYACÁ;RAMIRIQUI;29/10/2025;3-4;15599000000000024;155990000000000240362000000000;Cambio_Numero_Predial_NPH_a_Informal;Publico_Presunto_Baldio;Informal;
344;BOYACÁ;RAMIRIQUI;29/10/2025;3-4;15599000000000024;155990000000000240293000000000;Cambio_Numero_Predial_NPH_a_Informal;Publico_Presunto_Baldio;Informal;
345;BOYACÁ;RAMIRIQUI;29/10/2025;3-4;15599000000000024;155990000000000240345000000000;Cambio_Numero_Predial_NPH_a_Informal;Publico_Presunto_Baldio;Informal;
346;BOYACÁ;RAMIRIQUI;29/10/2025;3-4;15599000000000024;155990000000000240363000000000;Cambio_Numero_Predial_NPH_a_Informal;Publico_Presunto_Baldio;Informal;
347;BOYACÁ;RAMIRIQUI;29/10/2025;3-4;15599000000000024;155990000000000240349000000000;Cambio_Numero_Predial_NPH_a_Informal;Publico_Presunto_Baldio;Informal;
348;BOYACÁ;RAMIRIQUI;29/10/2025;3-4;15599000000000024;155990000000000240302000000000;Cambio_Numero_Predial_NPH_a_Informal;Publico_Presunto_Baldio;Informal;
349;BOYACÁ;RAMIRIQUI;29/10/2025;3-4;15599000000000024;155990000000000240356000000000;Cambio_Numero_Predial_NPH_a_Informal;Publico_Presunto_Baldio;Informal;
350;BOYACÁ;RAMIRIQUI;29/10/2025;3-4;15599000000000024;155990000000000240581000000000;Cambio_Numero_Predial_NPH_a_Informal;Publico_Presunto_Baldio;Informal;
351;BOYACÁ;RAMIRIQUI;29/10/2025;3-4;15599000000000024;155990000000000240366000000000;Cambio_Numero_Predial_NPH_a_Informal;Publico_Presunto_Baldio;Informal;
352;BOYACÁ;RAMIRIQUI;29/10/2025;3-4;15599000000000024;155990000000000240674000000000;Cambio_Numero_Predial_NPH_a_Informal;Publico_Presunto_Baldio;Informal;
353;BOYACÁ;RAMIRIQUI;29/10/2025;3-4;15599000000000024;155990000000000240638000000000;Cambio_Numero_Predial_NPH_a_Informal;Publico_Presunto_Baldio;Informal;
354;BOYACÁ;RAMIRIQUI;29/10/2025;3-4;15599000000000024;155990000000000240365000000000;Cambio_Numero_Predial_NPH_a_Informal;Publico_Presunto_Baldio;Informal;
355;BOYACÁ;RAMIRIQUI;29/10/2025;3-4;15599000000000024;155990000000000240420000000000;Cambio_Numero_Predial_NPH_a_Informal;Publico_Presunto_Baldio;Informal;
356;BOYACÁ;RAMIRIQUI;29/10/2025;3-4;15599000000000024;155990000000000240639000000000;Cambio_Numero_Predial_NPH_a_Informal;Publico_Presunto_Baldio;Informal;
357;BOYACÁ;RAMIRIQUI;29/10/2025;3-4;15599000000000024;155990000000000240466000000000;Cambio_Numero_Predial_NPH_a_Informal;Publico_Presunto_Baldio;Informal;
358;BOYACÁ;RAMIRIQUI;29/10/2025;3-4;15599000000000024;155990000000000240651000000000;Cambio_Numero_Predial_NPH_a_Informal;Publico_Presunto_Baldio;Informal;
359;BOYACÁ;RAMIRIQUI;29/10/2025;3-4;15599000000000024;155990000000000240646000000000;Cambio_Numero_Predial_NPH_a_Informal;Publico_Presunto_Baldio;Informal;
360;BOYACÁ;RAMIRIQUI;29/10/2025;3-4;15599000000000024;155990000000000240642000000000;Cambio_Numero_Predial_NPH_a_Informal;Publico_Presunto_Baldio;Informal;
361;BOYACÁ;RAMIRIQUI;29/10/2025;3-4;15599000000000024;155990000000000240465000000000;Cambio_Numero_Predial_NPH_a_Informal;Publico_Presunto_Baldio;Informal;
362;BOYACÁ;RAMIRIQUI;29/10/2025;3-4;15599000000000024;155990000000000240636000000000;Cambio_Numero_Predial_NPH_a_Informal;Publico_Presunto_Baldio;Informal;
363;BOYACÁ;RAMIRIQUI;29/10/2025;3-4;15599000000000024;155990000000000240584000000000;Cambio_Numero_Predial_NPH_a_Informal;Publico_Presunto_Baldio;Informal;
364;BOYACÁ;RAMIRIQUI;29/10/2025;3-4;15599000000000024;155990000000000240633000000000;Cambio_Numero_Predial_NPH_a_Informal;Publico_Presunto_Baldio;Informal;
365;BOYACÁ;RAMIRIQUI;29/10/2025;3-4;15599000000000024;155990000000000240666000000000;Cambio_Numero_Predial_NPH_a_Informal;Publico_Presunto_Baldio;Informal;
366;BOYACÁ;RAMIRIQUI;29/10/2025;3-4;15599000000000024;155990000000000240461000000000;Cambio_Numero_Predial_NPH_a_Informal;Publico_Presunto_Baldio;Informal;
367;BOYACÁ;RAMIRIQUI;29/10/2025;3-4;15599000000000024;155990000000000240460000000000;Cambio_Numero_Predial_NPH_a_Informal;Publico_Presunto_Baldio;Informal;
368;BOYACÁ;RAMIRIQUI;29/10/2025;3-4;15599000000000024;155990000000000240653000000000;Cambio_Numero_Predial_NPH_a_Informal;Publico_Presunto_Baldio;Informal;
369;BOYACÁ;RAMIRIQUI;29/10/2025;3-4;15599000000000024;155990000000000240444000000000;Cambio_Numero_Predial_NPH_a_Informal;Publico_Presunto_Baldio;Informal;
370;BOYACÁ;RAMIRIQUI;29/10/2025;3-4;15599000000000024;155990000000000240450000000000;Cambio_Numero_Predial_NPH_a_Informal;Publico_Presunto_Baldio;Informal;
371;BOYACÁ;RAMIRIQUI;29/10/2025;3-4;15599000000000024;155990000000000240657000000000;Cambio_Numero_Predial_NPH_a_Informal;Publico_Presunto_Baldio;Informal;
372;BOYACÁ;RAMIRIQUI;29/10/2025;3-4;15599000000000024;155990000000000240443000000000;Cambio_Numero_Predial_NPH_a_Informal;Publico_Presunto_Baldio;Informal;
373;BOYACÁ;RAMIRIQUI;29/10/2025;3-4;15599000000000024;155990000000000240509000000000;Cambio_Numero_Predial_NPH_a_Informal;Publico_Presunto_Baldio;Informal;
374;BOYACÁ;RAMIRIQUI;29/10/2025;3-4;15599000000000024;155990000000000240284000000000;Cambio_Numero_Predial_NPH_a_Informal;Publico_Presunto_Baldio;Informal;
375;BOYACÁ;RAMIRIQUI;29/10/2025;3-4;15599000000000024;155990000000000240679000000000;Cambio_Numero_Predial_NPH_a_Informal;Publico_Presunto_Baldio;Informal;
376;BOYACÁ;RAMIRIQUI;29/10/2025;3-4;15599000000000024;155990000000000240634000000000;Cambio_Numero_Predial_NPH_a_Informal;Publico_Presunto_Baldio;Informal;
377;BOYACÁ;RAMIRIQUI;29/10/2025;3-4;15599000000000024;155990000000000240654000000000;Cambio_Numero_Predial_NPH_a_Informal;Publico_Presunto_Baldio;Informal;
378;BOYACÁ;RAMIRIQUI;29/10/2025;3-4;15599000000000024;155990000000000240630000000000;Cambio_Numero_Predial_NPH_a_Informal;Publico_Presunto_Baldio;Informal;
379;BOYACÁ;RAMIRIQUI;29/10/2025;3-4;15599000000000024;155990000000000240645000000000;Cambio_Numero_Predial_NPH_a_Informal;Publico_Presunto_Baldio;Informal;
380;BOYACÁ;RAMIRIQUI;29/10/2025;3-4;15599000000000024;155990000000000240655000000000;Cambio_Numero_Predial_NPH_a_Informal;Publico_Presunto_Baldio;Informal;
381;BOYACÁ;RAMIRIQUI;29/10/2025;3-4;15599000000000024;155990000000000240329000000000;Cambio_Numero_Predial_NPH_a_Informal;Publico_Presunto_Baldio;Informal;
382;BOYACÁ;RAMIRIQUI;29/10/2025;3-4;15599000000000024;155990000000000240491000000000;Cambio_Numero_Predial_NPH_a_Informal;Publico_Presunto_Baldio;Informal;
383;BOYACÁ;RAMIRIQUI;29/10/2025;3-4;15599000000000024;155990000000000240441000000000;Cambio_Numero_Predial_NPH_a_Informal;Publico_Presunto_Baldio;Informal;
384;BOYACÁ;RAMIRIQUI;29/10/2025;3-4;15599000000000024;155990000000000240280000000000;Cambio_Numero_Predial_NPH_a_Informal;Publico_Presunto_Baldio;Informal;
385;BOYACÁ;RAMIRIQUI;29/10/2025;3-4;15599000000000024;155990000000000240276000000000;Cambio_Numero_Predial_NPH_a_Informal;Publico_Presunto_Baldio;Informal;
386;BOYACÁ;RAMIRIQUI;29/10/2025;3-4;15599000000000024;155990000000000240272000000000;Cambio_Numero_Predial_NPH_a_Informal;Publico_Presunto_Baldio;Informal;
387;BOYACÁ;RAMIRIQUI;29/10/2025;3-4;15599000000000024;155990000000000240153000000000;Cambio_Numero_Predial_NPH_a_Informal;Publico_Presunto_Baldio;Informal;
388;BOYACÁ;RAMIRIQUI;29/10/2025;3-4;15599000000000024;155990000000000240009000000000;Cambio_Numero_Predial_NPH_a_Informal;Publico_Presunto_Baldio;Informal;
389;BOYACÁ;RAMIRIQUI;29/10/2025;3-4;15599000000000024;155990000000000240010000000000;Cambio_Numero_Predial_NPH_a_Informal;Publico_Presunto_Baldio;Informal;
390;BOYACÁ;RAMIRIQUI;29/10/2025;3-4;15599000000000024;155990000000000240017000000000;Cambio_Numero_Predial_NPH_a_Informal;Publico_Presunto_Baldio;Informal;
391;BOYACÁ;RAMIRIQUI;29/10/2025;3-4;15599000000000024;155990000000000240026000000000;Cambio_Numero_Predial_NPH_a_Informal;Publico_Presunto_Baldio;Informal;
392;BOYACÁ;RAMIRIQUI;29/10/2025;3-4;15599000000000024;155990000000000240039000000000;Cambio_Numero_Predial_NPH_a_Informal;Publico_Presunto_Baldio;Informal;
393;BOYACÁ;RAMIRIQUI;29/10/2025;3-4;15599000000000024;155990000000000240040000000000;Cambio_Numero_Predial_NPH_a_Informal;Publico_Presunto_Baldio;Informal;
394;BOYACÁ;RAMIRIQUI;29/10/2025;3-4;15599000000000024;155990000000000240043000000000;Cambio_Numero_Predial_NPH_a_Informal;Publico_Presunto_Baldio;Informal;
395;BOYACÁ;RAMIRIQUI;29/10/2025;3-4;15599000000000024;155990000000000240044000000000;Cambio_Numero_Predial_NPH_a_Informal;Publico_Presunto_Baldio;Informal;
396;BOYACÁ;RAMIRIQUI;29/10/2025;3-4;15599000000000024;155990000000000240046000000000;Cambio_Numero_Predial_NPH_a_Informal;Publico_Presunto_Baldio;Informal;
397;BOYACÁ;RAMIRIQUI;29/10/2025;3-4;15599000000000024;155990000000000240053000000000;Cambio_Numero_Predial_NPH_a_Informal;Publico_Presunto_Baldio;Informal;
398;BOYACÁ;RAMIRIQUI;29/10/2025;3-4;15599000000000024;155990000000000240065000000000;Cambio_Numero_Predial_NPH_a_Informal;Publico_Presunto_Baldio;Informal;
399;BOYACÁ;RAMIRIQUI;29/10/2025;3-4;15599000000000024;155990000000000240577000000000;Cambio_Numero_Predial_NPH_a_Informal;Publico_Presunto_Baldio;Informal;
400;BOYACÁ;RAMIRIQUI;29/10/2025;3-4;15599000000000024;155990000000000240578000000000;Cambio_Numero_Predial_NPH_a_Informal;Publico_Presunto_Baldio;Informal;
401;BOYACÁ;RAMIRIQUI;29/10/2025;3-4;15599000000000024;155990000000000240585000000000;Cambio_Numero_Predial_NPH_a_Informal;Publico_Presunto_Baldio;Informal;
402;BOYACÁ;RAMIRIQUI;29/10/2025;3-4;15599000000000024;155990000000000240377000000000;Cambio_Numero_Predial_NPH_a_Informal;Publico_Presunto_Baldio;Informal;
403;BOYACÁ;RAMIRIQUI;29/10/2025;3-4;15599000000000024;155990000000000240431000000000;Cambio_Numero_Predial_NPH_a_Informal;Publico_Presunto_Baldio;Informal;
404;BOYACÁ;RAMIRIQUI;29/10/2025;3-4;15599000000000024;155990000000000240429000000000;Cambio_Numero_Predial_NPH_a_Informal;Publico_Presunto_Baldio;Informal;
405;BOYACÁ;RAMIRIQUI;29/10/2025;3-4;15599000000000024;155990000000000240179000000000;Cambio_Numero_Predial_NPH_a_Informal;Publico_Presunto_Baldio;Informal;
406;BOYACÁ;RAMIRIQUI;29/10/2025;3-4;15599000000000024;155990000000000240384000000000;Cambio_Numero_Predial_NPH_a_Informal;Publico_Presunto_Baldio;Informal;
407;BOYACÁ;RAMIRIQUI;29/10/2025;3-4;15599000000000024;155990000000000240417000000000;Cambio_Numero_Predial_NPH_a_Informal;Publico_Presunto_Baldio;Informal;
408;BOYACÁ;RAMIRIQUI;29/10/2025;3-4;15599000000000024;155990000000000240385000000000;Cambio_Numero_Predial_NPH_a_Informal;Publico_Presunto_Baldio;Informal;
409;BOYACÁ;RAMIRIQUI;29/10/2025;3-4;15599000000000024;155990000000000240183000000000;Cambio_Numero_Predial_NPH_a_Informal;Publico_Presunto_Baldio;Informal;
410;BOYACÁ;RAMIRIQUI;29/10/2025;3-4;15599000000000024;155990000000000240426000000000;Cambio_Numero_Predial_NPH_a_Informal;Publico_Presunto_Baldio;Informal;
411;BOYACÁ;RAMIRIQUI;29/10/2025;3-4;15599000000000024;155990000000000240418000000000;Cambio_Numero_Predial_NPH_a_Informal;Publico_Presunto_Baldio;Informal;
412;BOYACÁ;RAMIRIQUI;29/10/2025;3-4;15599000000000024;155990000000000240178000000000;Cambio_Numero_Predial_NPH_a_Informal;Publico_Presunto_Baldio;Informal;
413;BOYACÁ;RAMIRIQUI;29/10/2025;3-4;15599000000000024;155990000000000240415000000000;Cambio_Numero_Predial_NPH_a_Informal;Publico_Presunto_Baldio;Informal;
414;BOYACÁ;RAMIRIQUI;29/10/2025;3-4;15599000000000024;155990000000000240078000000000;Cambio_Numero_Predial_NPH_a_Informal;Publico_Presunto_Baldio;Informal;
415;BOYACÁ;RAMIRIQUI;29/10/2025;3-4;15599000000000024;155990000000000240083000000000;Cambio_Numero_Predial_NPH_a_Informal;Publico_Presunto_Baldio;Informal;
416;BOYACÁ;RAMIRIQUI;29/10/2025;3-4;15599000000000024;155990000000000240103000000000;Cambio_Numero_Predial_NPH_a_Informal;Publico_Presunto_Baldio;Informal;
417;BOYACÁ;RAMIRIQUI;29/10/2025;3-4;15599000000000024;155990000000000240107000000000;Cambio_Numero_Predial_NPH_a_Informal;Publico_Presunto_Baldio;Informal;
418;BOYACÁ;RAMIRIQUI;29/10/2025;3-4;15599000000000024;155990000000000240108000000000;Cambio_Numero_Predial_NPH_a_Informal;Publico_Presunto_Baldio;Informal;
419;BOYACÁ;RAMIRIQUI;29/10/2025;3-4;15599000000000024;155990000000000240139000000000;Cambio_Numero_Predial_NPH_a_Informal;Publico_Presunto_Baldio;Informal;
420;BOYACÁ;RAMIRIQUI;29/10/2025;3-4;15599000000000024;155990000000000240141000000000;Cambio_Numero_Predial_NPH_a_Informal;Publico_Presunto_Baldio;Informal;
421;BOYACÁ;RAMIRIQUI;29/10/2025;3-4;15599000000000024;155990000000000240191000000000;Cambio_Numero_Predial_NPH_a_Informal;Publico_Presunto_Baldio;Informal;
422;BOYACÁ;RAMIRIQUI;29/10/2025;3-4;15599000000000024;155990000000000240192000000000;Cambio_Numero_Predial_NPH_a_Informal;Publico_Presunto_Baldio;Informal;
423;BOYACÁ;RAMIRIQUI;29/10/2025;3-4;15599000000000024;155990000000000240196000000000;Cambio_Numero_Predial_NPH_a_Informal;Publico_Presunto_Baldio;Informal;
424;BOYACÁ;RAMIRIQUI;29/10/2025;3-4;15599000000000024;155990000000000240197000000000;Cambio_Numero_Predial_NPH_a_Informal;Publico_Presunto_Baldio;Informal;
425;BOYACÁ;RAMIRIQUI;29/10/2025;3-4;15599000000000024;155990000000000240198000000000;Cambio_Numero_Predial_NPH_a_Informal;Publico_Presunto_Baldio;Informal;
426;BOYACÁ;RAMIRIQUI;29/10/2025;3-4;15599000000000024;155990000000000240200000000000;Cambio_Numero_Predial_NPH_a_Informal;Publico_Presunto_Baldio;Informal;
427;BOYACÁ;RAMIRIQUI;29/10/2025;3-4;15599000000000024;155990000000000240398000000000;Cambio_Numero_Predial_NPH_a_Informal;Publico_Presunto_Baldio;Informal;
428;BOYACÁ;RAMIRIQUI;29/10/2025;3-4;15599000000000024;155990000000000240579000000000;Cambio_Numero_Predial_NPH_a_Informal;Publico_Presunto_Baldio;Informal;
429;BOYACÁ;RAMIRIQUI;29/10/2025;3-4;15599000000000024;155990000000000240193000000000;Cambio_Numero_Predial_NPH_a_Informal;Publico_Presunto_Baldio;Informal;
430;BOYACÁ;RAMIRIQUI;29/10/2025;3-4;15599000000000024;155990000000000240214000000000;Cambio_Numero_Predial_NPH_a_Informal;Publico_Presunto_Baldio;Informal;
431;BOYACÁ;RAMIRIQUI;29/10/2025;3-4;15599000000000024;155990000000000240215000000000;Cambio_Numero_Predial_NPH_a_Informal;Publico_Presunto_Baldio;Informal;
432;BOYACÁ;RAMIRIQUI;29/10/2025;3-4;15599000000000024;155990000000000240242000000000;Cambio_Numero_Predial_NPH_a_Informal;Publico_Presunto_Baldio;Informal;
433;BOYACÁ;RAMIRIQUI;29/10/2025;3-4;15599000000000024;155990000000000240263000000000;Cambio_Numero_Predial_NPH_a_Informal;Publico_Presunto_Baldio;Informal;
434;BOYACÁ;RAMIRIQUI;29/10/2025;3-4;15599000000000024;155990000000000240270000000000;Cambio_Numero_Predial_NPH_a_Informal;Publico_Presunto_Baldio;Informal;
435;BOYACÁ;RAMIRIQUI;29/10/2025;3-4;15599000000000024;155990000000000240320000000000;Cambio_Numero_Predial_NPH_a_Informal;Publico_Presunto_Baldio;Informal;
436;BOYACÁ;RAMIRIQUI;29/10/2025;3-4;15599000000000024;155990000000000240321000000000;Cambio_Numero_Predial_NPH_a_Informal;Publico_Presunto_Baldio;Informal;
437;BOYACÁ;RAMIRIQUI;29/10/2025;3-4;15599000000000024;155990000000000240428000000000;Cambio_Numero_Predial_NPH_a_Informal;Publico_Presunto_Baldio;Informal;
438;BOYACÁ;RAMIRIQUI;29/10/2025;3-4;15599000000000024;155990000000000240437000000000;Cambio_Numero_Predial_NPH_a_Informal;Publico_Presunto_Baldio;Informal;
439;BOYACÁ;RAMIRIQUI;29/10/2025;3-4;15599000000000024;155990000000000240438000000000;Cambio_Numero_Predial_NPH_a_Informal;Publico_Presunto_Baldio;Informal;
440;BOYACÁ;RAMIRIQUI;29/10/2025;3-4;15599000000000024;155990000000000240439000000000;Cambio_Numero_Predial_NPH_a_Informal;Publico_Presunto_Baldio;Informal;
441;BOYACÁ;RAMIRIQUI;29/10/2025;3-4;15599000000000024;155990000000000240580000000000;Cambio_Numero_Predial_NPH_a_Informal;Publico_Presunto_Baldio;Informal;
