id_operacion;no, fmi;dirección territorial;municipio;fecha_envio_juridico;folio_matriz;novedadfmi_tipo;npnmatriz;novedad_numero_predial;folio_derivados;predio tipo;condicion prop derivado;área registral m2;coeficiente;área coefieciente;field15
L5_552;552;ATLÁNTICO;TUBARÁ;6/10/2025;040-406198;;8,832E+28;Desenglobe_Venta_Parcial;040-653377;Privado_Privado;NPH;500;;;
L5_551;551;ATLÁNTICO;TUBARÁ;6/10/2025;040-406198;;8,832E+28;Desenglobe_Venta_Parcial;040-653380;Privado_Privado;NPH;500;;;
L5_550;550;ATLÁNTICO;TUBARÁ;6/10/2025;040-406198;;8,832E+28;Desenglobe_Venta_Parcial;040-653373;Privado_Privado;NPH;604.9;;;
L5_549;549;ATLÁNTICO;TUBARÁ;6/10/2025;040-406198;;8,832E+28;Desenglobe_Venta_Parcial;040-653383;Privado_Privado;NPH;374.1;;;
L5_548;548;ATLÁNTICO;TUBARÁ;6/10/2025;040-406198;;8,832E+28;Desenglobe_Venta_Parcial;040-653372;Privado_Privado;NPH;52.570.000.000.000.000;;;
L5_547;547;ATLÁNTICO;TUBARÁ;6/10/2025;040-406198;;8,832E+28;Desenglobe_Venta_Parcial;040-653369;Privado_Privado;NPH;500;;;
L5_546;546;ATLÁNTICO;TUBARÁ;6/10/2025;040-406198;;8,832E+28;Desenglobe_Venta_Parcial;040-653387;Privado_Privado;NPH;500;;;
L5_545;545;ATLÁNTICO;TUBARÁ;6/10/2025;040-406198;;8,832E+28;Desenglobe_Venta_Parcial;040-653379;Privado_Privado;NPH;500;;;
L5_544;544;ATLÁNTICO;TUBARÁ;6/10/2025;040-406198;;8,832E+28;Desenglobe_Venta_Parcial;040-653366;Privado_Privado;NPH;56.920.000.000.000.000;;;
L5_543;543;ATLÁNTICO;TUBARÁ;6/10/2025;040-406198;;8,832E+28;Desenglobe_Venta_Parcial;040-653386;Privado_Privado;NPH;500;;;
L5_542;542;ATLÁNTICO;TUBARÁ;6/10/2025;040-406198;;8,832E+28;Desenglobe_Venta_Parcial;040-653385;Privado_Privado;NPH;500;;;
L5_541;541;ATLÁNTICO;TUBARÁ;6/10/2025;040-406198;;8,832E+28;Desenglobe_Venta_Parcial;040-653370;Privado_Privado;NPH;500;;;
L5_540;540;ATLÁNTICO;TUBARÁ;6/10/2025;040-406198;;8,832E+28;Desenglobe_Venta_Parcial;040-653384;Privado_Privado;NPH;500;;;
L5_539;539;ATLÁNTICO;TUBARÁ;6/10/2025;040-406198;;8,832E+28;Desenglobe_Venta_Parcial;040-653371;Privado_Privado;NPH;500;;;
L5_538;538;ATLÁNTICO;TUBARÁ;6/10/2025;040-406198;;8,832E+28;Desenglobe_Venta_Parcial;040-653356;Privado_Privado;NPH;500;;;
L5_555;555;ATLÁNTICO;TUBARÁ;6/10/2025;040-406198;;8,832E+28;Desenglobe_Venta_Parcial;040-653381;Privado_Privado;NPH;500;;;
L5_574;574;ATLÁNTICO;TUBARÁ;6/10/2025;040-406198;;8,832E+28;Desenglobe_Venta_Parcial;040-653360;Privado_Privado;NPH;500;;;
L5_573;573;ATLÁNTICO;TUBARÁ;6/10/2025;040-406198;;8,832E+28;Desenglobe_Venta_Parcial;040-653389;Privado_Privado;NPH;500;;;
L5_572;572;ATLÁNTICO;TUBARÁ;6/10/2025;040-406198;;8,832E+28;Desenglobe_Venta_Parcial;040-653388;Privado_Privado;NPH;500;;;
L5_571;571;ATLÁNTICO;TUBARÁ;6/10/2025;040-406198;;8,832E+28;Desenglobe_Venta_Parcial;040-653365;Privado_Privado;NPH;500;;;
L5_570;570;ATLÁNTICO;TUBARÁ;6/10/2025;040-406198;;8,832E+28;Desenglobe_Venta_Parcial;040-653364;Privado_Privado;NPH;500;;;
L5_569;569;ATLÁNTICO;TUBARÁ;6/10/2025;040-406198;;8,832E+28;Desenglobe_Venta_Parcial;040-653358;Privado_Privado;NPH;500;;;
L5_568;568;ATLÁNTICO;TUBARÁ;6/10/2025;040-406198;;8,832E+28;Desenglobe_Venta_Parcial;040-653357;Privado_Privado;NPH;500;;;
L5_567;567;ATLÁNTICO;TUBARÁ;6/10/2025;040-406198;;8,832E+28;Desenglobe_Venta_Parcial;040-653361;Privado_Privado;NPH;500;;;
L5_566;566;ATLÁNTICO;TUBARÁ;6/10/2025;040-406198;;8,832E+28;Desenglobe_Venta_Parcial;040-653359;Privado_Privado;NPH;500;;;
L5_565;565;ATLÁNTICO;TUBARÁ;6/10/2025;040-406198;;8,832E+28;Desenglobe_Venta_Parcial;040-653391;Privado_Privado;NPH;500;;;
L5_564;564;ATLÁNTICO;TUBARÁ;6/10/2025;040-406198;;8,832E+28;Desenglobe_Venta_Parcial;040-653362;Privado_Privado;NPH;500;;;
L5_563;563;ATLÁNTICO;TUBARÁ;6/10/2025;040-406198;;8,832E+28;Desenglobe_Venta_Parcial;040-653390;Privado_Privado;NPH;500;;;
L5_562;562;ATLÁNTICO;TUBARÁ;6/10/2025;040-406198;;8,832E+28;Desenglobe_Venta_Parcial;040-653363;Privado_Privado;NPH;500;;;
L5_561;561;ATLÁNTICO;TUBARÁ;6/10/2025;040-406198;;8,832E+28;Desenglobe_Venta_Parcial;040-653378;Privado_Privado;NPH;500;;;
L5_509;509;ATLÁNTICO;TUBARÁ;6/10/2025;040-477294;;8,832E+28;Desenglobe_Division_Material;040-525384;Privado_Privado;NPH;12457;;;
L5_510;510;ATLÁNTICO;TUBARÁ;6/10/2025;040-477294;;8,832E+28;Desenglobe_Division_Material;040-525383;Privado_Privado;NPH;450.5;;;
L5_521;521;ATLÁNTICO;TUBARÁ;6/10/2025;040-477728;;8,832E+28;Desenglobe_Division_Material;040-635683;Privado_Privado;NPH;74074;;;
L5_520;520;ATLÁNTICO;TUBARÁ;6/10/2025;040-477728;;8,832E+28;Desenglobe_Division_Material;040-635685;Privado_Privado;NPH;11653.5;;;
L5_519;519;ATLÁNTICO;TUBARÁ;6/10/2025;040-477728;;8,832E+28;Desenglobe_Division_Material;040-635684;Privado_Privado;NPH;254272.5;;;
L5_515;515;ATLÁNTICO;TUBARÁ;6/10/2025;040-481733;;8,832E+28;Desenglobe_Division_Material;040-542022;Privado_Privado;NPH;770;;;
L5_516;516;ATLÁNTICO;TUBARÁ;6/10/2025;040-481733;;8,832E+28;Desenglobe_Division_Material;040-542021;Privado_Privado;NPH;1000;;;
L5_517;517;ATLÁNTICO;TUBARÁ;6/10/2025;040-481733;;8,832E+28;Desenglobe_Division_Material;040-542027;Privado_Privado;NPH;828;;;
L5_511;511;ATLÁNTICO;TUBARÁ;6/10/2025;040-481733;;8,832E+28;Desenglobe_Division_Material;040-542026;Privado_Privado;NPH;1189;;;
L5_512;512;ATLÁNTICO;TUBARÁ;6/10/2025;040-481733;;8,832E+28;Desenglobe_Division_Material;040-542025;Privado_Privado;NPH;527;;;
L5_513;513;ATLÁNTICO;TUBARÁ;6/10/2025;040-481733;;8,832E+28;Desenglobe_Division_Material;040-542024;Privado_Privado;NPH;700;;;
L5_514;514;ATLÁNTICO;TUBARÁ;6/10/2025;040-481733;;8,832E+28;Desenglobe_Division_Material;040-542023;Privado_Privado;NPH;720;;;
L5_497;497;ATLÁNTICO;TUBARÁ;6/10/2025;040-498846;;8,832E+28;Desenglobe_Division_Material;040-632978;Privado_Privado;PH_Unidad_Predial;;;;
L5_500;500;ATLÁNTICO;TUBARÁ;6/10/2025;040-498846;;8,832E+28;Desenglobe_Division_Material;040-632980;Privado_Privado;PH_Unidad_Predial;;;;
L5_499;499;ATLÁNTICO;TUBARÁ;6/10/2025;040-498846;;8,832E+28;Desenglobe_Division_Material;040-632981;Privado_Privado;PH_Unidad_Predial;;;;
L5_498;498;ATLÁNTICO;TUBARÁ;6/10/2025;040-498846;;8,832E+28;Desenglobe_Division_Material;040-632979;Privado_Privado;PH_Unidad_Predial;;;;
L5_537;537;ATLÁNTICO;TUBARÁ;6/10/2025;040-593565;;8,83204E+28;Desenglobe_Division_Material;040-598316;Privado_Privado;NPH;435;;;
L5_536;536;ATLÁNTICO;TUBARÁ;6/10/2025;040-593565;;8,83204E+28;Desenglobe_Division_Material;040-598317;Privado_Privado;NPH;435;;;
L5_535;535;ATLÁNTICO;TUBARÁ;6/10/2025;040-593565;;8,83204E+28;Desenglobe_Division_Material;040-598318;Privado_Privado;NPH;435;;;
L5_524;524;ATLÁNTICO;TUBARÁ;6/10/2025;040-625172;;8,83204E+28;Desenglobe_Division_Material;040-670307;Privado_Privado;PH_Unidad_Predial;66.5;0.25379999999999997;66.5;
L5_526;526;ATLÁNTICO;TUBARÁ;6/10/2025;040-625172;;8,83204E+28;Desenglobe_Division_Material;040-670306;Privado_Privado;PH_Unidad_Predial;43.5;0.166;43.5;
L5_525;525;ATLÁNTICO;TUBARÁ;6/10/2025;040-625172;;8,83204E+28;Desenglobe_Division_Material;040-670309;Privado_Privado;PH_Unidad_Predial;40;0.1527;40;
L5_527;527;ATLÁNTICO;TUBARÁ;6/10/2025;040-625172;;8,83204E+28;Desenglobe_Division_Material;040-670310;Privado_Privado;PH_Unidad_Predial;40;0.1527;40;
L5_528;528;ATLÁNTICO;TUBARÁ;6/10/2025;040-625172;;8,83204E+28;Desenglobe_Division_Material;040-670308;Privado_Privado;PH_Unidad_Predial;72;0.2748;72;
L5_623;623;ATLÁNTICO;TUBARÁ;6/10/2025;040-639479;;SIN NPN;Desenglobe_Venta_Parcial;040-639512;Privado_Privado;NPH;771.91;;;
L5_622;622;ATLÁNTICO;TUBARÁ;6/10/2025;040-639479;;SIN NPN;Desenglobe_Venta_Parcial;040-639513;Privado_Privado;NPH;960.97;;;
L5_621;621;ATLÁNTICO;TUBARÁ;6/10/2025;040-639479;;SIN NPN;Desenglobe_Venta_Parcial;040-639514;Privado_Privado;NPH;1229.07;;;
L5_620;620;ATLÁNTICO;TUBARÁ;6/10/2025;040-639479;;SIN NPN;Desenglobe_Venta_Parcial;040-639515;Privado_Privado;NPH;1281.7;;;
L5_619;619;ATLÁNTICO;TUBARÁ;6/10/2025;040-639479;;SIN NPN;Desenglobe_Venta_Parcial;040-639516;Privado_Privado;NPH;921.67;;;
L5_618;618;ATLÁNTICO;TUBARÁ;6/10/2025;040-639479;;SIN NPN;Desenglobe_Venta_Parcial;040-639518;Privado_Privado;NPH;784.91;;;
L5_617;617;ATLÁNTICO;TUBARÁ;6/10/2025;040-639479;;SIN NPN;Desenglobe_Venta_Parcial;040-639527;Privado_Privado;NPH;861.21;;;
L5_616;616;ATLÁNTICO;TUBARÁ;6/10/2025;040-639479;;SIN NPN;Desenglobe_Venta_Parcial;040-639526;Privado_Privado;NPH;749.39;;;
L5_615;615;ATLÁNTICO;TUBARÁ;6/10/2025;040-639479;;SIN NPN;Desenglobe_Venta_Parcial;040-639529;Privado_Privado;NPH;896.25;;;
L5_614;614;ATLÁNTICO;TUBARÁ;6/10/2025;040-639479;;SIN NPN;Desenglobe_Venta_Parcial;040-639535;Privado_Privado;NPH;63.782.000.000.000.000;;;
L5_613;613;ATLÁNTICO;TUBARÁ;6/10/2025;040-639479;;SIN NPN;Desenglobe_Venta_Parcial;040-639536;Privado_Privado;NPH;700.47;;;
L5_612;612;ATLÁNTICO;TUBARÁ;6/10/2025;040-639479;;SIN NPN;Desenglobe_Venta_Parcial;040-639578;Privado_Privado;NPH;630;;;
L5_611;611;ATLÁNTICO;TUBARÁ;6/10/2025;040-639479;;SIN NPN;Desenglobe_Venta_Parcial;040-639537;Privado_Privado;NPH;775.57;;;
L5_610;610;ATLÁNTICO;TUBARÁ;6/10/2025;040-639479;;SIN NPN;Desenglobe_Venta_Parcial;040-639538;Privado_Privado;NPH;630;;;
L5_609;609;ATLÁNTICO;TUBARÁ;6/10/2025;040-639479;;SIN NPN;Desenglobe_Venta_Parcial;040-639528;Privado_Privado;NPH;795.44;;;
L5_608;608;ATLÁNTICO;TUBARÁ;6/10/2025;040-639479;;SIN NPN;Desenglobe_Venta_Parcial;040-639534;Privado_Privado;NPH;911.92;;;
L5_607;607;ATLÁNTICO;TUBARÁ;6/10/2025;040-639479;;SIN NPN;Desenglobe_Venta_Parcial;040-639579;Privado_Privado;NPH;630;;;
L5_606;606;ATLÁNTICO;TUBARÁ;6/10/2025;040-639479;;SIN NPN;Desenglobe_Venta_Parcial;040-639532;Privado_Privado;NPH;630;;;
L5_605;605;ATLÁNTICO;TUBARÁ;6/10/2025;040-639479;;SIN NPN;Desenglobe_Venta_Parcial;040-639530;Privado_Privado;NPH;630;;;
L5_604;604;ATLÁNTICO;TUBARÁ;6/10/2025;040-639479;;SIN NPN;Desenglobe_Venta_Parcial;040-639531;Privado_Privado;NPH;630;;;
L5_603;603;ATLÁNTICO;TUBARÁ;6/10/2025;040-639479;;SIN NPN;Desenglobe_Venta_Parcial;040-639533;Privado_Privado;NPH;630;;;
L5_602;602;ATLÁNTICO;TUBARÁ;6/10/2025;040-639479;;SIN NPN;Desenglobe_Venta_Parcial;040-639497;Privado_Privado;NPH;630;;;
L5_601;601;ATLÁNTICO;TUBARÁ;6/10/2025;040-639479;;SIN NPN;Desenglobe_Venta_Parcial;040-639580;Privado_Privado;NPH;25142.46;;;
L5_633;633;ATLÁNTICO;TUBARÁ;6/10/2025;040-639479;;SIN NPN;Desenglobe_Venta_Parcial;040-639539;Privado_Privado;NPH;640.71;;;
L5_699;699;ATLÁNTICO;TUBARÁ;6/10/2025;040-639479;;SIN NPN;Desenglobe_Venta_Parcial;040-639488;Privado_Privado;NPH;675.91;;;
L5_698;698;ATLÁNTICO;TUBARÁ;6/10/2025;040-639479;;SIN NPN;Desenglobe_Venta_Parcial;040-639495;Privado_Privado;NPH;675.91;;;
L5_697;697;ATLÁNTICO;TUBARÁ;6/10/2025;040-639479;;SIN NPN;Desenglobe_Venta_Parcial;040-639505;Privado_Privado;NPH;10.663.900.000.000.000;;;
L5_696;696;ATLÁNTICO;TUBARÁ;6/10/2025;040-639479;;SIN NPN;Desenglobe_Venta_Parcial;040-639483;Privado_Privado;NPH;811.47;;;
L5_695;695;ATLÁNTICO;TUBARÁ;6/10/2025;040-639479;;SIN NPN;Desenglobe_Venta_Parcial;040-639482;Privado_Privado;NPH;646.09;;;
L5_694;694;ATLÁNTICO;TUBARÁ;6/10/2025;040-639479;;SIN NPN;Desenglobe_Venta_Parcial;040-639564;Privado_Privado;NPH;666.09;;;
L5_693;693;ATLÁNTICO;TUBARÁ;6/10/2025;040-639479;;SIN NPN;Desenglobe_Venta_Parcial;040-639484;Privado_Privado;NPH;756.45;;;
L5_692;692;ATLÁNTICO;TUBARÁ;6/10/2025;040-639479;;SIN NPN;Desenglobe_Venta_Parcial;040-639481;Privado_Privado;NPH;628.27;;;
L5_691;691;ATLÁNTICO;TUBARÁ;6/10/2025;040-639479;;SIN NPN;Desenglobe_Venta_Parcial;040-639493;Privado_Privado;NPH;976.82;;;
L5_690;690;ATLÁNTICO;TUBARÁ;6/10/2025;040-639479;;SIN NPN;Desenglobe_Venta_Parcial;040-639485;Privado_Privado;NPH;708.4;;;
L5_689;689;ATLÁNTICO;TUBARÁ;6/10/2025;040-639479;;SIN NPN;Desenglobe_Venta_Parcial;040-639509;Privado_Privado;NPH;750.36;;;
L5_688;688;ATLÁNTICO;TUBARÁ;6/10/2025;040-639479;;SIN NPN;Desenglobe_Venta_Parcial;040-639487;Privado_Privado;NPH;870.07;;;
L5_687;687;ATLÁNTICO;TUBARÁ;6/10/2025;040-639479;;SIN NPN;Desenglobe_Venta_Parcial;040-639507;Privado_Privado;NPH;676.29;;;
L5_686;686;ATLÁNTICO;TUBARÁ;6/10/2025;040-639479;;SIN NPN;Desenglobe_Venta_Parcial;040-639504;Privado_Privado;NPH;843.57;;;
L5_685;685;ATLÁNTICO;TUBARÁ;6/10/2025;040-639479;;SIN NPN;Desenglobe_Venta_Parcial;040-639503;Privado_Privado;NPH;791.15;;;
L5_684;684;ATLÁNTICO;TUBARÁ;6/10/2025;040-639479;;SIN NPN;Desenglobe_Venta_Parcial;040-639499;Privado_Privado;NPH;783.41;;;
L5_683;683;ATLÁNTICO;TUBARÁ;6/10/2025;040-639479;;SIN NPN;Desenglobe_Venta_Parcial;040-639486;Privado_Privado;NPH;1200.92;;;
L5_682;682;ATLÁNTICO;TUBARÁ;6/10/2025;040-639479;;SIN NPN;Desenglobe_Venta_Parcial;040-639501;Privado_Privado;NPH;63.869.000.000.000.000;;;
L5_681;681;ATLÁNTICO;TUBARÁ;6/10/2025;040-639479;;SIN NPN;Desenglobe_Venta_Parcial;040-639500;Privado_Privado;NPH;848.22;;;
L5_680;680;ATLÁNTICO;TUBARÁ;6/10/2025;040-639479;;SIN NPN;Desenglobe_Venta_Parcial;040-639502;Privado_Privado;NPH;943.53;;;
L5_679;679;ATLÁNTICO;TUBARÁ;6/10/2025;040-639479;;SIN NPN;Desenglobe_Venta_Parcial;040-639506;Privado_Privado;NPH;761.15;;;
L5_678;678;ATLÁNTICO;TUBARÁ;6/10/2025;040-639479;;SIN NPN;Desenglobe_Venta_Parcial;040-639508;Privado_Privado;NPH;960.7;;;
L5_677;677;ATLÁNTICO;TUBARÁ;6/10/2025;040-639479;;SIN NPN;Desenglobe_Venta_Parcial;040-639498;Privado_Privado;NPH;841.3;;;
L5_676;676;ATLÁNTICO;TUBARÁ;6/10/2025;040-639479;;SIN NPN;Desenglobe_Venta_Parcial;040-639492;Privado_Privado;NPH;1271.01;;;
L5_675;675;ATLÁNTICO;TUBARÁ;6/10/2025;040-639479;;SIN NPN;Desenglobe_Venta_Parcial;040-639491;Privado_Privado;NPH;889.18;;;
L5_674;674;ATLÁNTICO;TUBARÁ;6/10/2025;040-639479;;SIN NPN;Desenglobe_Venta_Parcial;040-639490;Privado_Privado;NPH;783.81;;;
L5_673;673;ATLÁNTICO;TUBARÁ;6/10/2025;040-639479;;SIN NPN;Desenglobe_Venta_Parcial;040-639489;Privado_Privado;NPH;667.57;;;
L5_672;672;ATLÁNTICO;TUBARÁ;6/10/2025;040-639479;;SIN NPN;Desenglobe_Venta_Parcial;040-639574;Privado_Privado;NPH;675.85;;;
L5_671;671;ATLÁNTICO;TUBARÁ;6/10/2025;040-639479;;SIN NPN;Desenglobe_Venta_Parcial;040-639511;Privado_Privado;NPH;704.41;;;
L5_670;670;ATLÁNTICO;TUBARÁ;6/10/2025;040-639479;;SIN NPN;Desenglobe_Venta_Parcial;040-639568;Privado_Privado;NPH;12.286.300.000.000.000;;;
L5_669;669;ATLÁNTICO;TUBARÁ;6/10/2025;040-639479;;SIN NPN;Desenglobe_Venta_Parcial;040-639548;Privado_Privado;NPH;11.604.100.000.000.000;;;
L5_668;668;ATLÁNTICO;TUBARÁ;6/10/2025;040-639479;;SIN NPN;Desenglobe_Venta_Parcial;040-639549;Privado_Privado;NPH;1045.43;;;
L5_667;667;ATLÁNTICO;TUBARÁ;6/10/2025;040-639479;;SIN NPN;Desenglobe_Venta_Parcial;040-639550;Privado_Privado;NPH;1045.43;;;
L5_666;666;ATLÁNTICO;TUBARÁ;6/10/2025;040-639479;;SIN NPN;Desenglobe_Venta_Parcial;040-639567;Privado_Privado;NPH;1180.06;;;
L5_665;665;ATLÁNTICO;TUBARÁ;6/10/2025;040-639479;;SIN NPN;Desenglobe_Venta_Parcial;040-639569;Privado_Privado;NPH;1103.71;;;
L5_664;664;ATLÁNTICO;TUBARÁ;6/10/2025;040-639479;;SIN NPN;Desenglobe_Venta_Parcial;040-639547;Privado_Privado;NPH;1066.28;;;
L5_663;663;ATLÁNTICO;TUBARÁ;6/10/2025;040-639479;;SIN NPN;Desenglobe_Venta_Parcial;040-639546;Privado_Privado;NPH;1045.43;;;
L5_662;662;ATLÁNTICO;TUBARÁ;6/10/2025;040-639479;;SIN NPN;Desenglobe_Venta_Parcial;040-639545;Privado_Privado;NPH;1045.43;;;
L5_661;661;ATLÁNTICO;TUBARÁ;6/10/2025;040-639479;;SIN NPN;Desenglobe_Venta_Parcial;040-639541;Privado_Privado;NPH;1045.43;;;
L5_660;660;ATLÁNTICO;TUBARÁ;6/10/2025;040-639479;;SIN NPN;Desenglobe_Venta_Parcial;040-639542;Privado_Privado;NPH;64.107.000.000.000.000;;;
L5_659;659;ATLÁNTICO;TUBARÁ;6/10/2025;040-639479;;SIN NPN;Desenglobe_Venta_Parcial;040-639551;Privado_Privado;NPH;764.58;;;
L5_658;658;ATLÁNTICO;TUBARÁ;6/10/2025;040-639479;;SIN NPN;Desenglobe_Venta_Parcial;040-639570;Privado_Privado;NPH;1045.43;;;
L5_657;657;ATLÁNTICO;TUBARÁ;6/10/2025;040-639479;;SIN NPN;Desenglobe_Venta_Parcial;040-639544;Privado_Privado;NPH;682.34;;;
L5_656;656;ATLÁNTICO;TUBARÁ;6/10/2025;040-639479;;SIN NPN;Desenglobe_Venta_Parcial;040-639496;Privado_Privado;NPH;998.81;;;
L5_655;655;ATLÁNTICO;TUBARÁ;6/10/2025;040-639479;;SIN NPN;Desenglobe_Venta_Parcial;040-639543;Privado_Privado;NPH;1145.07;;;
L5_654;654;ATLÁNTICO;TUBARÁ;6/10/2025;040-639479;;SIN NPN;Desenglobe_Venta_Parcial;040-639571;Privado_Privado;NPH;990.88;;;
L5_653;653;ATLÁNTICO;TUBARÁ;6/10/2025;040-639479;;SIN NPN;Desenglobe_Venta_Parcial;040-639552;Privado_Privado;NPH;1173.73;;;
L5_652;652;ATLÁNTICO;TUBARÁ;6/10/2025;040-639479;;SIN NPN;Desenglobe_Venta_Parcial;040-639553;Privado_Privado;NPH;1173.73;;;
L5_651;651;ATLÁNTICO;TUBARÁ;6/10/2025;040-639479;;SIN NPN;Desenglobe_Venta_Parcial;040-639576;Privado_Privado;NPH;11.068.699.999.999.900;;;
L5_650;650;ATLÁNTICO;TUBARÁ;6/10/2025;040-639479;;SIN NPN;Desenglobe_Venta_Parcial;040-639562;Privado_Privado;NPH;731.67;;;
L5_649;649;ATLÁNTICO;TUBARÁ;6/10/2025;040-639479;;SIN NPN;Desenglobe_Venta_Parcial;040-639575;Privado_Privado;NPH;1105.2;;;
L5_648;648;ATLÁNTICO;TUBARÁ;6/10/2025;040-639479;;SIN NPN;Desenglobe_Venta_Parcial;040-639563;Privado_Privado;NPH;719.08;;;
L5_647;647;ATLÁNTICO;TUBARÁ;6/10/2025;040-639479;;SIN NPN;Desenglobe_Venta_Parcial;040-639573;Privado_Privado;NPH;758.15;;;
L5_646;646;ATLÁNTICO;TUBARÁ;6/10/2025;040-639479;;SIN NPN;Desenglobe_Venta_Parcial;040-639561;Privado_Privado;NPH;777.1;;;
L5_645;645;ATLÁNTICO;TUBARÁ;6/10/2025;040-639479;;SIN NPN;Desenglobe_Venta_Parcial;040-639560;Privado_Privado;NPH;661.21;;;
L5_644;644;ATLÁNTICO;TUBARÁ;6/10/2025;040-639479;;SIN NPN;Desenglobe_Venta_Parcial;040-639577;Privado_Privado;NPH;660.5;;;
L5_643;643;ATLÁNTICO;TUBARÁ;6/10/2025;040-639479;;SIN NPN;Desenglobe_Venta_Parcial;040-639559;Privado_Privado;NPH;776.11;;;
L5_642;642;ATLÁNTICO;TUBARÁ;6/10/2025;040-639479;;SIN NPN;Desenglobe_Venta_Parcial;040-639554;Privado_Privado;NPH;660.5;;;
L5_641;641;ATLÁNTICO;TUBARÁ;6/10/2025;040-639479;;SIN NPN;Desenglobe_Venta_Parcial;040-639565;Privado_Privado;NPH;757.85;;;
L5_640;640;ATLÁNTICO;TUBARÁ;6/10/2025;040-639479;;SIN NPN;Desenglobe_Venta_Parcial;040-639566;Privado_Privado;NPH;757.85;;;
L5_639;639;ATLÁNTICO;TUBARÁ;6/10/2025;040-639479;;SIN NPN;Desenglobe_Venta_Parcial;040-639555;Privado_Privado;NPH;756.45;;;
L5_638;638;ATLÁNTICO;TUBARÁ;6/10/2025;040-639479;;SIN NPN;Desenglobe_Venta_Parcial;040-639557;Privado_Privado;NPH;660.49;;;
L5_637;637;ATLÁNTICO;TUBARÁ;6/10/2025;040-639479;;SIN NPN;Desenglobe_Venta_Parcial;040-639558;Privado_Privado;NPH;713.28;;;
L5_636;636;ATLÁNTICO;TUBARÁ;6/10/2025;040-639479;;SIN NPN;Desenglobe_Venta_Parcial;040-639556;Privado_Privado;NPH;660.5;;;
L5_635;635;ATLÁNTICO;TUBARÁ;6/10/2025;040-639479;;SIN NPN;Desenglobe_Venta_Parcial;040-639510;Privado_Privado;NPH;660.25;;;
L5_634;634;ATLÁNTICO;TUBARÁ;6/10/2025;040-639479;;SIN NPN;Desenglobe_Venta_Parcial;040-639540;Privado_Privado;NPH;640.71;;;
L5_632;632;ATLÁNTICO;TUBARÁ;6/10/2025;040-639479;;SIN NPN;Desenglobe_Venta_Parcial;040-639521;Privado_Privado;NPH;669.91;;;
L5_631;631;ATLÁNTICO;TUBARÁ;6/10/2025;040-639479;;SIN NPN;Desenglobe_Venta_Parcial;040-639522;Privado_Privado;NPH;1280.47;;;
L5_630;630;ATLÁNTICO;TUBARÁ;6/10/2025;040-639479;;SIN NPN;Desenglobe_Venta_Parcial;040-639523;Privado_Privado;NPH;678.88;;;
L5_629;629;ATLÁNTICO;TUBARÁ;6/10/2025;040-639479;;SIN NPN;Desenglobe_Venta_Parcial;040-639524;Privado_Privado;NPH;959.38;;;
L5_628;628;ATLÁNTICO;TUBARÁ;6/10/2025;040-639479;;SIN NPN;Desenglobe_Venta_Parcial;040-639525;Privado_Privado;NPH;915.53;;;
L5_627;627;ATLÁNTICO;TUBARÁ;6/10/2025;040-639479;;SIN NPN;Desenglobe_Venta_Parcial;040-639520;Privado_Privado;NPH;745.49;;;
L5_626;626;ATLÁNTICO;TUBARÁ;6/10/2025;040-639479;;SIN NPN;Desenglobe_Venta_Parcial;040-639572;Privado_Privado;NPH;671.94;;;
L5_625;625;ATLÁNTICO;TUBARÁ;6/10/2025;040-639479;;SIN NPN;Desenglobe_Venta_Parcial;040-639519;Privado_Privado;NPH;858.53;;;
L5_624;624;ATLÁNTICO;TUBARÁ;6/10/2025;040-639479;;SIN NPN;Desenglobe_Venta_Parcial;040-639517;Privado_Privado;NPH;819.5;;;
L5_493;493;BOLÍVAR;TURBACO;6/10/2025;060-106604;;1,3836E+29;Desenglobe_Division_Material;060-333134;Privado_Privado;NPH;295.31;;;
L5_495;495;BOLÍVAR;TURBACO;6/10/2025;060-106604;;1,3836E+29;Desenglobe_Division_Material;060-333135;Privado_Privado;NPH;295;;;
L5_494;494;BOLÍVAR;TURBACO;6/10/2025;060-106604;;1,3836E+29;Desenglobe_Division_Material;060-333133;Privado_Privado;NPH;29.410.000.000.000.000;;;
L5_586;586;BOLÍVAR;TURBACO;6/10/2025;060-296309;;1,3836E+29;Desenglobe_Venta_Parcial;060-391361;Publico_Uso_Publico;Bien_Uso_Publico;5757.2;;;
L5_585;585;BOLÍVAR;TURBACO;6/10/2025;060-296309;;1,3836E+29;Desenglobe_Venta_Parcial;060-391360;Publico_Uso_Publico;Bien_Uso_Publico;2358;;;
L5_587;587;BOLÍVAR;TURBACO;6/10/2025;060-296309;;1,3836E+29;Desenglobe_Venta_Parcial;060-391362;Publico_Uso_Publico;Bien_Uso_Publico;20974.34;;;
L5_581;581;BOLÍVAR;TURBACO;6/10/2025;060-316213;;1,3836E+29;Desenglobe_Division_Material;060-363862;Privado_Privado;NPH;77387;;;
L5_583;583;BOLÍVAR;TURBACO;6/10/2025;060-363865;;SIN NPN;Desenglobe_Division_Material;060-398788;Privado_Privado;NPH;37110.44;;;
L5_584;584;BOLÍVAR;TURBACO;6/10/2025;060-363865;;SIN NPN;Desenglobe_Division_Material;060-398789;Privado_Privado;NPH;48.446.000.000.000.000;;;
L5_302;302;BOYACÁ;MONIQUIRA;6/10/2025;083-25791;;1,5469E+29;Desenglobe_Venta_Parcial;083-29150;Privado_Privado;NPH;25500;;;
L5_298;298;BOYACÁ;MONIQUIRA;6/10/2025;083-33338;;1,5469E+29;Desenglobe_Division_Material;083-45654;Privado_Privado;PH_Unidad_Predial;91.69;0.5;91.69;
L5_299;299;BOYACÁ;MONIQUIRA;6/10/2025;083-33338;;1,5469E+29;Desenglobe_Division_Material;083-45655;Privado_Privado;PH_Unidad_Predial;91.69;0.5;91.69;
L5_300;300;BOYACÁ;MONIQUIRA;6/10/2025;083-4675;;1,5469E+29;Desenglobe_Venta_Parcial;083-29220;Privado_Privado;NPH;23131.18;;;
L5_301;301;BOYACÁ;MONIQUIRA;6/10/2025;083-4676;;1,5469E+29;Desenglobe_Venta_Parcial;083-29221;Privado_Privado;NPH;3206.27;;;
L5_2;2;BOYACÁ;RAMIRIQUÍ;6/10/2025;090-13469;FMI_Debe_Estar_Cerrado;1,5599E+29;Desenglobe_Venta_Parcial;090-63431;Privado_Privado;NPH;6914;;;
L5_2;2;BOYACÁ;RAMIRIQUÍ;6/10/2025;090-13469;FMI_Debe_Estar_Cerrado;1,5599E+29;Desenglobe_Venta_Parcial;090-63431;Privado_Privado;NPH;6914;;;
L5_1;1;BOYACÁ;RAMIRIQUÍ;6/10/2025;090-13469;FMI_Debe_Estar_Cerrado;1,5599E+29;Desenglobe_Venta_Parcial;090-62426;Privado_Privado;NPH;18355;;;
L5_1;1;BOYACÁ;RAMIRIQUÍ;6/10/2025;090-13469;FMI_Debe_Estar_Cerrado;1,5599E+29;Desenglobe_Venta_Parcial;090-62426;Privado_Privado;NPH;18355;;;
L5_458;458;BOYACÁ;SOGAMOSO;6/10/2025;095-101779;;1,5759E+29;Desenglobe_Division_Material;095-155158;Privado_Privado;PH_Unidad_Predial;107.26;0.339;107.26;
L5_459;459;BOYACÁ;SOGAMOSO;6/10/2025;095-101779;;1,5759E+29;Desenglobe_Division_Material;095-155159;Privado_Privado;PH_Unidad_Predial;209.14;0.661;209.14;
L5_352;352;BOYACÁ;SOGAMOSO;6/10/2025;095-1043;;1,5759E+29;Desenglobe_Division_Material;095-162594;Privado_Privado;PH_Unidad_Predial;154.88;0.432;154.88;
L5_353;353;BOYACÁ;SOGAMOSO;6/10/2025;095-1043;;1,5759E+29;Desenglobe_Division_Material;095-162595;Privado_Privado;PH_Unidad_Predial;97.35;0.2715;97.35;
L5_354;354;BOYACÁ;SOGAMOSO;6/10/2025;095-1043;;1,5759E+29;Desenglobe_Division_Material;095-162596;Privado_Privado;PH_Unidad_Predial;106.29;0.2965;106.29;
L5_465;465;BOYACÁ;SOGAMOSO;6/10/2025;095--107490;;1,5759E+29;Desenglobe_Division_Material;095-134942;Privado_Privado;PH_Unidad_Predial;75.599.999.999.999.900;0.4938;75.599.999.999.999.900;
L5_466;466;BOYACÁ;SOGAMOSO;6/10/2025;095-107490;;1,5759E+29;Desenglobe_Division_Material;095-134941;Privado_Privado;PH_Unidad_Predial;77.489.999.999.999.900;0.5062;77.489.999.999.999.900;
L5_358;358;BOYACÁ;SOGAMOSO;6/10/2025;095-108476;;1,5759E+29;Desenglobe_Division_Material;095-154625;Privado_Privado;PH_Unidad_Predial;117.14;0.4208;117.14;
L5_357;357;BOYACÁ;SOGAMOSO;6/10/2025;095-108476;;1,5759E+29;Desenglobe_Division_Material;095-154626;Privado_Privado;PH_Unidad_Predial;75.01;0.2694;75.01;
L5_356;356;BOYACÁ;SOGAMOSO;6/10/2025;095-108476;;1,5759E+29;Desenglobe_Division_Material;095-154627;Privado_Privado;PH_Unidad_Predial;86.23;0.3098;86.23;
L5_362;362;BOYACÁ;SOGAMOSO;6/10/2025;095-10897;;1,5759E+29;Desenglobe_Division_Material;095-144591;Privado_Privado;PH_Unidad_Predial;103.5;0.3982;103.5;
L5_360;360;BOYACÁ;SOGAMOSO;6/10/2025;095-10897;;1,5759E+29;Desenglobe_Division_Material;095-144589;Privado_Privado;PH_Unidad_Predial;93.95;0.3614;93.95;
L5_361;361;BOYACÁ;SOGAMOSO;6/10/2025;095-10897;;1,5759E+29;Desenglobe_Division_Material;095-144590;Privado_Privado;PH_Unidad_Predial;62.5;0.2404;62.5;
L5_363;363;BOYACÁ;SOGAMOSO;6/10/2025;095-109063;;1,5759E+29;Desenglobe_Division_Material;095-117555;Privado_Privado;NPH;304.2;;;
L5_364;364;BOYACÁ;SOGAMOSO;6/10/2025;095-109063;;1,5759E+29;Desenglobe_Division_Material;095-117557;Privado_Privado;NPH;168.2;;;
L5_365;365;BOYACÁ;SOGAMOSO;6/10/2025;095-109063;;1,5759E+29;Desenglobe_Division_Material;095-117556;Privado_Privado;NPH;168.2;;;
L5_367;367;BOYACÁ;SOGAMOSO;6/10/2025;095-118434;;1,5759E+29;Desenglobe_Division_Material;095-150832;Privado_Privado;NPH;119;;;
L5_369;369;BOYACÁ;SOGAMOSO;6/10/2025;095-118434;;1,5759E+29;Desenglobe_Division_Material;095-150834;Privado_Privado;NPH;192.47;;;
L5_368;368;BOYACÁ;SOGAMOSO;6/10/2025;095-118434;;1,5759E+29;Desenglobe_Division_Material;095-150833;Privado_Privado;NPH;85.13;;;
L5_372;372;BOYACÁ;SOGAMOSO;6/10/2025;095-119154;FMI_Debe_Estar_Cerrado;1,5759E+29;Desenglobe_Division_Material;095-164302;Privado_Privado;NPH;273.8;;;
L5_371;371;BOYACÁ;SOGAMOSO;6/10/2025;095-119154;FMI_Debe_Estar_Cerrado;1,5759E+29;Desenglobe_Division_Material;095-164278;Privado_Privado;NPH;209.6;;;
L5_373;373;BOYACÁ;SOGAMOSO;6/10/2025;095-119154;FMI_Debe_Estar_Cerrado;1,5759E+29;Desenglobe_Division_Material;095-164277;Privado_Privado;NPH;209.6;;;
L5_376;376;BOYACÁ;SOGAMOSO;6/10/2025;095-124127;;1,5759E+29;Desenglobe_Division_Material;095-160767;Privado_Privado;PH_Unidad_Predial;92;0.26;92;
L5_378;378;BOYACÁ;SOGAMOSO;6/10/2025;095-124127;;1,5759E+29;Desenglobe_Division_Material;095-160769;Privado_Privado;PH_Unidad_Predial;174.28;0.4926;174.28;
L5_377;377;BOYACÁ;SOGAMOSO;6/10/2025;095-124127;;1,5759E+29;Desenglobe_Division_Material;095-160768;Privado_Privado;PH_Unidad_Predial;87.51;0.2474;87.51;
L5_309;309;BOYACÁ;SOGAMOSO;6/10/2025;095-136846;;1,5759E+29;Desenglobe_Division_Material;095-160399;Privado_Privado;NPH;2384.86;;;
L5_310;310;BOYACÁ;SOGAMOSO;6/10/2025;095-136846;;1,5759E+29;Desenglobe_Division_Material;095-160400;Privado_Privado;NPH;4386.26;;;
L5_311;311;BOYACÁ;SOGAMOSO;6/10/2025;095-136846;;1,5759E+29;Desenglobe_Division_Material;095-160401;Privado_Privado;NPH;6169.29;;;
L5_312;312;BOYACÁ;SOGAMOSO;6/10/2025;095-136846;;1,5759E+29;Desenglobe_Division_Material;095-160402;Privado_Privado;NPH;2248.4;;;
L5_380;380;BOYACÁ;SOGAMOSO;6/10/2025;095-13719;;1,5759E+29;Desenglobe_Division_Material;095-163838;Privado_Privado;NPH;284.15;;;
L5_379;379;BOYACÁ;SOGAMOSO;6/10/2025;095-13719;;1,5759E+29;Desenglobe_Division_Material;095-163840;Publico_Uso_Publico;Via;7;;;
L5_455;455;BOYACÁ;SOGAMOSO;6/10/2025;095-138809;;1,5759E+29;Desenglobe_Division_Material;095-162634;Privado_Privado;PH_Unidad_Predial;75.260.000.000.000.000;0.5583;75.260.000.000.000.000;
L5_456;456;BOYACÁ;SOGAMOSO;6/10/2025;095-138809;;1,5759E+29;Desenglobe_Division_Material;095-162635;Privado_Privado;PH_Unidad_Predial;59.55;0.4417;59.55;
L5_389;389;BOYACÁ;SOGAMOSO;6/10/2025;095-139903;;1,5759E+29;Desenglobe_Division_Material;095-140930;Privado_Privado;PH_Unidad_Predial;71.46;0.2806;71.46;
L5_388;388;BOYACÁ;SOGAMOSO;6/10/2025;095-139903;;1,5759E+29;Desenglobe_Division_Material;095-140929;Privado_Privado;PH_Unidad_Predial;116.60 ;0.4578;116.60 ;
L5_390;390;BOYACÁ;SOGAMOSO;6/10/2025;095-139903;;1,5759E+29;Desenglobe_Division_Material;095-140931;Privado_Privado;PH_Unidad_Predial;66.650.000.000.000.000;0.2616;66.650.000.000.000.000;
L5_396;396;BOYACÁ;SOGAMOSO;6/10/2025;095-141862;;1,5759E+29;Desenglobe_Division_Material;095-154407;Privado_Privado;PH_Unidad_Predial;64.150.000.000.000.000;0.335;;
L5_397;397;BOYACÁ;SOGAMOSO;6/10/2025;095-141862;;1,5759E+29;Desenglobe_Division_Material;095-154408;Privado_Privado;PH_Unidad_Predial;65.25;0.3313;;
L5_398;398;BOYACÁ;SOGAMOSO;6/10/2025;095-141862;;1,5759E+29;Desenglobe_Division_Material;095-154409;Privado_Privado;PH_Unidad_Predial;66.75;0.3337;;
L5_394;394;BOYACÁ;SOGAMOSO;6/10/2025;095-142171;;1,5759E+29;Desenglobe_Division_Material;095-163673;Privado_Privado;PH_Unidad_Predial;44.56;0.3376;44.56;
L5_393;393;BOYACÁ;SOGAMOSO;6/10/2025;095-142171;;1,5759E+29;Desenglobe_Division_Material;095-163674;Privado_Privado;PH_Unidad_Predial;44.56;0.3376;44.56;
L5_392;392;BOYACÁ;SOGAMOSO;6/10/2025;095-142171;;1,5759E+29;Desenglobe_Division_Material;095-163672;Privado_Privado;PH_Unidad_Predial;42.88;0.3248;42.88;
L5_324;324;BOYACÁ;SOGAMOSO;6/10/2025;095-146262;;1,5759E+29;Desenglobe_Division_Material;095-153504;Privado_Privado;NPH;1.117.125;;;
L5_325;327;BOYACÁ;SOGAMOSO;6/10/2025;095-153503;;SIN NPN;Cambio_Numero_Predial_NPH_a_PH;095-153503;Privado_Privado;PH_Matriz;1.177.125;;;
L5_325;325;BOYACÁ;SOGAMOSO;6/10/2025;095-146262;;1,5759E+29;Desenglobe_Division_Material;095-153503;Privado_Privado;NPH;1.117.125;;;
L5_399;399;BOYACÁ;SOGAMOSO;6/10/2025;095-14704;;1,5759E+29;Desenglobe_Venta_Parcial;095-160808;Privado_Privado;NPH;234;;;
L5_404;404;BOYACÁ;SOGAMOSO;6/10/2025;095-152327;;1,5759E+29;Desenglobe_Venta_Parcial;095-152700;Publico_Uso_Publico;Via;71.959.999.999.999.900;;;
L5_347;347;BOYACÁ;SOGAMOSO;6/10/2025;095-152856;;1,5759E+29;Desenglobe_Division_Material;095-157887;Privado_Privado;NPH;111;;;
L5_348;348;BOYACÁ;SOGAMOSO;6/10/2025;095-152856;;1,5759E+29;Desenglobe_Division_Material;095-157885;Privado_Privado;NPH;108;;;
L5_349;349;BOYACÁ;SOGAMOSO;6/10/2025;095-152856;;1,5759E+29;Desenglobe_Division_Material;095-157888;Privado_Privado;NPH;111;;;
L5_346;346;BOYACÁ;SOGAMOSO;6/10/2025;095-152856;;1,5759E+29;Desenglobe_Division_Material;095-157886;Privado_Privado;NPH;111;;;
L5_401;401;BOYACÁ;SOGAMOSO;6/10/2025;095-153039;;1,5759E+29;Desenglobe_Division_Material;095-164183;Privado_Privado;PH_Unidad_Predial;127.72;0.5262;127.72;
L5_402;402;BOYACÁ;SOGAMOSO;6/10/2025;095-153039;;1,5759E+29;Desenglobe_Division_Material;095-164185;Privado_Privado;PH_Unidad_Predial;64.150.000.000.000.000;0.2643;64.150.000.000.000.000;
L5_403;403;BOYACÁ;SOGAMOSO;6/10/2025;095-153039;;1,5759E+29;Desenglobe_Division_Material;095-164184;Privado_Privado;PH_Unidad_Predial;50.85;0.2095;50.85;
L5_328;328;BOYACÁ;SOGAMOSO;6/10/2025;095-153503;;SIN NPN;Desenglobe_Division_Material;095-159552;Privado_Privado;PH_Unidad_Predial;52.63;0.2126;52.63;
L5_331;331;BOYACÁ;SOGAMOSO;6/10/2025;095-153503;;SIN NPN;Desenglobe_Division_Material;095-159551;Privado_Privado;PH_Unidad_Predial;62.75;0.2535;62.75;
L5_330;330;BOYACÁ;SOGAMOSO;6/10/2025;095-153503;;SIN NPN;Desenglobe_Division_Material;095-159549;Privado_Privado;PH_Unidad_Predial;69.44;0.2804;69.44;
L5_329;329;BOYACÁ;SOGAMOSO;6/10/2025;095-153503;;SIN NPN;Desenglobe_Division_Material;095-159550;Privado_Privado;PH_Unidad_Predial;62.75;0.2535;62.75;
L5_336;336;BOYACÁ;SOGAMOSO;6/10/2025;095-156280;;SIN NPN;Desenglobe_Division_Material;095-156284;Privado_Privado;NPH;413.61;;;
L5_339;339;BOYACÁ;SOGAMOSO;6/10/2025;095-156280;;SIN NPN;Desenglobe_Division_Material;095-156281;Privado_Privado;NPH;644.21;;;
L5_338;338;BOYACÁ;SOGAMOSO;6/10/2025;095-156280;;SIN NPN;Desenglobe_Division_Material;095-156282;Privado_Privado;NPH;591.7;;;
L5_337;337;BOYACÁ;SOGAMOSO;6/10/2025;095-156280;;SIN NPN;Desenglobe_Division_Material;095-156283;Privado_Privado;NPH;363.05;;;
L5_341;341;BOYACÁ;SOGAMOSO;6/10/2025;095-156290;;1,5759E+29;Desenglobe_Division_Material;095-158203;Privado_Privado;NPH;270.41;;;
L5_344;344;BOYACÁ;SOGAMOSO;6/10/2025;095-156290;;1,5759E+29;Desenglobe_Division_Material;095-158206;Privado_Privado;NPH;278.6;;;
L5_343;343;BOYACÁ;SOGAMOSO;6/10/2025;095-156290;;1,5759E+29;Desenglobe_Division_Material;095-158205;Privado_Privado;NPH;266.17;;;
L5_342;342;BOYACÁ;SOGAMOSO;6/10/2025;095-156290;;1,5759E+29;Desenglobe_Division_Material;095-158204;Privado_Privado;NPH;266.17;;;
L5_319;319;BOYACÁ;SOGAMOSO;6/10/2025;095-157132;;1,5759E+29;Desenglobe_Division_Material;095-157920;Privado_Privado;NPH;1064.39;;;
L5_321;321;BOYACÁ;SOGAMOSO;6/10/2025;095-157132;;1,5759E+29;Desenglobe_Division_Material;095-157923;Privado_Privado;NPH;286.81;;;
L5_322;322;BOYACÁ;SOGAMOSO;6/10/2025;095-157132;;1,5759E+29;Desenglobe_Division_Material;095-157922;Privado_Privado;NPH;980.4;;;
L5_320;320;BOYACÁ;SOGAMOSO;6/10/2025;095-157132;;1,5759E+29;Desenglobe_Division_Material;095-157921;Privado_Privado;NPH;980.4;;;
L5_411;411;BOYACÁ;SOGAMOSO;6/10/2025;095-160406;;SIN NPN;Desenglobe_Division_Material;095-161695;Publico_Uso_Publico;Bien_Uso_Publico;30.99;;;
L5_413;413;BOYACÁ;SOGAMOSO;6/10/2025;095-160406;;SIN NPN;Desenglobe_Division_Material;095-161693;Privado_Privado;NPH;217.96;;;
L5_412;412;BOYACÁ;SOGAMOSO;6/10/2025;095-160406;;SIN NPN;Desenglobe_Division_Material;095-161694;Privado_Privado;NPH;126.43;;;
L5_483;483;BOYACÁ;SOGAMOSO;6/10/2025;095-17241;;1,5759E+29;Desenglobe_Division_Material;095-160574;Privado_Privado;NPH;104.6;;;
L5_484;484;BOYACÁ;SOGAMOSO;6/10/2025;095-17241;;1,5759E+29;Desenglobe_Division_Material;095-160575;Privado_Privado;NPH;301.95;;;
L5_416;416;BOYACÁ;SOGAMOSO;6/10/2025;095-17529;;1,5759E+29;Desenglobe_Division_Material;095-146715;Privado_Privado;PH_Unidad_Predial;69.58;0.3516;69.58;
L5_417;417;BOYACÁ;SOGAMOSO;6/10/2025;095-17529;;1,5759E+29;Desenglobe_Division_Material;095-146713;Privado_Privado;PH_Unidad_Predial;61.47;0.3106;61.47;
L5_418;418;BOYACÁ;SOGAMOSO;6/10/2025;095-17529;;1,5759E+29;Desenglobe_Division_Material;095-146714;Privado_Privado;PH_Unidad_Predial;66.87;0.3378;66.87;
L5_419;419;BOYACÁ;SOGAMOSO;6/10/2025;095-22133;;1,5759E+29;Desenglobe_Division_Material;095-162252;Privado_Privado;NPH;108.3;;;
L5_422;422;BOYACÁ;SOGAMOSO;6/10/2025;095--2648;;1,5759E+29;Desenglobe_Division_Material;095-159272;Privado_Privado;NPH;238;;;
L5_423;423;BOYACÁ;SOGAMOSO;6/10/2025;095-2648;;1,5759E+29;Desenglobe_Division_Material;095-159273;Privado_Privado;NPH;238;;;
L5_421;421;BOYACÁ;SOGAMOSO;6/10/2025;095-2648;;1,5759E+29;Desenglobe_Division_Material;095-159271;Publico_Uso_Publico;Via;17;;;
L5_451;451;BOYACÁ;SOGAMOSO;6/10/2025;095-34287;;1,5759E+29;Desenglobe_Division_Material;095-148919;Privado_Privado;PH_Unidad_Predial;12.819.999.999.999.900;0.3326;;
L5_452;452;BOYACÁ;SOGAMOSO;6/10/2025;095-34287;;1,5759E+29;Desenglobe_Division_Material;095-148920;Privado_Privado;PH_Unidad_Predial;127.4;0.3305;;
L5_453;453;BOYACÁ;SOGAMOSO;6/10/2025;095-34287;;1,5759E+29;Desenglobe_Division_Material;095-148921;Privado_Privado;PH_Unidad_Predial;111.3;0.3369;;
L5_426;426;BOYACÁ;SOGAMOSO;6/10/2025;095-35769;;1,5759E+29;Desenglobe_Venta_Parcial;095-157798;Privado_Privado;NPH;1871.44;;;
L5_426;426;BOYACÁ;SOGAMOSO;6/10/2025;095-35769;;1,5759E+29;Desenglobe_Venta_Parcial;095-157798;Privado_Privado;NPH;1871.44;;;
L5_425;425;BOYACÁ;SOGAMOSO;6/10/2025;095-35769;;1,5759E+29;Desenglobe_Venta_Parcial;095-155866;Privado_Privado;NPH;965.07;;;
L5_425;425;BOYACÁ;SOGAMOSO;6/10/2025;095-35769;;1,5759E+29;Desenglobe_Venta_Parcial;095-155866;Privado_Privado;NPH;965.07;;;
L5_315;315;BOYACÁ;SOGAMOSO;6/10/2025;095-36559;;1,5759E+29;Desenglobe_Division_Material;095-162296;Privado_Privado;PH_Unidad_Predial;264.3;0.5307;264.3;
L5_318;318;BOYACÁ;SOGAMOSO;6/10/2025;095-36559;;1,5759E+29;Desenglobe_Division_Material;095-162298;Privado_Privado;PH_Unidad_Predial;99.14;0.1991;99.14;
L5_317;317;BOYACÁ;SOGAMOSO;6/10/2025;095-36559;;1,5759E+29;Desenglobe_Division_Material;095-162299;Privado_Privado;PH_Unidad_Predial;65.2;0.1308;65.2;
L5_316;316;BOYACÁ;SOGAMOSO;6/10/2025;095-36559;;1,5759E+29;Desenglobe_Division_Material;095-162297;Privado_Privado;PH_Unidad_Predial;69.42;0.1394;69.42;
L5_427;427;BOYACÁ;SOGAMOSO;6/10/2025;095-55351;;1,5759E+29;Desenglobe_Venta_Parcial;095-159360;Privado_Privado;NPH;1454.32;;;
L5_428;428;BOYACÁ;SOGAMOSO;6/10/2025;095-55351;;1,5759E+29;Desenglobe_Venta_Parcial;095-157807;Privado_Privado;NPH;1535.47;;;
L5_307;307;BOYACÁ;SOGAMOSO;6/10/2025;095-72918;;1,5759E+29;Desenglobe_Division_Material;095-161616;Privado_Privado;PH_Unidad_Predial;64.6;0.2431;64.6;
L5_306;306;BOYACÁ;SOGAMOSO;6/10/2025;095-72918;;1,5759E+29;Desenglobe_Division_Material;095-161617;Privado_Privado;PH_Unidad_Predial;64.6;0.2379;64.6;
L5_305;305;BOYACÁ;SOGAMOSO;6/10/2025;095-72918;;1,5759E+29;Desenglobe_Division_Material;095-161614;Privado_Privado;PH_Unidad_Predial;67.31;0.2478;67.31;
L5_308;308;BOYACÁ;SOGAMOSO;6/10/2025;095-72918;;1,5759E+29;Desenglobe_Division_Material;095-161615;Privado_Privado;PH_Unidad_Predial;73.64;0.2712;73.64;
L5_444;444;BOYACÁ;SOGAMOSO;6/10/2025;095-75408;;1,5759E+29;Desenglobe_Venta_Parcial;095-160433;Privado_Privado;NPH;93.64;;;
L5_443;443;BOYACÁ;SOGAMOSO;6/10/2025;095-75408;;1,5759E+29;Desenglobe_Venta_Parcial;095-160432;Privado_Privado;NPH;95.56;;;
L5_442;442;BOYACÁ;SOGAMOSO;6/10/2025;095-75408;;1,5759E+29;Desenglobe_Venta_Parcial;095-160431;Privado_Privado;NPH;97.3;;;
L5_430;430;BOYACÁ;SOGAMOSO;6/10/2025;095--78502;;1,5759E+29;Desenglobe_Division_Material;095-166700;Privado_Privado;PH_Unidad_Predial;86.57;0.3227;86.57;
L5_431;431;BOYACÁ;SOGAMOSO;6/10/2025;095-78502;;1,5759E+29;Desenglobe_Division_Material;095-166699;Privado_Privado;PH_Unidad_Predial;88.57;0.3301;88.57;
L5_432;432;BOYACÁ;SOGAMOSO;6/10/2025;095-78502;;1,5759E+29;Desenglobe_Division_Material;095-166698;Privado_Privado;PH_Unidad_Predial;93.14;0.3472;93.14;
L5_278;278;BOYACÁ;SOGAMOSO;6/10/2025; 095-78833;;1,5759E+29;Predio_Nuevo;095-163170;Privado_Privado;PH_Unidad_Predial;51;0.30785;51;
L5_277;277;BOYACÁ;SOGAMOSO;6/10/2025; 095-78833;;1,5759E+29;Predio_Nuevo;095-163172;Privado_Privado;PH_Unidad_Predial;33;0.1992;33;
L5_276;276;BOYACÁ;SOGAMOSO;6/10/2025; 095-78833;;1,5759E+29;Predio_Nuevo;095-163258;Privado_Privado;PH_Unidad_Predial;10.6;0.02716;10.6;
L5_275;275;BOYACÁ;SOGAMOSO;6/10/2025; 095-78833;;1,5759E+29;Predio_Nuevo;095-163173;Privado_Privado;PH_Unidad_Predial;87;0.52516;87;
L5_274;274;BOYACÁ;SOGAMOSO;6/10/2025; 095-78833;;1,5759E+29;Predio_Nuevo;095-163175;Privado_Privado;PH_Unidad_Predial;87;0.52516;87;
L5_273;273;BOYACÁ;SOGAMOSO;6/10/2025; 095-78833;;1,5759E+29;Predio_Nuevo;095-163257;Privado_Privado;PH_Unidad_Predial;10.6;0.02716;10.6;
L5_272;272;BOYACÁ;SOGAMOSO;6/10/2025; 095-78833;;1,5759E+29;Predio_Nuevo;095-163174;Privado_Privado;PH_Unidad_Predial;87;0.52516;87;
L5_271;271;BOYACÁ;SOGAMOSO;6/10/2025; 095-78833;;1,5759E+29;Predio_Nuevo;095-163169;Privado_Privado;PH_Unidad_Predial;33;0.1992;33;
L5_270;270;BOYACÁ;SOGAMOSO;6/10/2025; 095-78833;;1,5759E+29;Predio_Nuevo;095-163176;Privado_Privado;PH_Unidad_Predial;87;0.52516;87;
L5_269;269;BOYACÁ;SOGAMOSO;6/10/2025; 095-78833;;1,5759E+29;Predio_Nuevo;095-163260;Privado_Privado;PH_Unidad_Predial;10.6;0.02716;10.6;
L5_268;268;BOYACÁ;SOGAMOSO;6/10/2025; 095-78833;;1,5759E+29;Predio_Nuevo;095-163168;Privado_Privado;PH_Unidad_Predial;33;0.1992;33;
L5_267;267;BOYACÁ;SOGAMOSO;6/10/2025; 095-78833;;1,5759E+29;Predio_Nuevo;095-163164;Privado_Privado;PH_Unidad_Predial;33;0.1992;33;
L5_266;266;BOYACÁ;SOGAMOSO;6/10/2025; 095-78833;;1,5759E+29;Predio_Nuevo;095-163163;Privado_Privado;PH_Unidad_Predial;51;0.30785;51;
L5_265;265;BOYACÁ;SOGAMOSO;6/10/2025; 095-78833;;1,5759E+29;Predio_Nuevo;095-163162;Privado_Privado;PH_Unidad_Predial;51;0.30785;51;
L5_264;264;BOYACÁ;SOGAMOSO;6/10/2025; 095-78833;;1,5759E+29;Predio_Nuevo;095-163264;Privado_Privado;PH_Unidad_Predial;10.6;0.02716;10.6;
L5_263;263;BOYACÁ;SOGAMOSO;6/10/2025; 095-78833;;1,5759E+29;Predio_Nuevo;095-163165;Privado_Privado;PH_Unidad_Predial;33;0.1992;33;
L5_262;262;BOYACÁ;SOGAMOSO;6/10/2025; 095-78833;;1,5759E+29;Predio_Nuevo;095-163263;Privado_Privado;PH_Unidad_Predial;10.6;0.02716;10.6;
L5_261;261;BOYACÁ;SOGAMOSO;6/10/2025; 095-78833;;1,5759E+29;Predio_Nuevo;095-163167;Privado_Privado;PH_Unidad_Predial;51;0.30785;51;
L5_260;260;BOYACÁ;SOGAMOSO;6/10/2025; 095-78833;;1,5759E+29;Predio_Nuevo;095-163262;Privado_Privado;PH_Unidad_Predial;10.6;0.02716;10.6;
L5_259;259;BOYACÁ;SOGAMOSO;6/10/2025; 095-78833;;1,5759E+29;Predio_Nuevo;095-163166;Privado_Privado;PH_Unidad_Predial;51;0.30785;51;
L5_258;258;BOYACÁ;SOGAMOSO;6/10/2025; 095-78833;;1,5759E+29;Predio_Nuevo;095-163261;Privado_Privado;PH_Unidad_Predial;10.6;0.02716;10.6;
L5_257;257;BOYACÁ;SOGAMOSO;6/10/2025; 095-78833;;1,5759E+29;Predio_Nuevo;095-163177;Privado_Privado;PH_Unidad_Predial;2.11;0.01011;2.11;
L5_256;256;BOYACÁ;SOGAMOSO;6/10/2025; 095-78833;;1,5759E+29;Predio_Nuevo;095-163256;Privado_Privado;PH_Unidad_Predial;10.6;0.02716;10.6;
L5_255;255;BOYACÁ;SOGAMOSO;6/10/2025; 095-78833;;1,5759E+29;Predio_Nuevo;095-163178;Privado_Privado;PH_Unidad_Predial;2.11;0.01011;2.11;
L5_254;254;BOYACÁ;SOGAMOSO;6/10/2025; 095-78833;;1,5759E+29;Predio_Nuevo;095-163190;Privado_Privado;PH_Unidad_Predial;2.11;0.01011;2.11;
L5_253;253;BOYACÁ;SOGAMOSO;6/10/2025; 095-78833;;1,5759E+29;Predio_Nuevo;095-163189;Privado_Privado;PH_Unidad_Predial;2.11;0.01011;2.11;
L5_252;252;BOYACÁ;SOGAMOSO;6/10/2025; 095-78833;;1,5759E+29;Predio_Nuevo;095-163251;Privado_Privado;PH_Unidad_Predial;10.6;0.02716;10.6;
L5_251;251;BOYACÁ;SOGAMOSO;6/10/2025; 095-78833;;1,5759E+29;Predio_Nuevo;095-163191;Privado_Privado;PH_Unidad_Predial;2.11;0.01011;2.11;
L5_250;250;BOYACÁ;SOGAMOSO;6/10/2025; 095-78833;;1,5759E+29;Predio_Nuevo;095-163250;Privado_Privado;PH_Unidad_Predial;10.6;0.02716;10.6;
L5_249;249;BOYACÁ;SOGAMOSO;6/10/2025; 095-78833;;1,5759E+29;Predio_Nuevo;095-163249;Privado_Privado;PH_Unidad_Predial;10.6;0.02716;10.6;
L5_248;248;BOYACÁ;SOGAMOSO;6/10/2025; 095-78833;;1,5759E+29;Predio_Nuevo;095-163248;Privado_Privado;PH_Unidad_Predial;10.6;0.02716;10.6;
L5_247;247;BOYACÁ;SOGAMOSO;6/10/2025; 095-78833;;1,5759E+29;Predio_Nuevo;095-163193;Privado_Privado;PH_Unidad_Predial;2.11;0.01011;2.11;
L5_246;246;BOYACÁ;SOGAMOSO;6/10/2025; 095-78833;;1,5759E+29;Predio_Nuevo;095-163192;Privado_Privado;PH_Unidad_Predial;2.11;0.01011;2.11;
L5_245;245;BOYACÁ;SOGAMOSO;6/10/2025; 095-78833;;1,5759E+29;Predio_Nuevo;095-163188;Privado_Privado;PH_Unidad_Predial;2.11;0.01011;2.11;
L5_244;244;BOYACÁ;SOGAMOSO;6/10/2025; 095-78833;;1,5759E+29;Predio_Nuevo;095-163187;Privado_Privado;PH_Unidad_Predial;2.11;0.01011;2.11;
L5_243;243;BOYACÁ;SOGAMOSO;6/10/2025; 095-78833;;1,5759E+29;Predio_Nuevo;095-163252;Privado_Privado;PH_Unidad_Predial;10.6;0.02716;10.6;
L5_242;242;BOYACÁ;SOGAMOSO;6/10/2025; 095-78833;;1,5759E+29;Predio_Nuevo;095-163186;Privado_Privado;PH_Unidad_Predial;2.11;0.01011;2.11;
L5_241;241;BOYACÁ;SOGAMOSO;6/10/2025; 095-78833;;1,5759E+29;Predio_Nuevo;095-163181;Privado_Privado;PH_Unidad_Predial;2.11;0.01011;2.11;
L5_240;240;BOYACÁ;SOGAMOSO;6/10/2025; 095-78833;;1,5759E+29;Predio_Nuevo;095-163180;Privado_Privado;PH_Unidad_Predial;2.11;0.01011;2.11;
L5_239;239;BOYACÁ;SOGAMOSO;6/10/2025; 095-78833;;1,5759E+29;Predio_Nuevo;095-163179;Privado_Privado;PH_Unidad_Predial;2.11;0.01011;2.11;
L5_238;238;BOYACÁ;SOGAMOSO;6/10/2025; 095-78833;;1,5759E+29;Predio_Nuevo;095-163255;Privado_Privado;PH_Unidad_Predial;10.6;0.02716;10.6;
L5_237;237;BOYACÁ;SOGAMOSO;6/10/2025; 095-78833;;1,5759E+29;Predio_Nuevo;095-163195;Privado_Privado;PH_Unidad_Predial;2.11;0.01011;2.11;
L5_236;236;BOYACÁ;SOGAMOSO;6/10/2025; 095-78833;;1,5759E+29;Predio_Nuevo;095-163254;Privado_Privado;PH_Unidad_Predial;10.6;0.02716;10.6;
L5_235;235;BOYACÁ;SOGAMOSO;6/10/2025; 095-78833;;1,5759E+29;Predio_Nuevo;095-163183;Privado_Privado;PH_Unidad_Predial;2.11;0.01011;2.11;
L5_234;234;BOYACÁ;SOGAMOSO;6/10/2025; 095-78833;;1,5759E+29;Predio_Nuevo;095-163253;Privado_Privado;PH_Unidad_Predial;10.6;0.02716;10.6;
L5_233;233;BOYACÁ;SOGAMOSO;6/10/2025; 095-78833;;1,5759E+29;Predio_Nuevo;095-163185;Privado_Privado;PH_Unidad_Predial;2.11;0.01011;2.11;
L5_232;232;BOYACÁ;SOGAMOSO;6/10/2025; 095-78833;;1,5759E+29;Predio_Nuevo;095-163184;Privado_Privado;PH_Unidad_Predial;2.11;0.01011;2.11;
L5_231;231;BOYACÁ;SOGAMOSO;6/10/2025; 095-78833;;1,5759E+29;Predio_Nuevo;095-163182;Privado_Privado;PH_Unidad_Predial;2.11;0.01011;2.11;
L5_230;230;BOYACÁ;SOGAMOSO;6/10/2025; 095-78833;;1,5759E+29;Predio_Nuevo;095-163204;Privado_Privado;PH_Unidad_Predial;10.6;0.02716;10.6;
L5_229;229;BOYACÁ;SOGAMOSO;6/10/2025; 095-78833;;1,5759E+29;Predio_Nuevo;095-163115;Privado_Privado;PH_Unidad_Predial;2.11;0.01011;2.11;
L5_228;228;BOYACÁ;SOGAMOSO;6/10/2025; 095-78833;;1,5759E+29;Predio_Nuevo;095-163065;Privado_Privado;PH_Unidad_Predial;169.1;0.76898;169.1;
L5_227;227;BOYACÁ;SOGAMOSO;6/10/2025; 095-78833;;1,5759E+29;Predio_Nuevo;095-162996;Privado_Privado;PH_Unidad_Predial;50;0.30182;50;
L5_226;226;BOYACÁ;SOGAMOSO;6/10/2025; 095-78833;;1,5759E+29;Predio_Nuevo;095-163056;Privado_Privado;PH_Unidad_Predial;50;0.30182;50;
L5_225;225;BOYACÁ;SOGAMOSO;6/10/2025; 095-78833;;1,5759E+29;Predio_Nuevo;095-163057;Privado_Privado;PH_Unidad_Predial;33;0.1992;33;
L5_224;224;BOYACÁ;SOGAMOSO;6/10/2025; 095-78833;;1,5759E+29;Predio_Nuevo;095-163058;Privado_Privado;PH_Unidad_Predial;33;0.1992;33;
L5_223;223;BOYACÁ;SOGAMOSO;6/10/2025; 095-78833;;1,5759E+29;Predio_Nuevo;095-162995;Privado_Privado;PH_Unidad_Predial;79;0.47687;79;
L5_222;222;BOYACÁ;SOGAMOSO;6/10/2025; 095-78833;;1,5759E+29;Predio_Nuevo;095-162997;Privado_Privado;PH_Unidad_Predial;33;0.1992;33;
L5_221;221;BOYACÁ;SOGAMOSO;6/10/2025; 095-78833;;1,5759E+29;Predio_Nuevo;095-163060;Privado_Privado;PH_Unidad_Predial;79;0.47687;79;
L5_220;220;BOYACÁ;SOGAMOSO;6/10/2025; 095-78833;;1,5759E+29;Predio_Nuevo;095-163059;Privado_Privado;PH_Unidad_Predial;50;0.30182;50;
L5_219;219;BOYACÁ;SOGAMOSO;6/10/2025; 095-78833;;1,5759E+29;Predio_Nuevo;095-163055;Privado_Privado;PH_Unidad_Predial;79;0.47687;79;
L5_218;218;BOYACÁ;SOGAMOSO;6/10/2025; 095-78833;;1,5759E+29;Predio_Nuevo;095-163054;Privado_Privado;PH_Unidad_Predial;79;0.47687;79;
L5_217;217;BOYACÁ;SOGAMOSO;6/10/2025; 095-78833;;1,5759E+29;Predio_Nuevo;095-163053;Privado_Privado;PH_Unidad_Predial;55;0.30182;55;
L5_216;216;BOYACÁ;SOGAMOSO;6/10/2025; 095-78833;;1,5759E+29;Predio_Nuevo;095-163050;Privado_Privado;PH_Unidad_Predial;50;0.30182;50;
L5_215;215;BOYACÁ;SOGAMOSO;6/10/2025; 095-78833;;1,5759E+29;Predio_Nuevo;095-163049;Privado_Privado;PH_Unidad_Predial;79;0.47687;79;
L5_214;214;BOYACÁ;SOGAMOSO;6/10/2025; 095-78833;;1,5759E+29;Predio_Nuevo;095-163048;Privado_Privado;PH_Unidad_Predial;79;0.47687;79;
L5_213;213;BOYACÁ;SOGAMOSO;6/10/2025; 095-78833;;1,5759E+29;Predio_Nuevo;095-162994;Privado_Privado;PH_Unidad_Predial;79;0.47687;79;
L5_212;212;BOYACÁ;SOGAMOSO;6/10/2025; 095-78833;;1,5759E+29;Predio_Nuevo;095-163000;Privado_Privado;PH_Unidad_Predial;79;0.47687;79;
L5_211;211;BOYACÁ;SOGAMOSO;6/10/2025; 095-78833;;1,5759E+29;Predio_Nuevo;095-163051;Privado_Privado;PH_Unidad_Predial;33;0.1992;33;
L5_210;210;BOYACÁ;SOGAMOSO;6/10/2025; 095-78833;;1,5759E+29;Predio_Nuevo;095-162999;Privado_Privado;PH_Unidad_Predial;50;0.30182;50;
L5_209;209;BOYACÁ;SOGAMOSO;6/10/2025; 095-78833;;1,5759E+29;Predio_Nuevo;095-162998;Privado_Privado;PH_Unidad_Predial;33;0.1992;33;
L5_208;208;BOYACÁ;SOGAMOSO;6/10/2025; 095-78833;;1,5759E+29;Predio_Nuevo;095-163052;Privado_Privado;PH_Unidad_Predial;33;0.1992;33;
L5_207;207;BOYACÁ;SOGAMOSO;6/10/2025; 095-78833;;1,5759E+29;Predio_Nuevo;095-163001;Privado_Privado;PH_Unidad_Predial;79;0.47687;79;
L5_206;206;BOYACÁ;SOGAMOSO;6/10/2025; 095-78833;;1,5759E+29;Predio_Nuevo;095-163061;Privado_Privado;PH_Unidad_Predial;79;0.47687;79;
L5_205;205;BOYACÁ;SOGAMOSO;6/10/2025; 095-78833;;1,5759E+29;Predio_Nuevo;095-163062;Privado_Privado;PH_Unidad_Predial;50;0.30182;50;
L5_204;204;BOYACÁ;SOGAMOSO;6/10/2025; 095-78833;;1,5759E+29;Predio_Nuevo;095-163072;Privado_Privado;PH_Unidad_Predial;2.11;0.01011;2.11;
L5_203;203;BOYACÁ;SOGAMOSO;6/10/2025; 095-78833;;1,5759E+29;Predio_Nuevo;095-163073;Privado_Privado;PH_Unidad_Predial;2.11;0.01011;2.11;
L5_202;202;BOYACÁ;SOGAMOSO;6/10/2025; 095-78833;;1,5759E+29;Predio_Nuevo;095-163074;Privado_Privado;PH_Unidad_Predial;2.11;0.01011;2.11;
L5_201;201;BOYACÁ;SOGAMOSO;6/10/2025; 095-78833;;1,5759E+29;Predio_Nuevo;095-163075;Privado_Privado;PH_Unidad_Predial;2.11;0.01011;2.11;
L5_5;5;BOYACÁ;SOGAMOSO;6/10/2025; 095-78833;;1,5759E+29;Predio_Nuevo;095-163220;Privado_Privado;PH_Unidad_Predial;10.6;0.02716;10.6;
L5_200;200;BOYACÁ;SOGAMOSO;6/10/2025; 095-78833;;1,5759E+29;Predio_Nuevo;095-163076;Privado_Privado;PH_Unidad_Predial;2.11;0.01011;2.11;
L5_279;279;BOYACÁ;SOGAMOSO;6/10/2025; 095-78833;;1,5759E+29;Predio_Nuevo;095-163171;Privado_Privado;PH_Unidad_Predial;51;0.30785;51;
L5_281;281;BOYACÁ;SOGAMOSO;6/10/2025; 095-78833;;1,5759E+29;Predio_Nuevo;095-163194;Privado_Privado;PH_Unidad_Predial;2.11;0.01011;2.11;
L5_282;282;BOYACÁ;SOGAMOSO;6/10/2025; 095-78833;;1,5759E+29;Predio_Nuevo;095-163196;Privado_Privado;PH_Unidad_Predial;2.11;0.01011;2.11;
L5_283;283;BOYACÁ;SOGAMOSO;6/10/2025; 095-78833;;1,5759E+29;Predio_Nuevo;095-163265;Privado_Privado;PH_Unidad_Predial;10.6;0.02716;10.6;
L5_284;284;BOYACÁ;SOGAMOSO;6/10/2025; 095-78833;;1,5759E+29;Predio_Nuevo;095-163235;Privado_Privado;PH_Unidad_Predial;10.6;0.02716;10.6;
L5_285;285;BOYACÁ;SOGAMOSO;6/10/2025; 095-78833;;1,5759E+29;Predio_Nuevo;095-163217;Privado_Privado;PH_Unidad_Predial;10.6;0.02716;10.6;
L5_286;286;BOYACÁ;SOGAMOSO;6/10/2025; 095-78833;;1,5759E+29;Predio_Nuevo;095-163234;Privado_Privado;PH_Unidad_Predial;10.6;0.02716;10.6;
L5_287;287;BOYACÁ;SOGAMOSO;6/10/2025; 095-78833;;1,5759E+29;Predio_Nuevo;095-163218;Privado_Privado;PH_Unidad_Predial;10.6;0.02716;10.6;
L5_288;288;BOYACÁ;SOGAMOSO;6/10/2025; 095-78833;;1,5759E+29;Predio_Nuevo;095-163216;Privado_Privado;PH_Unidad_Predial;10.6;0.02716;10.6;
L5_289;289;BOYACÁ;SOGAMOSO;6/10/2025; 095-78833;;1,5759E+29;Predio_Nuevo;095-163215;Privado_Privado;PH_Unidad_Predial;10.6;0.02716;10.6;
L5_290;290;BOYACÁ;SOGAMOSO;6/10/2025; 095-78833;;1,5759E+29;Predio_Nuevo;095-163197;Privado_Privado;PH_Unidad_Predial;2.11;0.01011;2.11;
L5_291;291;BOYACÁ;SOGAMOSO;6/10/2025; 095-78833;;1,5759E+29;Predio_Nuevo;095-163214;Privado_Privado;PH_Unidad_Predial;10.6;0.02716;10.6;
L5_292;292;BOYACÁ;SOGAMOSO;6/10/2025; 095-78833;;1,5759E+29;Predio_Nuevo;095-163237;Privado_Privado;PH_Unidad_Predial;10.6;0.02716;10.6;
L5_293;293;BOYACÁ;SOGAMOSO;6/10/2025; 095-78833;;1,5759E+29;Predio_Nuevo;095-163213;Privado_Privado;PH_Unidad_Predial;10.6;0.02716;10.6;
L5_295;295;BOYACÁ;SOGAMOSO;6/10/2025; 095-78833;;1,5759E+29;Predio_Nuevo;095-163219;Privado_Privado;PH_Unidad_Predial;10.6;0.02716;10.6;
L5_296;296;BOYACÁ;SOGAMOSO;6/10/2025; 095-78833;;1,5759E+29;Predio_Nuevo;095-163233;Privado_Privado;PH_Unidad_Predial;10.6;0.02716;10.6;
L5_29;29;BOYACÁ;SOGAMOSO;6/10/2025; 095-78833;;1,5759E+29;Predio_Nuevo;095-163202;Privado_Privado;PH_Unidad_Predial;2.11;0.01011;2.11;
L5_28;28;BOYACÁ;SOGAMOSO;6/10/2025; 095-78833;;1,5759E+29;Predio_Nuevo;095-163198;Privado_Privado;PH_Unidad_Predial;2.11;0.01011;2.11;
L5_27;27;BOYACÁ;SOGAMOSO;6/10/2025; 095-78833;;1,5759E+29;Predio_Nuevo;095-163246;Privado_Privado;PH_Unidad_Predial;10.6;0.02716;10.6;
L5_26;26;BOYACÁ;SOGAMOSO;6/10/2025; 095-78833;;1,5759E+29;Predio_Nuevo;095-163247;Privado_Privado;PH_Unidad_Predial;10.6;0.02716;10.6;
L5_25;25;BOYACÁ;SOGAMOSO;6/10/2025; 095-78833;;1,5759E+29;Predio_Nuevo;095-163199;Privado_Privado;PH_Unidad_Predial;2.11;0.01011;2.11;
L5_24;24;BOYACÁ;SOGAMOSO;6/10/2025; 095-78833;;1,5759E+29;Predio_Nuevo;095-163245;Privado_Privado;PH_Unidad_Predial;10.6;0.02716;10.6;
L5_23;23;BOYACÁ;SOGAMOSO;6/10/2025; 095-78833;;1,5759E+29;Predio_Nuevo;095-163200;Privado_Privado;PH_Unidad_Predial;2.11;0.01011;2.11;
L5_22;22;BOYACÁ;SOGAMOSO;6/10/2025; 095-78833;;1,5759E+29;Predio_Nuevo;095-163243;Privado_Privado;PH_Unidad_Predial;10.6;0.02716;10.6;
L5_21;21;BOYACÁ;SOGAMOSO;6/10/2025; 095-78833;;1,5759E+29;Predio_Nuevo;095-163244;Privado_Privado;PH_Unidad_Predial;10.6;0.02716;10.6;
L5_20;20;BOYACÁ;SOGAMOSO;6/10/2025; 095-78833;;1,5759E+29;Predio_Nuevo;095-163201;Privado_Privado;PH_Unidad_Predial;2.11;0.01011;2.11;
L5_19;19;BOYACÁ;SOGAMOSO;6/10/2025; 095-78833;;1,5759E+29;Predio_Nuevo;095-163203;Privado_Privado;PH_Unidad_Predial;2.11;0.01011;2.11;
L5_18;18;BOYACÁ;SOGAMOSO;6/10/2025; 095-78833;;1,5759E+29;Predio_Nuevo;095-163211;Privado_Privado;PH_Unidad_Predial;10.6;0.02716;10.6;
L5_17;17;BOYACÁ;SOGAMOSO;6/10/2025; 095-78833;;1,5759E+29;Predio_Nuevo;095-163238;Privado_Privado;PH_Unidad_Predial;10.6;0.02716;10.6;
L5_16;16;BOYACÁ;SOGAMOSO;6/10/2025; 095-78833;;1,5759E+29;Predio_Nuevo;095-163212;Privado_Privado;PH_Unidad_Predial;10.6;0.02716;10.6;
L5_15;15;BOYACÁ;SOGAMOSO;6/10/2025; 095-78833;;1,5759E+29;Predio_Nuevo;095-163222;Privado_Privado;PH_Unidad_Predial;10.6;0.02716;10.6;
L5_14;14;BOYACÁ;SOGAMOSO;6/10/2025; 095-78833;;1,5759E+29;Predio_Nuevo;095-163221;Privado_Privado;PH_Unidad_Predial;10.6;0.02716;10.6;
L5_13;13;BOYACÁ;SOGAMOSO;6/10/2025; 095-78833;;1,5759E+29;Predio_Nuevo;095-163231;Privado_Privado;PH_Unidad_Predial;10.6;0.02716;10.6;
L5_12;12;BOYACÁ;SOGAMOSO;6/10/2025; 095-78833;;1,5759E+29;Predio_Nuevo;095-163223;Privado_Privado;PH_Unidad_Predial;10.6;0.02716;10.6;
L5_11;11;BOYACÁ;SOGAMOSO;6/10/2025; 095-78833;;1,5759E+29;Predio_Nuevo;095-163229;Privado_Privado;PH_Unidad_Predial;10.6;0.02716;10.6;
L5_10;10;BOYACÁ;SOGAMOSO;6/10/2025; 095-78833;;1,5759E+29;Predio_Nuevo;095-163224;Privado_Privado;PH_Unidad_Predial;10.6;0.02716;10.6;
L5_9;9;BOYACÁ;SOGAMOSO;6/10/2025; 095-78833;;1,5759E+29;Predio_Nuevo;095-163226;Privado_Privado;PH_Unidad_Predial;10.6;0.02716;10.6;
L5_8;8;BOYACÁ;SOGAMOSO;6/10/2025; 095-78833;;1,5759E+29;Predio_Nuevo;095-163228;Privado_Privado;PH_Unidad_Predial;10.6;0.02716;10.6;
L5_7;7;BOYACÁ;SOGAMOSO;6/10/2025; 095-78833;;1,5759E+29;Predio_Nuevo;095-163225;Privado_Privado;PH_Unidad_Predial;10.6;0.02716;10.6;
L5_6;6;BOYACÁ;SOGAMOSO;6/10/2025; 095-78833;;1,5759E+29;Predio_Nuevo;095-163232;Privado_Privado;PH_Unidad_Predial;10.6;0.02716;10.6;
L5_280;280;BOYACÁ;SOGAMOSO;6/10/2025; 095-78833;;1,5759E+29;Predio_Nuevo;095-163259;Privado_Privado;PH_Unidad_Predial;10.6;0.02716;10.6;
L5_199;199;BOYACÁ;SOGAMOSO;6/10/2025; 095-78833;;1,5759E+29;Predio_Nuevo;095-163071;Privado_Privado;PH_Unidad_Predial;33;0.1992;33;
L5_198;198;BOYACÁ;SOGAMOSO;6/10/2025; 095-78833;;1,5759E+29;Predio_Nuevo;095-163078;Privado_Privado;PH_Unidad_Predial;2.11;0.01011;2.11;
L5_197;197;BOYACÁ;SOGAMOSO;6/10/2025; 095-78833;;1,5759E+29;Predio_Nuevo;095-163077;Privado_Privado;PH_Unidad_Predial;2.11;0.01011;2.11;
L5_196;196;BOYACÁ;SOGAMOSO;6/10/2025; 095-78833;;1,5759E+29;Predio_Nuevo;095-163070;Privado_Privado;PH_Unidad_Predial;50;0.30182;50;
L5_195;195;BOYACÁ;SOGAMOSO;6/10/2025; 095-78833;;1,5759E+29;Predio_Nuevo;095-163069;Privado_Privado;PH_Unidad_Predial;79;0.47687;79;
L5_194;194;BOYACÁ;SOGAMOSO;6/10/2025; 095-78833;;1,5759E+29;Predio_Nuevo;095-163068;Privado_Privado;PH_Unidad_Predial;79;0.47687;79;
L5_193;193;BOYACÁ;SOGAMOSO;6/10/2025; 095-78833;;1,5759E+29;Predio_Nuevo;095-162992;Privado_Privado;PH_Unidad_Predial;33;0.1992;33;
L5_192;192;BOYACÁ;SOGAMOSO;6/10/2025; 095-78833;;1,5759E+29;Predio_Nuevo;095-163081;Privado_Privado;PH_Unidad_Predial;2.11;0.01011;2.11;
L5_191;191;BOYACÁ;SOGAMOSO;6/10/2025; 095-78833;;1,5759E+29;Predio_Nuevo;095-163063;Privado_Privado;PH_Unidad_Predial;33;0.1992;33;
L5_190;190;BOYACÁ;SOGAMOSO;6/10/2025; 095-78833;;1,5759E+29;Predio_Nuevo;095-162993;Privado_Privado;PH_Unidad_Predial;50;0.30182;50;
L5_189;189;BOYACÁ;SOGAMOSO;6/10/2025; 095-78833;;1,5759E+29;Predio_Nuevo;095-163082;Privado_Privado;PH_Unidad_Predial;2.11;0.01011;2.11;
L5_188;188;BOYACÁ;SOGAMOSO;6/10/2025; 095-78833;;1,5759E+29;Predio_Nuevo;095-163020;Privado_Privado;PH_Unidad_Predial;50;0.30182;50;
L5_187;187;BOYACÁ;SOGAMOSO;6/10/2025; 095-78833;;1,5759E+29;Predio_Nuevo;095-163064;Privado_Privado;PH_Unidad_Predial;169.1;0.76898;169.1;
L5_186;186;BOYACÁ;SOGAMOSO;6/10/2025; 095-78833;;1,5759E+29;Predio_Nuevo;095-163067;Privado_Privado;PH_Unidad_Predial;50;0.30182;50;
L5_185;185;BOYACÁ;SOGAMOSO;6/10/2025; 095-78833;;1,5759E+29;Predio_Nuevo;095-163066;Privado_Privado;PH_Unidad_Predial;33;0.1992;33;
L5_184;184;BOYACÁ;SOGAMOSO;6/10/2025; 095-78833;;1,5759E+29;Predio_Nuevo;095-163079;Privado_Privado;PH_Unidad_Predial;2.11;0.01011;2.11;
L5_183;183;BOYACÁ;SOGAMOSO;6/10/2025; 095-78833;;1,5759E+29;Predio_Nuevo;095-163047;Privado_Privado;PH_Unidad_Predial;50;0.30182;50;
L5_182;182;BOYACÁ;SOGAMOSO;6/10/2025; 095-78833;;1,5759E+29;Predio_Nuevo;095-163046;Privado_Privado;PH_Unidad_Predial;33;0.1992;33;
L5_181;181;BOYACÁ;SOGAMOSO;6/10/2025; 095-78833;;1,5759E+29;Predio_Nuevo;095-163029;Privado_Privado;PH_Unidad_Predial;50;0.30182;50;
L5_180;180;BOYACÁ;SOGAMOSO;6/10/2025; 095-78833;;1,5759E+29;Predio_Nuevo;095-163014;Privado_Privado;PH_Unidad_Predial;50;0.30182;50;
L5_179;179;BOYACÁ;SOGAMOSO;6/10/2025; 095-78833;;1,5759E+29;Predio_Nuevo;095-163013;Privado_Privado;PH_Unidad_Predial;79;0.47687;79;
L5_178;178;BOYACÁ;SOGAMOSO;6/10/2025; 095-78833;;1,5759E+29;Predio_Nuevo;095-163030;Privado_Privado;PH_Unidad_Predial;79;0.47687;79;
L5_177;177;BOYACÁ;SOGAMOSO;6/10/2025; 095-78833;;1,5759E+29;Predio_Nuevo;095-163012;Privado_Privado;PH_Unidad_Predial;79;0.47687;79;
L5_176;176;BOYACÁ;SOGAMOSO;6/10/2025; 095-78833;;1,5759E+29;Predio_Nuevo;095-163028;Privado_Privado;PH_Unidad_Predial;33;0.1992;33;
L5_175;175;BOYACÁ;SOGAMOSO;6/10/2025; 095-78833;;1,5759E+29;Predio_Nuevo;095-163032;Privado_Privado;PH_Unidad_Predial;50;0.30182;50;
L5_174;174;BOYACÁ;SOGAMOSO;6/10/2025; 095-78833;;1,5759E+29;Predio_Nuevo;095-163031;Privado_Privado;PH_Unidad_Predial;79;0.47687;79;
L5_173;173;BOYACÁ;SOGAMOSO;6/10/2025; 095-78833;;1,5759E+29;Predio_Nuevo;095-163027;Privado_Privado;PH_Unidad_Predial;33;0.1992;33;
L5_172;172;BOYACÁ;SOGAMOSO;6/10/2025; 095-78833;;1,5759E+29;Predio_Nuevo;095-163015;Privado_Privado;PH_Unidad_Predial;33;0.1992;33;
L5_171;171;BOYACÁ;SOGAMOSO;6/10/2025; 095-78833;;1,5759E+29;Predio_Nuevo;095-163026;Privado_Privado;PH_Unidad_Predial;50;0.30182;50;
L5_170;170;BOYACÁ;SOGAMOSO;6/10/2025; 095-78833;;1,5759E+29;Predio_Nuevo;095-163023;Privado_Privado;PH_Unidad_Predial;50;0.30182;50;
L5_169;169;BOYACÁ;SOGAMOSO;6/10/2025; 095-78833;;1,5759E+29;Predio_Nuevo;095-163022;Privado_Privado;PH_Unidad_Predial;33;0.1992;33;
L5_168;168;BOYACÁ;SOGAMOSO;6/10/2025; 095-78833;;1,5759E+29;Predio_Nuevo;095-163019;Privado_Privado;PH_Unidad_Predial;79;0.47687;79;
L5_167;167;BOYACÁ;SOGAMOSO;6/10/2025; 095-78833;;1,5759E+29;Predio_Nuevo;095-163011;Privado_Privado;PH_Unidad_Predial;50;0.30182;50;
L5_166;166;BOYACÁ;SOGAMOSO;6/10/2025; 095-78833;;1,5759E+29;Predio_Nuevo;095-163018;Privado_Privado;PH_Unidad_Predial;79;0.47687;79;
L5_165;165;BOYACÁ;SOGAMOSO;6/10/2025; 095-78833;;1,5759E+29;Predio_Nuevo;095-163016;Privado_Privado;PH_Unidad_Predial;33;0.1992;33;
L5_164;164;BOYACÁ;SOGAMOSO;6/10/2025; 095-78833;;1,5759E+29;Predio_Nuevo;095-163017;Privado_Privado;PH_Unidad_Predial;50;0.30182;50;
L5_163;163;BOYACÁ;SOGAMOSO;6/10/2025; 095-78833;;1,5759E+29;Predio_Nuevo;095-163025;Privado_Privado;PH_Unidad_Predial;79;0.47687;79;
L5_162;162;BOYACÁ;SOGAMOSO;6/10/2025; 095-78833;;1,5759E+29;Predio_Nuevo;095-163024;Privado_Privado;PH_Unidad_Predial;79;0.47687;79;
L5_161;161;BOYACÁ;SOGAMOSO;6/10/2025; 095-78833;;1,5759E+29;Predio_Nuevo;095-163002;Privado_Privado;PH_Unidad_Predial;50;0.30182;50;
L5_160;160;BOYACÁ;SOGAMOSO;6/10/2025; 095-78833;;1,5759E+29;Predio_Nuevo;095-163033;Privado_Privado;PH_Unidad_Predial;33;0.1992;33;
L5_159;159;BOYACÁ;SOGAMOSO;6/10/2025; 095-78833;;1,5759E+29;Predio_Nuevo;095-163117;Privado_Privado;PH_Unidad_Predial;2.11;0.01011;2.11;
L5_158;158;BOYACÁ;SOGAMOSO;6/10/2025; 095-78833;;1,5759E+29;Predio_Nuevo;095-163151;Privado_Privado;PH_Unidad_Predial;51;0.30785;51;
L5_157;157;BOYACÁ;SOGAMOSO;6/10/2025; 095-78833;;1,5759E+29;Predio_Nuevo;095-163118;Privado_Privado;PH_Unidad_Predial;2.11;0.01011;2.11;
L5_156;156;BOYACÁ;SOGAMOSO;6/10/2025; 095-78833;;1,5759E+29;Predio_Nuevo;095-163159;Privado_Privado;PH_Unidad_Predial;51;0.30785;51;
L5_155;155;BOYACÁ;SOGAMOSO;6/10/2025; 095-78833;;1,5759E+29;Predio_Nuevo;095-163150;Privado_Privado;PH_Unidad_Predial;51;0.30785;51;
L5_154;154;BOYACÁ;SOGAMOSO;6/10/2025; 095-78833;;1,5759E+29;Predio_Nuevo;095-163160;Privado_Privado;PH_Unidad_Predial;33;0.1992;33;
L5_153;153;BOYACÁ;SOGAMOSO;6/10/2025; 095-78833;;1,5759E+29;Predio_Nuevo;095-163113;Privado_Privado;PH_Unidad_Predial;2.11;0.01011;2.11;
L5_152;152;BOYACÁ;SOGAMOSO;6/10/2025; 095-78833;;1,5759E+29;Predio_Nuevo;095-163268;Privado_Privado;PH_Unidad_Predial;10.6;0.02716;10.6;
L5_151;151;BOYACÁ;SOGAMOSO;6/10/2025; 095-78833;;1,5759E+29;Predio_Nuevo;095-163158;Privado_Privado;PH_Unidad_Predial;51;0.30785;51;
L5_150;150;BOYACÁ;SOGAMOSO;6/10/2025; 095-78833;;1,5759E+29;Predio_Nuevo;095-163282;Privado_Privado;PH_Unidad_Predial;134.8;0.97643;134.8;
L5_149;149;BOYACÁ;SOGAMOSO;6/10/2025; 095-78833;;1,5759E+29;Predio_Nuevo;095-163154;Privado_Privado;PH_Unidad_Predial;51;0.30785;51;
L5_148;148;BOYACÁ;SOGAMOSO;6/10/2025; 095-78833;;1,5759E+29;Predio_Nuevo;095-163155;Privado_Privado;PH_Unidad_Predial;51;0.30785;51;
L5_147;147;BOYACÁ;SOGAMOSO;6/10/2025; 095-78833;;1,5759E+29;Predio_Nuevo;095-163156;Privado_Privado;PH_Unidad_Predial;33;0.1992;33;
L5_146;146;BOYACÁ;SOGAMOSO;6/10/2025; 095-78833;;1,5759E+29;Predio_Nuevo;095-163153;Privado_Privado;PH_Unidad_Predial;33;0.1992;33;
L5_145;145;BOYACÁ;SOGAMOSO;6/10/2025; 095-78833;;1,5759E+29;Predio_Nuevo;095-163114;Privado_Privado;PH_Unidad_Predial;2.11;0.01011;2.11;
L5_144;144;BOYACÁ;SOGAMOSO;6/10/2025; 095-78833;;1,5759E+29;Predio_Nuevo;095-163283;Privado_Privado;PH_Unidad_Predial;132.48;0.95963;132.48;
L5_143;143;BOYACÁ;SOGAMOSO;6/10/2025; 095-78833;;1,5759E+29;Predio_Nuevo;095-163157;Privado_Privado;PH_Unidad_Predial;33;0.1992;33;
L5_142;142;BOYACÁ;SOGAMOSO;6/10/2025; 095-78833;;1,5759E+29;Predio_Nuevo;095-163281;Privado_Privado;PH_Unidad_Predial;134.8;0.97643;134.8;
L5_141;141;BOYACÁ;SOGAMOSO;6/10/2025; 095-78833;;1,5759E+29;Predio_Nuevo;095-163116;Privado_Privado;PH_Unidad_Predial;2.11;0.01011;2.11;
L5_140;140;BOYACÁ;SOGAMOSO;6/10/2025; 095-78833;;1,5759E+29;Predio_Nuevo;095-163152;Privado_Privado;PH_Unidad_Predial;33;0.1992;33;
L5_139;139;BOYACÁ;SOGAMOSO;6/10/2025; 095-78833;;1,5759E+29;Predio_Nuevo;095-163266;Privado_Privado;PH_Unidad_Predial;10.6;0.02716;10.6;
L5_138;138;BOYACÁ;SOGAMOSO;6/10/2025; 095-78833;;1,5759E+29;Predio_Nuevo;095-163267;Privado_Privado;PH_Unidad_Predial;10.6;0.02716;10.6;
L5_137;137;BOYACÁ;SOGAMOSO;6/10/2025; 095-78833;;1,5759E+29;Predio_Nuevo;095-163276;Privado_Privado;PH_Unidad_Predial;10.6;0.02716;10.6;
L5_136;136;BOYACÁ;SOGAMOSO;6/10/2025; 095-78833;;1,5759E+29;Predio_Nuevo;095-163269;Privado_Privado;PH_Unidad_Predial;10.6;0.02716;10.6;
L5_135;135;BOYACÁ;SOGAMOSO;6/10/2025; 095-78833;;1,5759E+29;Predio_Nuevo;095-163273;Privado_Privado;PH_Unidad_Predial;10.6;0.02716;10.6;
L5_134;134;BOYACÁ;SOGAMOSO;6/10/2025; 095-78833;;1,5759E+29;Predio_Nuevo;095-163130;Privado_Privado;PH_Unidad_Predial;51;0.30785;51;
L5_133;133;BOYACÁ;SOGAMOSO;6/10/2025; 095-78833;;1,5759E+29;Predio_Nuevo;095-163131;Privado_Privado;PH_Unidad_Predial;51;0.30785;51;
L5_132;132;BOYACÁ;SOGAMOSO;6/10/2025; 095-78833;;1,5759E+29;Predio_Nuevo;095-163278;Privado_Privado;PH_Unidad_Predial;10.6;0.02716;10.6;
L5_131;131;BOYACÁ;SOGAMOSO;6/10/2025; 095-78833;;1,5759E+29;Predio_Nuevo;095-163279;Privado_Privado;PH_Unidad_Predial;10.6;0.02716;10.6;
L5_130;130;BOYACÁ;SOGAMOSO;6/10/2025; 095-78833;;1,5759E+29;Predio_Nuevo;095-163272;Privado_Privado;PH_Unidad_Predial;10.6;0.02716;10.6;
L5_129;129;BOYACÁ;SOGAMOSO;6/10/2025; 095-78833;;1,5759E+29;Predio_Nuevo;095-163138;Privado_Privado;PH_Unidad_Predial;51;0.30785;51;
L5_128;128;BOYACÁ;SOGAMOSO;6/10/2025; 095-78833;;1,5759E+29;Predio_Nuevo;095-163129;Privado_Privado;PH_Unidad_Predial;31;0.18713;31;
L5_127;127;BOYACÁ;SOGAMOSO;6/10/2025; 095-78833;;1,5759E+29;Predio_Nuevo;095-163137;Privado_Privado;PH_Unidad_Predial;33;0.1992;33;
L5_126;126;BOYACÁ;SOGAMOSO;6/10/2025; 095-78833;;1,5759E+29;Predio_Nuevo;095-163132;Privado_Privado;PH_Unidad_Predial;31;0.18713;31;
L5_125;125;BOYACÁ;SOGAMOSO;6/10/2025; 095-78833;;1,5759E+29;Predio_Nuevo;095-163133;Privado_Privado;PH_Unidad_Predial;33;0.1992;33;
L5_124;124;BOYACÁ;SOGAMOSO;6/10/2025; 095-78833;;1,5759E+29;Predio_Nuevo;095-163134;Privado_Privado;PH_Unidad_Predial;51;0.30785;51;
L5_123;123;BOYACÁ;SOGAMOSO;6/10/2025; 095-78833;;1,5759E+29;Predio_Nuevo;095-163274;Privado_Privado;PH_Unidad_Predial;10.6;0.02716;10.6;
L5_122;122;BOYACÁ;SOGAMOSO;6/10/2025; 095-78833;;1,5759E+29;Predio_Nuevo;095-163275;Privado_Privado;PH_Unidad_Predial;10.6;0.02716;10.6;
L5_121;121;BOYACÁ;SOGAMOSO;6/10/2025; 095-78833;;1,5759E+29;Predio_Nuevo;095-163136;Privado_Privado;PH_Unidad_Predial;33;0.1992;33;
L5_120;120;BOYACÁ;SOGAMOSO;6/10/2025; 095-78833;;1,5759E+29;Predio_Nuevo;095-163277;Privado_Privado;PH_Unidad_Predial;10.6;0.02716;10.6;
L5_119;119;BOYACÁ;SOGAMOSO;6/10/2025; 095-78833;;1,5759E+29;Predio_Nuevo;095-163135;Privado_Privado;PH_Unidad_Predial;51;0.30785;51;
L5_118;118;BOYACÁ;SOGAMOSO;6/10/2025; 095-78833;;1,5759E+29;Predio_Nuevo;095-163149;Privado_Privado;PH_Unidad_Predial;33;0.1992;33;
L5_117;117;BOYACÁ;SOGAMOSO;6/10/2025; 095-78833;;1,5759E+29;Predio_Nuevo;095-163139;Privado_Privado;PH_Unidad_Predial;51;0.30785;51;
L5_116;116;BOYACÁ;SOGAMOSO;6/10/2025; 095-78833;;1,5759E+29;Predio_Nuevo;095-163035;Privado_Privado;PH_Unidad_Predial;50;0.30182;50;
L5_115;115;BOYACÁ;SOGAMOSO;6/10/2025; 095-78833;;1,5759E+29;Predio_Nuevo;095-163042;Privado_Privado;PH_Unidad_Predial;79;0.47687;79;
L5_114;114;BOYACÁ;SOGAMOSO;6/10/2025; 095-78833;;1,5759E+29;Predio_Nuevo;095-163043;Privado_Privado;PH_Unidad_Predial;79;0.47687;79;
L5_113;113;BOYACÁ;SOGAMOSO;6/10/2025; 095-78833;;1,5759E+29;Predio_Nuevo;095-163044;Privado_Privado;PH_Unidad_Predial;50;0.30182;50;
L5_112;112;BOYACÁ;SOGAMOSO;6/10/2025; 095-78833;;1,5759E+29;Predio_Nuevo;095-163005;Privado_Privado;PH_Unidad_Predial;50;0.30182;50;
L5_111;111;BOYACÁ;SOGAMOSO;6/10/2025; 095-78833;;1,5759E+29;Predio_Nuevo;095-163045;Privado_Privado;PH_Unidad_Predial;33;0.1992;33;
L5_110;110;BOYACÁ;SOGAMOSO;6/10/2025; 095-78833;;1,5759E+29;Predio_Nuevo;095-163041;Privado_Privado;PH_Unidad_Predial;50;0.30182;50;
L5_109;109;BOYACÁ;SOGAMOSO;6/10/2025; 095-78833;;1,5759E+29;Predio_Nuevo;095-163003;Privado_Privado;PH_Unidad_Predial;33;0.1992;33;
L5_108;108;BOYACÁ;SOGAMOSO;6/10/2025; 095-78833;;1,5759E+29;Predio_Nuevo;095-163004;Privado_Privado;PH_Unidad_Predial;33;0.1992;33;
L5_107;107;BOYACÁ;SOGAMOSO;6/10/2025; 095-78833;;1,5759E+29;Predio_Nuevo;095-163006;Privado_Privado;PH_Unidad_Predial;79;0.47687;79;
L5_106;106;BOYACÁ;SOGAMOSO;6/10/2025; 095-78833;;1,5759E+29;Predio_Nuevo;095-163007;Privado_Privado;PH_Unidad_Predial;79;0.47687;79;
L5_105;105;BOYACÁ;SOGAMOSO;6/10/2025; 095-78833;;1,5759E+29;Predio_Nuevo;095-163040;Privado_Privado;PH_Unidad_Predial;33;0.1992;33;
L5_104;104;BOYACÁ;SOGAMOSO;6/10/2025; 095-78833;;1,5759E+29;Predio_Nuevo;095-163111;Privado_Privado;PH_Unidad_Predial;2.11;0.01011;2.11;
L5_103;103;BOYACÁ;SOGAMOSO;6/10/2025; 095-78833;;1,5759E+29;Predio_Nuevo;095-163036;Privado_Privado;PH_Unidad_Predial;79;0.47687;79;
L5_102;102;BOYACÁ;SOGAMOSO;6/10/2025; 095-78833;;1,5759E+29;Predio_Nuevo;095-163010;Privado_Privado;PH_Unidad_Predial;33;0.1992;33;
L5_101;101;BOYACÁ;SOGAMOSO;6/10/2025; 095-78833;;1,5759E+29;Predio_Nuevo;095-163034;Privado_Privado;PH_Unidad_Predial;33;0.1992;33;
L5_100;100;BOYACÁ;SOGAMOSO;6/10/2025; 095-78833;;1,5759E+29;Predio_Nuevo;095-163009;Privado_Privado;PH_Unidad_Predial;33;0.1992;33;
L5_99;99;BOYACÁ;SOGAMOSO;6/10/2025; 095-78833;;1,5759E+29;Predio_Nuevo;095-163038;Privado_Privado;PH_Unidad_Predial;50;0.30182;50;
L5_98;98;BOYACÁ;SOGAMOSO;6/10/2025; 095-78833;;1,5759E+29;Predio_Nuevo;095-163037;Privado_Privado;PH_Unidad_Predial;79;0.47687;79;
L5_97;97;BOYACÁ;SOGAMOSO;6/10/2025; 095-78833;;1,5759E+29;Predio_Nuevo;095-163039;Privado_Privado;PH_Unidad_Predial;33;0.1992;33;
L5_96;96;BOYACÁ;SOGAMOSO;6/10/2025; 095-78833;;1,5759E+29;Predio_Nuevo;095-163008;Privado_Privado;PH_Unidad_Predial;50;0.30182;50;
L5_95;95;BOYACÁ;SOGAMOSO;6/10/2025; 095-78833;;1,5759E+29;Predio_Nuevo;095-163080;Privado_Privado;PH_Unidad_Predial;2.11;0.01011;2.11;
L5_94;94;BOYACÁ;SOGAMOSO;6/10/2025; 095-78833;;1,5759E+29;Predio_Nuevo;095-163021;Privado_Privado;PH_Unidad_Predial;33;0.1992;33;
L5_93;93;BOYACÁ;SOGAMOSO;6/10/2025; 095-78833;;1,5759E+29;Predio_Nuevo;095-163085;Privado_Privado;PH_Unidad_Predial;2.11;0.01011;2.11;
L5_92;92;BOYACÁ;SOGAMOSO;6/10/2025; 095-78833;;1,5759E+29;Predio_Nuevo;095-163091;Privado_Privado;PH_Unidad_Predial;2.11;0.01011;2.11;
L5_91;91;BOYACÁ;SOGAMOSO;6/10/2025; 095-78833;;1,5759E+29;Predio_Nuevo;095-163122;Privado_Privado;PH_Unidad_Predial;2.11;0.01011;2.11;
L5_90;90;BOYACÁ;SOGAMOSO;6/10/2025; 095-78833;;1,5759E+29;Predio_Nuevo;095-163098;Privado_Privado;PH_Unidad_Predial;2.11;0.01011;2.11;
L5_89;89;BOYACÁ;SOGAMOSO;6/10/2025; 095-78833;;1,5759E+29;Predio_Nuevo;095-163084;Privado_Privado;PH_Unidad_Predial;2.11;0.01011;2.11;
L5_88;88;BOYACÁ;SOGAMOSO;6/10/2025; 095-78833;;1,5759E+29;Predio_Nuevo;095-163107;Privado_Privado;PH_Unidad_Predial;2.11;0.01011;2.11;
L5_87;87;BOYACÁ;SOGAMOSO;6/10/2025; 095-78833;;1,5759E+29;Predio_Nuevo;095-163106;Privado_Privado;PH_Unidad_Predial;2.11;0.01011;2.11;
L5_86;86;BOYACÁ;SOGAMOSO;6/10/2025; 095-78833;;1,5759E+29;Predio_Nuevo;095-163090;Privado_Privado;PH_Unidad_Predial;2.11;0.01011;2.11;
L5_85;85;BOYACÁ;SOGAMOSO;6/10/2025; 095-78833;;1,5759E+29;Predio_Nuevo;095-163123;Privado_Privado;PH_Unidad_Predial;2.11;0.01011;2.11;
L5_84;84;BOYACÁ;SOGAMOSO;6/10/2025; 095-78833;;1,5759E+29;Predio_Nuevo;095-163099;Privado_Privado;PH_Unidad_Predial;2.11;0.01011;2.11;
L5_83;83;BOYACÁ;SOGAMOSO;6/10/2025; 095-78833;;1,5759E+29;Predio_Nuevo;095-163089;Privado_Privado;PH_Unidad_Predial;2.11;0.01011;2.11;
L5_82;82;BOYACÁ;SOGAMOSO;6/10/2025; 095-78833;;1,5759E+29;Predio_Nuevo;095-163104;Privado_Privado;PH_Unidad_Predial;2.11;0.01011;2.11;
L5_81;81;BOYACÁ;SOGAMOSO;6/10/2025; 095-78833;;1,5759E+29;Predio_Nuevo;095-163103;Privado_Privado;PH_Unidad_Predial;2.11;0.01011;2.11;
L5_80;80;BOYACÁ;SOGAMOSO;6/10/2025; 095-78833;;1,5759E+29;Predio_Nuevo;095-163105;Privado_Privado;PH_Unidad_Predial;2.11;0.01011;2.11;
L5_79;79;BOYACÁ;SOGAMOSO;6/10/2025; 095-78833;;1,5759E+29;Predio_Nuevo;095-163108;Privado_Privado;PH_Unidad_Predial;2.11;0.01011;2.11;
L5_78;78;BOYACÁ;SOGAMOSO;6/10/2025; 095-78833;;1,5759E+29;Predio_Nuevo;095-163097;Privado_Privado;PH_Unidad_Predial;2.11;0.01011;2.11;
L5_77;77;BOYACÁ;SOGAMOSO;6/10/2025; 095-78833;;1,5759E+29;Predio_Nuevo;095-163088;Privado_Privado;PH_Unidad_Predial;2.11;0.01011;2.11;
L5_76;76;BOYACÁ;SOGAMOSO;6/10/2025; 095-78833;;1,5759E+29;Predio_Nuevo;095-163094;Privado_Privado;PH_Unidad_Predial;2.11;0.01011;2.11;
L5_75;75;BOYACÁ;SOGAMOSO;6/10/2025; 095-78833;;1,5759E+29;Predio_Nuevo;095-163083;Privado_Privado;PH_Unidad_Predial;2.11;0.01011;2.11;
L5_74;74;BOYACÁ;SOGAMOSO;6/10/2025; 095-78833;;1,5759E+29;Predio_Nuevo;095-163092;Privado_Privado;PH_Unidad_Predial;2.11;0.01011;2.11;
L5_73;73;BOYACÁ;SOGAMOSO;6/10/2025; 095-78833;;1,5759E+29;Predio_Nuevo;095-163093;Privado_Privado;PH_Unidad_Predial;2.11;0.01011;2.11;
L5_72;72;BOYACÁ;SOGAMOSO;6/10/2025; 095-78833;;1,5759E+29;Predio_Nuevo;095-163109;Privado_Privado;PH_Unidad_Predial;2.11;0.01011;2.11;
L5_71;71;BOYACÁ;SOGAMOSO;6/10/2025; 095-78833;;1,5759E+29;Predio_Nuevo;095-163121;Privado_Privado;PH_Unidad_Predial;2.11;0.01011;2.11;
L5_70;70;BOYACÁ;SOGAMOSO;6/10/2025; 095-78833;;1,5759E+29;Predio_Nuevo;095-163100;Privado_Privado;PH_Unidad_Predial;2.11;0.01011;2.11;
L5_69;69;BOYACÁ;SOGAMOSO;6/10/2025; 095-78833;;1,5759E+29;Predio_Nuevo;095-163102;Privado_Privado;PH_Unidad_Predial;2.11;0.01011;2.11;
L5_68;68;BOYACÁ;SOGAMOSO;6/10/2025; 095-78833;;1,5759E+29;Predio_Nuevo;095-163087;Privado_Privado;PH_Unidad_Predial;2.11;0.01011;2.11;
L5_67;67;BOYACÁ;SOGAMOSO;6/10/2025; 095-78833;;1,5759E+29;Predio_Nuevo;095-163110;Privado_Privado;PH_Unidad_Predial;2.11;0.01011;2.11;
L5_66;66;BOYACÁ;SOGAMOSO;6/10/2025; 095-78833;;1,5759E+29;Predio_Nuevo;095-163101;Privado_Privado;PH_Unidad_Predial;2.11;0.01011;2.11;
L5_65;65;BOYACÁ;SOGAMOSO;6/10/2025; 095-78833;;1,5759E+29;Predio_Nuevo;095-163095;Privado_Privado;PH_Unidad_Predial;2.11;0.01011;2.11;
L5_64;64;BOYACÁ;SOGAMOSO;6/10/2025; 095-78833;;1,5759E+29;Predio_Nuevo;095-163096;Privado_Privado;PH_Unidad_Predial;2.11;0.01011;2.11;
L5_63;63;BOYACÁ;SOGAMOSO;6/10/2025; 095-78833;;1,5759E+29;Predio_Nuevo;095-163086;Privado_Privado;PH_Unidad_Predial;2.11;0.01011;2.11;
L5_62;62;BOYACÁ;SOGAMOSO;6/10/2025; 095-78833;;1,5759E+29;Predio_Nuevo;095-163141;Privado_Privado;PH_Unidad_Predial;33;0.1992;33;
L5_61;61;BOYACÁ;SOGAMOSO;6/10/2025; 095-78833;;1,5759E+29;Predio_Nuevo;095-163125;Privado_Privado;PH_Unidad_Predial;31;0.18713;31;
L5_60;60;BOYACÁ;SOGAMOSO;6/10/2025; 095-78833;;1,5759E+29;Predio_Nuevo;095-163147;Privado_Privado;PH_Unidad_Predial;51;0.30785;51;
L5_59;59;BOYACÁ;SOGAMOSO;6/10/2025; 095-78833;;1,5759E+29;Predio_Nuevo;095-163126;Privado_Privado;PH_Unidad_Predial;51;0.30785;51;
L5_58;58;BOYACÁ;SOGAMOSO;6/10/2025; 095-78833;;1,5759E+29;Predio_Nuevo;095-163280;Privado_Privado;PH_Unidad_Predial;10.6;0.02716;10.6;
L5_57;57;BOYACÁ;SOGAMOSO;6/10/2025; 095-78833;;1,5759E+29;Predio_Nuevo;095-163148;Privado_Privado;PH_Unidad_Predial;33;0.1992;33;
L5_56;56;BOYACÁ;SOGAMOSO;6/10/2025; 095-78833;;1,5759E+29;Predio_Nuevo;095-163119;Privado_Privado;PH_Unidad_Predial;5.02;0.02404;5.02;
L5_55;55;BOYACÁ;SOGAMOSO;6/10/2025; 095-78833;;1,5759E+29;Predio_Nuevo;095-163120;Privado_Privado;PH_Unidad_Predial;5.02;0.02404;5.02;
L5_54;54;BOYACÁ;SOGAMOSO;6/10/2025; 095-78833;;1,5759E+29;Predio_Nuevo;095-163140;Privado_Privado;PH_Unidad_Predial;33;0.1992;33;
L5_53;53;BOYACÁ;SOGAMOSO;6/10/2025; 095-78833;;1,5759E+29;Predio_Nuevo;095-163146;Privado_Privado;PH_Unidad_Predial;51;0.30785;51;
L5_52;52;BOYACÁ;SOGAMOSO;6/10/2025; 095-78833;;1,5759E+29;Predio_Nuevo;095-163145;Privado_Privado;PH_Unidad_Predial;33;0.1992;33;
L5_51;51;BOYACÁ;SOGAMOSO;6/10/2025; 095-78833;;1,5759E+29;Predio_Nuevo;095-163271;Privado_Privado;PH_Unidad_Predial;10.6;0.02716;10.6;
L5_50;50;BOYACÁ;SOGAMOSO;6/10/2025; 095-78833;;1,5759E+29;Predio_Nuevo;095-163128;Privado_Privado;PH_Unidad_Predial;31;0.18713;31;
L5_49;49;BOYACÁ;SOGAMOSO;6/10/2025; 095-78833;;1,5759E+29;Predio_Nuevo;095-163270;Privado_Privado;PH_Unidad_Predial;10.6;0.02716;10.6;
L5_48;48;BOYACÁ;SOGAMOSO;6/10/2025; 095-78833;;1,5759E+29;Predio_Nuevo;095-163127;Privado_Privado;PH_Unidad_Predial;51;0.30785;51;
L5_47;47;BOYACÁ;SOGAMOSO;6/10/2025; 095-78833;;1,5759E+29;Predio_Nuevo;095-163143;Privado_Privado;PH_Unidad_Predial;51;0.30785;51;
L5_46;46;BOYACÁ;SOGAMOSO;6/10/2025; 095-78833;;1,5759E+29;Predio_Nuevo;095-163144;Privado_Privado;PH_Unidad_Predial;33;0.1992;33;
L5_45;45;BOYACÁ;SOGAMOSO;6/10/2025; 095-78833;;1,5759E+29;Predio_Nuevo;095-163142;Privado_Privado;PH_Unidad_Predial;51;0.30785;51;
L5_44;44;BOYACÁ;SOGAMOSO;6/10/2025; 095-78833;;1,5759E+29;Predio_Nuevo;095-163124;Privado_Privado;PH_Unidad_Predial;2.11;0.01011;2.11;
L5_43;43;BOYACÁ;SOGAMOSO;6/10/2025; 095-78833;;1,5759E+29;Predio_Nuevo;095-163227;Privado_Privado;PH_Unidad_Predial;10.6;0.02716;10.6;
L5_42;42;BOYACÁ;SOGAMOSO;6/10/2025; 095-78833;;1,5759E+29;Predio_Nuevo;095-163161;Privado_Privado;PH_Unidad_Predial;33;0.1992;33;
L5_41;41;BOYACÁ;SOGAMOSO;6/10/2025; 095-78833;;1,5759E+29;Predio_Nuevo;095-163206;Privado_Privado;PH_Unidad_Predial;10.6;0.02716;10.6;
L5_40;40;BOYACÁ;SOGAMOSO;6/10/2025; 095-78833;;1,5759E+29;Predio_Nuevo;095-163205;Privado_Privado;PH_Unidad_Predial;10.6;0.02716;10.6;
L5_39;39;BOYACÁ;SOGAMOSO;6/10/2025; 095-78833;;1,5759E+29;Predio_Nuevo;095-163242;Privado_Privado;PH_Unidad_Predial;10.6;0.02716;10.6;
L5_38;38;BOYACÁ;SOGAMOSO;6/10/2025; 095-78833;;1,5759E+29;Predio_Nuevo;095-163241;Privado_Privado;PH_Unidad_Predial;10.6;0.02716;10.6;
L5_37;37;BOYACÁ;SOGAMOSO;6/10/2025; 095-78833;;1,5759E+29;Predio_Nuevo;095-163240;Privado_Privado;PH_Unidad_Predial;10.6;0.02716;10.6;
L5_36;36;BOYACÁ;SOGAMOSO;6/10/2025; 095-78833;;1,5759E+29;Predio_Nuevo;095-163207;Privado_Privado;PH_Unidad_Predial;10.6;0.02716;10.6;
L5_35;35;BOYACÁ;SOGAMOSO;6/10/2025; 095-78833;;1,5759E+29;Predio_Nuevo;095-163239;Privado_Privado;PH_Unidad_Predial;10.6;0.02716;10.6;
L5_34;34;BOYACÁ;SOGAMOSO;6/10/2025; 095-78833;;1,5759E+29;Predio_Nuevo;095-163209;Privado_Privado;PH_Unidad_Predial;10.6;0.02716;10.6;
L5_33;33;BOYACÁ;SOGAMOSO;6/10/2025; 095-78833;;1,5759E+29;Predio_Nuevo;095-163208;Privado_Privado;PH_Unidad_Predial;10.6;0.02716;10.6;
L5_32;32;BOYACÁ;SOGAMOSO;6/10/2025; 095-78833;;1,5759E+29;Predio_Nuevo;095-163230;Privado_Privado;PH_Unidad_Predial;10.6;0.02716;10.6;
L5_31;31;BOYACÁ;SOGAMOSO;6/10/2025; 095-78833;;1,5759E+29;Predio_Nuevo;095-163210;Privado_Privado;PH_Unidad_Predial;10.6;0.02716;10.6;
L5_30;30;BOYACÁ;SOGAMOSO;6/10/2025; 095-78833;;1,5759E+29;Predio_Nuevo;095-163112;Privado_Privado;PH_Unidad_Predial;2.11;0.01011;2.11;
L5_433;433;BOYACÁ;SOGAMOSO;6/10/2025;095-8042;;1,5759E+29;Desenglobe_Venta_Parcial;095-158987;Privado_Privado;NPH;596;;;
L5_433;433;BOYACÁ;SOGAMOSO;6/10/2025;095-8042;;1,5759E+29;Desenglobe_Venta_Parcial;095-158987;Privado_Privado;NPH;596;;;
L5_433;433;BOYACÁ;SOGAMOSO;6/10/2025;095-8042;;1,5759E+29;Desenglobe_Venta_Parcial;095-158987;Privado_Privado;NPH;596;;;
L5_433;433;BOYACÁ;SOGAMOSO;6/10/2025;095-8042;;1,5759E+29;Desenglobe_Venta_Parcial;095-158987;Privado_Privado;NPH;596;;;
L5_433;433;BOYACÁ;SOGAMOSO;6/10/2025;095-8042;;1,5759E+29;Desenglobe_Venta_Parcial;095-158987;Privado_Privado;NPH;596;;;
L5_433;433;BOYACÁ;SOGAMOSO;6/10/2025;095-8042;;1,5759E+29;Desenglobe_Venta_Parcial;095-158987;Privado_Privado;NPH;596;;;
L5_433;433;BOYACÁ;SOGAMOSO;6/10/2025;095-8042;;1,5759E+29;Desenglobe_Venta_Parcial;095-158987;Privado_Privado;NPH;596;;;
L5_433;433;BOYACÁ;SOGAMOSO;6/10/2025;095-8042;;1,5759E+29;Desenglobe_Venta_Parcial;095-158987;Privado_Privado;NPH;596;;;
L5_433;433;BOYACÁ;SOGAMOSO;6/10/2025;095-8042;;1,5759E+29;Desenglobe_Venta_Parcial;095-158987;Privado_Privado;NPH;596;;;
L5_433;433;BOYACÁ;SOGAMOSO;6/10/2025;095-8042;;1,5759E+29;Desenglobe_Venta_Parcial;095-158987;Privado_Privado;NPH;596;;;
L5_433;433;BOYACÁ;SOGAMOSO;6/10/2025;095-8042;;1,5759E+29;Desenglobe_Venta_Parcial;095-158987;Privado_Privado;NPH;596;;;
L5_433;433;BOYACÁ;SOGAMOSO;6/10/2025;095-8042;;1,5759E+29;Desenglobe_Venta_Parcial;095-158987;Privado_Privado;NPH;596;;;
L5_449;449;BOYACÁ;SOGAMOSO;6/10/2025;095-82795;;1,5759E+29;Desenglobe_Division_Material;095-150187;Privado_Privado;PH_Unidad_Predial;52.12;0.3316;52.12;
L5_447;447;BOYACÁ;SOGAMOSO;6/10/2025;095-82795;;1,5759E+29;Desenglobe_Division_Material;095-150186;Privado_Privado;PH_Unidad_Predial;52.94;0.3368;52.94;
L5_448;448;BOYACÁ;SOGAMOSO;6/10/2025;095-82795;;1,5759E+29;Desenglobe_Division_Material;095-150188;Privado_Privado;PH_Unidad_Predial;52.94;0.3368;52.94;
L5_436;436;BOYACÁ;SOGAMOSO;6/10/2025;095-84373;;1,5759E+29;Desenglobe_Division_Material;095-151134;Privado_Privado;PH_Unidad_Predial;58.43;0.2903;58.43;
L5_435;435;BOYACÁ;SOGAMOSO;6/10/2025;095-84373;;1,5759E+29;Desenglobe_Division_Material;095-151133;Privado_Privado;PH_Unidad_Predial;62.02;0.308;62.02;
L5_437;437;BOYACÁ;SOGAMOSO;6/10/2025;095-84373;;1,5759E+29;Desenglobe_Division_Material;095-151135;Privado_Privado;PH_Unidad_Predial;80.86;0.4017;80.86;
L5_473;473;BOYACÁ;SOGAMOSO;6/10/2025;095-85111;;1,5759E+29;Desenglobe_Division_Material;095-162541;Privado_Privado;PH_Unidad_Predial;85.83;0.1532;85.83;
L5_475;475;BOYACÁ;SOGAMOSO;6/10/2025;095-85111;;1,5759E+29;Desenglobe_Division_Material;095-162537;Privado_Privado;PH_Unidad_Predial;11.83;0.0211;11.83;
L5_476;476;BOYACÁ;SOGAMOSO;6/10/2025;095-85111;;1,5759E+29;Desenglobe_Division_Material;095-162539;Privado_Privado;PH_Unidad_Predial;55.27;0.0987;55.27;
L5_477;477;BOYACÁ;SOGAMOSO;6/10/2025;095-85111;;1,5759E+29;Desenglobe_Division_Material;095-162540;Privado_Privado;PH_Unidad_Predial;47.97;0.0856;47.97;
L5_468;468;BOYACÁ;SOGAMOSO;6/10/2025;095-85111;;1,5759E+29;Desenglobe_Division_Material;095-162538;Privado_Privado;PH_Unidad_Predial;65.83;0.141;65.83;
L5_469;469;BOYACÁ;SOGAMOSO;6/10/2025;095-85111;;1,5759E+29;Desenglobe_Division_Material;095-162535;Privado_Privado;PH_Unidad_Predial;52.5;0.1124;52.5;
L5_470;470;BOYACÁ;SOGAMOSO;6/10/2025;095-85111;;1,5759E+29;Desenglobe_Division_Material;095-162534;Privado_Privado;PH_Unidad_Predial;59.6;0.1276;59.6;
L5_471;471;BOYACÁ;SOGAMOSO;6/10/2025;095-85111;;1,5759E+29;Desenglobe_Division_Material;095-162542;Privado_Privado;PH_Unidad_Predial;47.97;0.0856;47.97;
L5_472;472;BOYACÁ;SOGAMOSO;6/10/2025;095-85111;;1,5759E+29;Desenglobe_Division_Material;095-162543;Privado_Privado;PH_Unidad_Predial;85.83;0.1532;85.83;
L5_474;474;BOYACÁ;SOGAMOSO;6/10/2025;095-85111;;1,5759E+29;Desenglobe_Division_Material;095-162536;Privado_Privado;PH_Unidad_Predial;12.11;0.0216;12.11;
L5_438;438;BOYACÁ;SOGAMOSO;6/10/2025;095-88983;;1,5759E+29;Desenglobe_Division_Material;095-164245;Privado_Privado;NPH;109.74;;;
L5_439;439;BOYACÁ;SOGAMOSO;6/10/2025;095-88983;;1,5759E+29;Desenglobe_Division_Material;095-164246;Privado_Privado;NPH;114.3;;;
L5_440;440;BOYACÁ;SOGAMOSO;6/10/2025;095-88983;;1,5759E+29;Desenglobe_Division_Material;095-164279;Publico_Uso_Publico;Bien_Uso_Publico;19.850.000.000.000.000;;;
L5_588;588;CÓRDOBA;SAN BERNARDO DEL VIENTO;6/10/2025;146-15083;;2,3675E+29;Desenglobe_Venta_Parcial;146-58082;Privado_Privado;NPH;2826;;;
L5_488;488;RISARALDA;LA CELIA;6/10/2025;297-3400;;6,6383E+29;Predio_Nuevo;297-3268;Privado_Privado;PH_Unidad_Predial;249.3;0.2116;249.3;
L5_487;487;RISARALDA;LA CELIA;6/10/2025;297-3400;;6,6383E+29;Predio_Nuevo;297-3270;Privado_Privado;PH_Unidad_Predial;20.37;0.0173;20.37;
L5_489;489;RISARALDA;LA CELIA;6/10/2025;297-3400;;6,6383E+29;Predio_Nuevo;297-7064;Privado_Privado;PH_Unidad_Predial;177.78;0.1509;177.78;
L5_486;486;RISARALDA;LA CELIA;6/10/2025;297-3400;;6,6383E+29;Predio_Nuevo;297-3273;Privado_Privado;PH_Unidad_Predial;110.51;0.0938;110.51;
1794951;408;BOYACÁ;SOGAMOSO;6/10/2025;095-95157;;1,5759E+29;Cancelacion_por_Englobe;;;;;;;
1816074;335;BOYACÁ;SOGAMOSO;6/10/2025;095-6467;;1,5759E+29;Cancelacion_por_Englobe;;;;;;;
1797034;446;BOYACÁ;SOGAMOSO;6/10/2025;095-82795;;1,5759E+29;Cambio_Numero_Predial_NPH_a_PH;095-82795;Privado_Privado;PH_Matriz;82;;;
1095234;492;BOLÍVAR;TURBACO;6/10/2025;060-106604;;1,3836E+29;Cancelacion_por_Desenglobe;;;;;;;
1798596;359;BOYACÁ;SOGAMOSO;6/10/2025;095-10897;;1,5759E+29;Cambio_Numero_Predial_NPH_a_PH;095-10897;Privado_Privado;PH_Matriz;290;;;
12339357;496;ATLÁNTICO;TUBARÁ;6/10/2025;040-498846;;8,832E+28;Cambio_Numero_Predial_NPH_a_PH;040-498846;Privado_Privado;PH_Matriz;1821;;;
603914;596;ATLÁNTICO;TUBARÁ;6/10/2025;040-235336;FMI_Debe_Estar_Cerrado;8,832E+28;Cancelacion_por_Englobe;;;;;;;
608959;576;ATLÁNTICO;TUBARÁ;6/10/2025;040-354476;;SIN NPN;Cancelacion_por_Desenglobe;;;;;;;
608959;575;ATLÁNTICO;TUBARÁ;6/10/2025;040-354476;;8,83204E+28;Cambio_Numero_Predial_Condominio_a_NPH;040-354476;Privado_Privado;NPH;300;;;
1795878;467;BOYACÁ;SOGAMOSO;6/10/2025;095-85111;;1,5759E+29;Cambio_Numero_Predial_NPH_a_PH;095-85111;Privado_Privado;PH_Matriz;270;;;
1795809-4927;294;BOYACÁ;SOGAMOSO;6/10/2025; 095-78833;;1,5759E+29;Predio_Nuevo;095-163236;Privado_Privado;PH_Unidad_Predial;10.6;0.02716;10.6;
1533298;303;BOYACÁ;MONIQUIRA;6/10/2025;083-25791;;1,5469E+29;Cancelacion_por_Desenglobe;;;;;;;
1812776;400;BOYACÁ;SOGAMOSO;6/10/2025;095-153039;;1,5759E+29;Cambio_Numero_Predial_NPH_a_PH;095-153039;Privado_Privado;PH_Matriz;172.74;;;
1806008;457;BOYACÁ;SOGAMOSO;6/10/2025;095-101779;;1,5759E+29;Cambio_Numero_Predial_NPH_a_PH;095-101779;Privado_Privado;PH_Matriz;120.2;;;
1642057;3;BOYACÁ;RAMIRIQUÍ;6/10/2025;090-13469;FMI_Debe_Estar_Cerrado;1,5599E+29;Cancelacion_por_Desenglobe;;;;;;;
603412;529;ATLÁNTICO;TUBARÁ;6/10/2025;040-14002;;8,832E+28;Cancelacion_por_Desenglobe;;;;;;;
1760888;4;BOYACÁ;SOGAMOSO;6/10/2025; 095-78833;;1,5759E+29;Cambio_Numero_Predial_NPH_a_PH;095-78833;Privado_Privado;PH_Matriz;20000;;;
1784433;351;BOYACÁ;SOGAMOSO;6/10/2025;095-1043;;1,5759E+29;Cambio_Numero_Predial_NPH_a_PH;095-1043;Privado_Privado;PH_Matriz;384;;;
4764952;593;META;GRANADA;6/10/2025;236-33493;FMI_Debe_Estar_Cerrado;5,0313E+29;Cancelacion_por_Englobe;;;;;;;
1806419;395;BOYACÁ;SOGAMOSO;6/10/2025;095-141862;;1,5759E+29;Cambio_Numero_Predial_NPH_a_PH;095-141862;Privado_Privado;PH_Matriz;77.44;;;
1816589;424;BOYACÁ;SOGAMOSO;6/10/2025;095-2648;;1,5759E+29;Cancelacion_por_Desenglobe;;;;;;;
1817463;429;BOYACÁ;SOGAMOSO;6/10/2025;095-78502;;1,5759E+29;Cambio_Numero_Predial_NPH_a_PH;095-78502;Privado_Privado;PH_Matriz;121.44;;;
1814885;355;BOYACÁ;SOGAMOSO;6/10/2025;095-108476;;1,5759E+29;Cambio_Numero_Predial_NPH_a_PH;095-108476;Privado_Privado;PH_Matriz;142;;;
609047;523;ATLÁNTICO;TUBARÁ;6/10/2025;040-625172;;8,83204E+28;Cambio_Numero_Predial_NPH_a_PH;040-625172;Privado_Privado;PH_Matriz;223;;;
4766548;589;META;GRANADA;6/10/2025;236-41846;FMI_Debe_Estar_Cerrado;5,0313E+29;Cancelacion_por_Englobe;;;;;;;
13517707;463;BOYACÁ;SOGAMOSO;6/10/2025;095-105769;;1,5759E+29;Cancelacion_por_Englobe;;;;;;;
13517715;462;BOYACÁ;SOGAMOSO;6/10/2025;095-105768;;1,5759E+29;Cancelacion_por_Englobe;;;;;;;
1816417;441;BOYACÁ;SOGAMOSO;6/10/2025;095-88983;;1,5759E+29;Cancelacion_por_Desenglobe;;;;;;;
1542800;297;BOYACÁ;MONIQUIRA;6/10/2025;083-33338;;1,5469E+29;Cambio_Numero_Predial_NPH_a_PH;083-33338;Privado_Privado;PH_Matriz;135.03;;;
1642804;3;BOYACÁ;RAMIRIQUÍ;6/10/2025;090-13469;FMI_Debe_Estar_Cerrado;1,5599E+29;Cancelacion_por_Desenglobe;;;;;;;
603807;518;ATLÁNTICO;TUBARÁ;6/10/2025;040-477728;FMI_Debe_Estar_Cerrado;8,832E+28;Cancelacion_por_Desenglobe;;;;;;;
604039;595;ATLÁNTICO;TUBARÁ;6/10/2025;040-370206;FMI_Debe_Estar_Cerrado;8,832E+28;Cancelacion_por_Englobe;;;;;;;
1769691;313;BOYACÁ;SOGAMOSO;6/10/2025;095-136846;;1,5759E+29;Cancelacion_por_Desenglobe;;;;;;;
1781909;375;BOYACÁ;SOGAMOSO;6/10/2025;095-124127;;1,5759E+29;Cambio_Numero_Predial_NPH_a_PH;095-124127;Privado_Privado;PH_Matriz;130.55;;;
1786228;485;BOYACÁ;SOGAMOSO;6/10/2025;095-17241;;1,5759E+29;Cancelacion_por_Desenglobe;;;;;;;
13510092;387;BOYACÁ;SOGAMOSO;6/10/2025;095-139903;;1,5759E+29;Cambio_Numero_Predial_NPH_a_PH;095-139903;Privado_Privado;PH_Matriz;197.50;;;
13524295;374;BOYACÁ;SOGAMOSO;6/10/2025;095-119154;FMI_Debe_Estar_Cerrado;1,5759E+29;Cancelacion_por_Desenglobe;;;;;;;
603799;597;ATLÁNTICO;TUBARÁ;6/10/2025;040-353104;FMI_Debe_Estar_Cerrado;8,832E+28;Cancelacion_por_Englobe;;;;;;;
4766547;591;META;GRANADA;6/10/2025;236-41845;FMI_Debe_Estar_Cerrado;5,0313E+29;Cancelacion_por_Englobe;;;;;;;
13513014;326;BOYACÁ;SOGAMOSO;6/10/2025;095-146262;;1,5759E+29;Cancelacion_por_Desenglobe;;;;;;;
13514684;350;BOYACÁ;SOGAMOSO;6/10/2025;095-152856;;1,5759E+29;Cancelacion_por_Desenglobe;;;;;;;
1790203;366;BOYACÁ;SOGAMOSO;6/10/2025;095-109063;;1,5759E+29;Cancelacion_por_Desenglobe;;;;;;;
1794953;410;BOYACÁ;SOGAMOSO;6/10/2025;095-95154;;1,5759E+29;Cancelacion_por_Englobe;;;;;;;
1810046;382;BOYACÁ;SOGAMOSO;6/10/2025;095-13719;;1,5759E+29;Cancelacion_por_Desenglobe;;;;;;;
604139;508;ATLÁNTICO;TUBARÁ;6/10/2025;040-477294;FMI_Debe_Estar_Cerrado;8,832E+28;Cancelacion_por_Desenglobe;;;;;;;
1770472;482;BOYACÁ;SOGAMOSO;6/10/2025;095-109860;;1,5759E+29;Cancelacion_por_Englobe;;;;;;;
13511128;454;BOYACÁ;SOGAMOSO;6/10/2025;095-138809;;1,5759E+29;Cambio_Numero_Predial_NPH_a_PH;095-138809;Privado_Privado;PH_Matriz;84.51;;;
1794952;409;BOYACÁ;SOGAMOSO;6/10/2025;095-95150;;1,5759E+29;Cancelacion_por_Englobe;;;;;;;
1810045;386;BOYACÁ;SOGAMOSO;6/10/2025;095-124152;;1,5759E+29;Cancelacion_por_Englobe;;;;;;;
1807007;450;BOYACÁ;SOGAMOSO;6/10/2025;095-34287;;1,5759E+29;Cambio_Numero_Predial_NPH_a_PH;095-34287;Privado_Privado;PH_Matriz;232;;;
13277822;579;BOLÍVAR;TURBACO;6/10/2025;060-316213;;1,3836E+29;Cancelacion_por_Desenglobe;;;;;;;
1814757;304;BOYACÁ;SOGAMOSO;6/10/2025;095-72918;;1,5759E+29;Cambio_Numero_Predial_NPH_a_PH;095-72918;Privado_Privado;PH_Matriz;3200;;;
13518095;370;BOYACÁ;SOGAMOSO;6/10/2025;095-118434;;1,5759E+29;Cancelacion_por_Desenglobe;;;;;;;
1795240;415;BOYACÁ;SOGAMOSO;6/10/2025;095-17529;;1,5759E+29;Cambio_Numero_Predial_NPH_a_PH;095-17529;Privado_Privado;PH_Matriz;167.23;;;
1816255;314;BOYACÁ;SOGAMOSO;6/10/2025;095-36559;;1,5759E+29;Cambio_Numero_Predial_NPH_a_PH;095-36559;Privado_Privado;PH_Matriz;405;;;
1816070;334;BOYACÁ;SOGAMOSO;6/10/2025;095-3536;;1,5759E+29;Cancelacion_por_Englobe;;;;;;;
1814673;434;BOYACÁ;SOGAMOSO;6/10/2025;095-84373;;1,5759E+29;Cambio_Numero_Predial_NPH_a_PH;095-84373;Privado_Privado;PH_Matriz;93.55;;;
1813713;464;BOYACÁ;SOGAMOSO;6/10/2025;095-107490;;1,5759E+29;Cambio_Numero_Predial_NPH_a_PH;095-107490;Privado_Privado;PH_Matriz;140;;;
604221;501;ATLÁNTICO;TUBARÁ;6/10/2025;040-302797;;8,832E+28;Cambio_Numero_Predial_NPH_a_PH;040-302797;Privado_Privado;PH_Matriz;4126;;;
1786378;420;BOYACÁ;SOGAMOSO;6/10/2025;095-22133;;1,5759E+29;Cancelacion_por_Desenglobe;;;;;;;
607937;534;ATLÁNTICO;TUBARÁ;6/10/2025;040-593565;FMI_Debe_Estar_Cerrado;8,83204E+28;Cancelacion_por_Desenglobe;;;;;;;
13515175;391;BOYACÁ;SOGAMOSO;6/10/2025;095-142171;;1,5759E+29;Cambio_Numero_Predial_NPH_a_PH;095-142171;Privado_Privado;PH_Matriz;71.599.999.999.999.900;;;
13516352;323;BOYACÁ;SOGAMOSO;6/10/2025;095-157132;;1,5759E+29;Cancelacion_por_Desenglobe;;;;;;;
13518262;445;BOYACÁ;SOGAMOSO;6/10/2025;095-75408;;1,5759E+29;Cambio_Numero_Predial_NPH_a_Bien_Uso_Publico;095-75408;Publico_Uso_Publico;Bien_Uso_Publico;21.5;;;
13518302;345;BOYACÁ;SOGAMOSO;6/10/2025;095-156290;;1,5759E+29;Cancelacion_por_Desenglobe;;;;;;;
L5_582;582;BOLÍVAR;TURBACO;6/10/2025;060-363865;;SIN NPN;Cancelacion_por_Desenglobe;;;;;;;
L5_582;580;BOLÍVAR;TURBACO;6/10/2025;060-316213;;1,3836E+29;Desenglobe_Division_Material;060-363865;Privado_Privado;NPH;41.955.042.999.999.900;;;
L5_414;414;BOYACÁ;SOGAMOSO;6/10/2025;095-160406;;SIN NPN;Cancelacion_por_Desenglobe;;;;;;;
L5_414;407;BOYACÁ;SOGAMOSO;6/10/2025;095-95154;;1,5759E+29;Englobe_Nuevo_FMI;095-160406;Privado_Privado;NPH;375.38;;;
L5_414;406;BOYACÁ;SOGAMOSO;6/10/2025;095-95150;;1,5759E+29;Englobe_Nuevo_FMI;095-160406;Privado_Privado;NPH;375.38;;;
L5_414;405;BOYACÁ;SOGAMOSO;6/10/2025;095-95157;;1,5759E+29;Englobe_Nuevo_FMI;095-160406;Privado_Privado;NPH;375.38;;;
L5_340;340;BOYACÁ;SOGAMOSO;6/10/2025;095-156280;;SIN NPN;Cancelacion_por_Desenglobe;;;;;;;
L5_340;333;BOYACÁ;SOGAMOSO;6/10/2025;095-6467;;1,5759E+29;Englobe_Nuevo_FMI;095-156280;Privado_Privado;NPH;2059;;;
L5_340;332;BOYACÁ;SOGAMOSO;6/10/2025;095-3536;;1,5759E+29;Englobe_Nuevo_FMI;095-156280;Privado_Privado;NPH;2059;;;
L5_481;481;BOYACÁ;SOGAMOSO;6/10/2025;095-110422;;SIN NPN;Cancelacion_por_Englobe;;;;;;;
L5_481;478;BOYACÁ;SOGAMOSO;6/10/2025;095-109860;;1,5759E+29;Desenglobe_Venta_Parcial;095-110422;Privado_Privado;NPH;1768.5;;;
L5_479;481;BOYACÁ;SOGAMOSO;6/10/2025;095-110422;;SIN NPN;Cancelacion_por_Englobe;;;;;;;
L5_479;478;BOYACÁ;SOGAMOSO;6/10/2025;095-109860;;1,5759E+29;Desenglobe_Venta_Parcial;095-110422;Privado_Privado;NPH;1768.5;;;
L5_385;385;BOYACÁ;SOGAMOSO;6/10/2025;095-163839;;SIN NPN;Cancelacion_por_Englobe;;;;;;;
L5_385;381;BOYACÁ;SOGAMOSO;6/10/2025;095-13719;;1,5759E+29;Desenglobe_Division_Material;095-163839;Privado_Privado;NPH;38.85;;;
L5_383;385;BOYACÁ;SOGAMOSO;6/10/2025;095-163839;;SIN NPN;Cancelacion_por_Englobe;;;;;;;
L5_383;381;BOYACÁ;SOGAMOSO;6/10/2025;095-13719;;1,5759E+29;Desenglobe_Division_Material;095-163839;Privado_Privado;NPH;38.85;;;
L5_594;594;META;GRANADA;6/10/2025;236-33493;;5,0313E+29;Englobe_Nuevo_FMI;236-67049;Privado_Privado;NPH;369,55 ;;;
L5_594;592;META;GRANADA;6/10/2025;236-41845;;5,0313E+29;Englobe_Nuevo_FMI;236-67049;Privado_Privado;NPH;369.55;;;
L5_594;590;META;GRANADA;6/10/2025;236-41846;;5,0313E+29;Englobe_Nuevo_FMI;236-67049;Privado_Privado;NPH;369.55;;;
L5_461;461;BOYACÁ;SOGAMOSO;6/10/2025;095-105769;;1,5759E+29;Englobe_Nuevo_FMI;095-155772;Privado_Privado;NPH;81;;;
L5_461;460;BOYACÁ;SOGAMOSO;6/10/2025;095-105768;;1,5759E+29;Englobe_Nuevo_FMI;095-155772;Privado_Privado;NPH;81;;;
L5_600;600;ATLÁNTICO;TUBARÁ;6/10/2025;040-353104;;8,832E+28;Englobe_Nuevo_FMI;040-639479;Privado_Privado;NPH;480637.8;;;
L5_600;599;ATLÁNTICO;TUBARÁ;6/10/2025;040-235336;;8,832E+28;Englobe_Nuevo_FMI;040-639479;Privado_Privado;NPH;480637.8;;;
L5_600;598;ATLÁNTICO;TUBARÁ;6/10/2025;040-370206;;8,832E+28;Englobe_Nuevo_FMI;040-639479;Privado_Privado;NPH;480637.8;;;
L5_480;480;BOYACÁ;SOGAMOSO;6/10/2025;095-109860;;1,5759E+29;Englobe_Nuevo_FMI;095-166877;Privado_Privado;NPH;5087;;;
L5_480;479;BOYACÁ;SOGAMOSO;6/10/2025;095-110422;;SIN NPN;Englobe_Nuevo_FMI;095-166877;Privado_Privado;NPH;5087;;;
L5_384;384;BOYACÁ;SOGAMOSO;6/10/2025;095-124152;;1,5759E+29;Englobe_Nuevo_FMI;095-163841;Privado_Privado;NPH;218.85;;;
L5_384;383;BOYACÁ;SOGAMOSO;6/10/2025;095-163839;;SIN NPN;Englobe_Nuevo_FMI;095-163841;Privado_Privado;NPH;218.85;;;
L5_490;490;RISARALDA;APÍA;6/10/2025;0;;SIN NPN;Predio_Nuevo;292-9060;Publico_Uso_Publico;Bien_Uso_Publico;77;;;
L5_491;491;RISARALDA;APÍA;6/10/2025;0;;SIN NPN;Predio_Nuevo;292-9062;Publico_Uso_Publico;Bien_Uso_Publico;65;;;
L5_533;533;ATLÁNTICO;TUBARÁ;6/10/2025;040-14002;;8,832E+28;Desenglobe_Division_Material;040-676619;Privado_Privado;NPH;2061;;;
L5_532;532;ATLÁNTICO;TUBARÁ;6/10/2025;040-14002;;8,832E+28;Desenglobe_Division_Material;040-676617;Privado_Privado;NPH;57860;;;
L5_530;530;ATLÁNTICO;TUBARÁ;6/10/2025;040-14002;;8,832E+28;Desenglobe_Division_Material;040-676620;Privado_Privado;NPH;383000;;;
L5_531;531;ATLÁNTICO;TUBARÁ;6/10/2025;040-14002;;8,832E+28;Desenglobe_Division_Material;040-676618;Privado_Privado;NPH;57860;;;
L5_522;522;ATLÁNTICO;TUBARÁ;6/10/2025;040-225171;;8,832E+28;Desenglobe_Venta_Parcial;040-478404;Privado_Privado;NPH;84.765.400.000.000.000;;;
L5_502;502;ATLÁNTICO;TUBARÁ;6/10/2025;040-302797;;8,832E+28;Desenglobe_Division_Material;040-530875;Privado_Privado;PH_Unidad_Predial;389.62;0.1525;389.62;
L5_504;504;ATLÁNTICO;TUBARÁ;6/10/2025;040-302797;;8,832E+28;Desenglobe_Division_Material;040-530873;Privado_Privado;PH_Unidad_Predial;451.21;0.17620000000000002;451.21;
L5_505;505;ATLÁNTICO;TUBARÁ;6/10/2025;040-302797;;8,832E+28;Desenglobe_Division_Material;040-530872;Privado_Privado;PH_Unidad_Predial;499.66;0.19519999999999998;499.66;
L5_506;506;ATLÁNTICO;TUBARÁ;6/10/2025;040-302797;;8,832E+28;Desenglobe_Division_Material;040-530871;Privado_Privado;PH_Unidad_Predial;436.64;0.1705;436.64;
L5_507;507;ATLÁNTICO;TUBARÁ;6/10/2025;040-302797;;8,832E+28;Desenglobe_Division_Material;040-530870;Privado_Privado;PH_Unidad_Predial;384.83;0.1503;384.83;
L5_503;503;ATLÁNTICO;TUBARÁ;6/10/2025;040-302797;;8,832E+28;Desenglobe_Division_Material;040-530874;Privado_Privado;PH_Unidad_Predial;397.67;0.1553;397.67;
L5_578;578;ATLÁNTICO;TUBARÁ;6/10/2025;040-354476;;SIN NPN;Desenglobe_Division_Material;040-666350;Privado_Privado;NPH;150.01;;;
L5_577;577;ATLÁNTICO;TUBARÁ;6/10/2025;040-354476;;SIN NPN;Desenglobe_Division_Material;040-666351;Privado_Privado;NPH;149.99;;;
L5_560;560;ATLÁNTICO;TUBARÁ;6/10/2025;040-406198;;8,832E+28;Desenglobe_Venta_Parcial;040-653368;Privado_Privado;NPH;500;;;
L5_559;559;ATLÁNTICO;TUBARÁ;6/10/2025;040-406198;;8,832E+28;Desenglobe_Venta_Parcial;040-653367;Privado_Privado;NPH;439.4;;;
L5_558;558;ATLÁNTICO;TUBARÁ;6/10/2025;040-406198;;8,832E+28;Desenglobe_Venta_Parcial;040-653382;Privado_Privado;NPH;299.2;;;
L5_557;557;ATLÁNTICO;TUBARÁ;6/10/2025;040-406198;;8,832E+28;Desenglobe_Venta_Parcial;040-653375;Privado_Privado;NPH;500;;;
L5_556;556;ATLÁNTICO;TUBARÁ;6/10/2025;040-406198;;8,832E+28;Desenglobe_Venta_Parcial;040-653355;Privado_Privado;NPH;63.320.000.000.000.000;;;
L5_554;554;ATLÁNTICO;TUBARÁ;6/10/2025;040-406198;;8,832E+28;Desenglobe_Venta_Parcial;040-653376;Privado_Privado;NPH;500;;;
L5_553;553;ATLÁNTICO;TUBARÁ;6/10/2025;040-406198;;8,832E+28;Desenglobe_Venta_Parcial;040-653374;Privado_Privado;NPH;558.6;;;
